Price,Close,High,Low,Open,Volume
Ticker,AAPL,AAPL,AAPL,AAPL,AAPL
Date,,,,,
2014-01-02,17.110132217407227,17.230772344588154,17.075796714937855,17.18901268179847,234684800
2014-01-03,16.734291076660156,17.12776160220259,16.71727696548791,17.101778697015956,392467600
2014-01-06,16.825550079345703,16.914327793602435,16.506008789405282,16.625102658304364,412610800
2014-01-07,16.70521354675293,16.888337846615133,16.639635127395696,16.837607745304627,317209200
2014-01-08,16.811006546020508,16.875965464131422,16.663455091835864,16.66716551959907,258529600
2014-01-09,16.59632682800293,16.916176898266297,16.56013446730561,16.914320032581443,279148800
2014-01-10,16.485584259033203,16.728719654808263,16.42897629251968,16.698714095484583,304976000
2014-01-13,16.571889877319336,16.781307647601537,16.39092972949508,16.391858162318798,378492800
2014-01-14,16.901636123657227,16.91215285392977,16.631587768217237,16.648910802090604,332561600
2014-01-15,17.24097442626953,17.328825308868378,17.064654807258385,17.122191204624826,391638800
2014-01-16,17.144779205322266,17.225205961028266,17.065279230693232,17.164885894248766,229278000
2014-01-17,16.72469711303711,17.07733633040607,16.70087835431873,17.05908651576035,426739600
2014-01-21,16.98454475402832,17.015477104170046,16.71697100441527,16.73460297264122,328526800
2014-01-22,17.060022354125977,17.238815107548167,16.94556902224167,17.041461952519185,379985200
2014-01-23,17.204477310180664,17.21437618971807,16.852766419700902,17.011454115249073,403239200
2014-01-24,16.891740798950195,17.18715260951153,16.8509079248057,17.137040362705722,429354800
2014-01-27,17.02876853942871,17.16178220079994,16.88183664941904,17.01546816450075,554878800
2014-01-28,15.667705535888672,15.930636970874618,15.53066922314587,15.737613863049734,1065523200
2014-01-29,15.489847183227539,15.694626152405277,15.423959822064267,15.588834340501117,502810000
2014-01-30,15.459840774536133,15.667713958732682,15.364567354796808,15.5452169658997,678501600
2014-01-31,15.485196113586426,15.513964303671047,15.267116910836306,15.317538062184227,464797200
2014-02-03,15.513973236083984,15.705760729734424,15.444993307945559,15.54738195568028,401464000
2014-02-04,15.738548278808594,15.75927447154568,15.552020804254822,15.64760479800383,376681200
2014-02-05,15.856090545654297,15.939300911855986,15.659973183521492,15.669563133208815,328344800
2014-02-06,15.948513984680176,15.979322365652049,15.80225643932412,15.872274127247625,257765200
2014-02-07,16.171632766723633,16.272767948727857,16.10006119909248,16.224534502218802,370280400
2014-02-10,16.461345672607422,16.55470147970671,16.11935403853627,16.139891850764933,345559200
2014-02-11,16.67824363708496,16.733944022545927,16.47721636574801,16.511759047207796,282256800
2014-02-12,16.676990509033203,16.790262538722736,16.59359452144773,16.709043644932468,308100800
2014-02-13,16.941823959350586,16.95489318060396,16.62348106276523,16.637795050895352,307398000
2014-02-14,16.928117752075195,16.990045275369283,16.8416106707874,16.88081830649988,272924400
2014-02-18,16.990360260009766,17.15217489259893,16.978534149258646,16.990671036107358,260251600
2014-02-19,16.72212028503418,17.01836803936446,16.628142915087988,16.951773868198124,313768000
2014-02-20,16.528562545776367,16.710605883796063,16.46165760140042,16.585820135537023,305858000
2014-02-21,16.344961166381836,16.634985031770317,16.324734131916536,16.579593769036894,278784800
2014-02-24,16.41653060913086,16.490282578540914,16.256894772147398,16.279611335982317,288909600
2014-02-25,16.245695114135742,16.479393743099912,16.212709639792077,16.473482349899566,231952000
2014-02-26,16.099132537841797,16.337188764464123,16.04467524196025,16.293934368714947,276217200
2014-02-27,16.420270919799805,16.45481193873651,16.058673782566927,16.09259324929605,301882000
2014-02-28,16.37577247619629,16.57835363318347,16.24756320166998,16.464147564878598,371968800
2014-03-03,16.42306900024414,16.513001277242424,16.269032097443755,16.288014365763864,238781200
2014-03-04,16.531362533569336,16.574929354642386,16.4233819639565,16.523895597575393,259140000
2014-03-05,16.56622314453125,16.640595055719437,16.46570946750565,16.521413199695,200062800
2014-03-06,16.516111373901367,16.63093896704357,16.433647698738316,16.57959278187957,185488800
2014-03-07,16.506479263305664,16.554401965710884,16.369868982392514,16.526706313207658,220729600
2014-03-10,16.521408081054688,16.596403183387462,16.44112147480339,16.441744688989772,178584000
2014-03-11,16.68228530883789,16.764748992990302,16.573370758160493,16.662370711353038,279224400
2014-03-12,16.698467254638672,16.721494598584513,16.55501168814004,16.633119521433244,199326400
2014-03-13,16.513002395629883,16.793378926941763,16.466635268856987,16.72429689376271,257742800
2014-03-14,16.327543258666992,16.52047711080556,16.27495228124456,16.455127690227116,237199200
2014-03-17,16.391328811645508,16.49184077314359,16.3636331793974,16.421203200201884,199544800
2014-03-18,16.536346435546875,16.554083945267156,16.343412585790784,16.365195171746343,209647200
2014-03-19,16.531993865966797,16.686963193694535,16.461665365507997,16.563113039157663,224756000
2014-03-20,16.452322006225586,16.57586298304866,16.41031239039318,16.48935255690118,208398400
2014-03-21,16.58208656311035,16.60947142380225,16.37857307417913,16.55283538377802,374046400
2014-03-24,16.778757095336914,16.819521950207786,16.650237036560398,16.75479575661425,355700800
2014-03-25,16.959243774414062,16.982894337737964,16.79120362197433,16.850641637382903,282293200
2014-03-26,16.79711151123047,17.084024282419488,16.76848355265457,17.006850445638513,299768000
2014-03-27,16.724924087524414,16.850643857749567,16.65210773107857,16.804587491523762,222031600
2014-03-28,16.70624542236328,16.770971598744435,16.625026510356623,16.751678554822984,200564000
2014-03-31,16.7025146484375,16.8291667070271,16.677306885250907,16.779999270722026,168669200
2014-04-01,16.85530662536621,16.86215367135132,16.703448452080956,16.73425517330085,200760000
2014-04-02,16.88331413269043,16.912254537184985,16.81205333078839,16.878024290752553,180420800
2014-04-03,16.766307830810547,16.881756999872728,16.73052204516225,16.84721598055753,162344000
2014-04-04,16.54941177368164,16.803960683472724,16.510825677541288,16.79804928955545,275251200
2014-04-07,16.289575576782227,16.520786399475462,16.240409789581193,16.431164867350322,289850400
2014-04-08,16.288644790649414,16.372042497752773,16.141142429365317,16.34310208741644,243888400
2014-04-09,16.50273895263672,16.50802879540999,16.244455690065102,16.263748742140166,206169600
2014-04-10,16.28988265991211,16.56247980452374,16.280235306583265,16.513933923716007,239652000
2014-04-11,16.16945457458496,16.26965575960938,16.09259150909843,16.150470643837878,271717600
2014-04-14,16.23387336730957,16.248808902741715,16.094773625445207,16.240718751803282,205674000
2014-04-15,16.118114471435547,16.232629679876776,15.911798968624062,16.189998499327412,266490000
2014-04-16,16.15078353881836,16.215509720358057,15.9992361598566,16.120909149536576,214765600
2014-04-17,16.33531379699707,16.42306897954934,16.156694009376146,16.18158933235609,284334400
2014-04-21,16.52918815612793,16.559371666881383,16.304822730003615,16.347766344025704,182548800
2014-04-22,16.54567527770996,16.549720352053242,16.383859008746615,16.440182597312024,202563200
2014-04-23,16.329408645629883,16.52794476751907,16.32007206499175,16.463529341115706,394940000
2014-04-24,17.668119430541992,17.737513903905114,17.449045551980817,17.681811859559108,759911600
2014-04-25,17.797889709472656,17.799443590412977,17.54956457806681,17.567300425548193,390275200
2014-04-28,18.487157821655273,18.53881479238126,17.816865292331496,17.824646328169063,669485600
2014-04-29,18.432390213012695,18.545973074003655,18.34463667129193,18.476267814825313,337377600
2014-04-30,18.362686157226562,18.653333325194748,18.35366201536396,18.44203877705265,456640800
2014-05-01,18.405935287475586,18.509247546759692,18.24660855543075,18.422115584369177,244048000
2014-05-02,18.440168380737305,18.49058224952968,18.35085930227897,18.43270144444312,191514400
2014-05-05,18.70094108581543,18.70218751408408,18.359883411520904,18.36424092474811,287067200
2014-05-06,18.49711036682129,18.808293539711123,18.49711036682129,18.727074640182167,374564400
2014-05-07,18.432390213012695,18.586737928744267,18.28924539531229,18.523256501805463,282864400
2014-05-08,18.399534225463867,18.600430931454202,18.349779652453318,18.407669562741017,230297200
2014-05-09,18.32286834716797,18.34508510408532,18.15983405065607,18.291575374903985,291597600
2014-05-12,18.55098533630371,18.57695724520641,18.381067452146844,18.383885072532273,213208800
2014-05-13,18.58009147644043,18.60449916238883,18.484339146820464,18.525017509276474,159737200
2014-05-14,18.583532333374023,18.69399444022596,18.516880389176382,18.538472122973577,166404000
2014-05-15,18.42550277709961,18.668956210186177,18.401095098535187,18.609502079915185,230846000
2014-05-16,18.697431564331055,18.698056588019583,18.31848170740069,18.419555056818115,276256400
2014-05-19,18.918981552124023,19.004721770632962,18.691798801040825,18.70807114306639,317755200
2014-05-20,18.922740936279297,18.975623970696134,18.798197412803116,18.916482341794055,234836000
2014-05-21,18.97280502319336,18.985008027121378,18.839813671565366,18.895200135025007,196859600
2014-05-22,19.00284767150879,19.08358270506476,18.90365270873197,18.981882633298074,200760000
2014-05-23,19.217512130737305,19.23628791313253,18.977813824645,19.00222150616545,232209600
2014-05-27,19.577373504638672,19.58456963440153,19.264450487087355,19.272273311848142,348866000
2014-05-28,19.526674270629883,19.708795128496703,19.519476471692194,19.5895710342284,315481600
2014-05-29,19.88247299194336,19.92909910205374,19.64433890828498,19.646842346024957,376474000
2014-05-30,19.80799674987793,20.15753044454473,19.67969808204498,19.963831559611904,564020800
2014-06-02,19.6718692779541,19.865255592206996,19.47942217029491,19.838031970478486,369350800
2014-06-03,19.950061798095703,19.987613359787737,19.65935722720603,19.665928332705498,292709200
2014-06-04,20.177871704101562,20.27393987276232,19.905316190575398,19.946935424676944,335482000
2014-06-05,20.257036209106445,20.320247161216756,20.10871173671859,20.22105055365511,303805600
2014-06-06,20.201339721679688,20.379394635656645,20.166919960752097,20.33683619558177,349938400
2014-06-09,20.52459716796875,20.56402549106555,20.097458393742887,20.305551299917056,301660000
2014-06-10,20.645065307617188,20.820302604697645,20.496114106454815,20.750208020102807,251108000
2014-06-11,20.559640884399414,20.75678245745669,20.47421314793909,20.6187825207231,182724000
2014-06-12,20.215736389160156,20.616590590496042,20.1303086637852,20.599066526012265,218996000
2014-06-13,19.99449348449707,20.248587327334622,19.906874860374252,20.19601515014918,218100000
2014-06-16,20.196027755737305,20.316503648000907,20.031743359661824,20.044887247755227,142244000
2014-06-17,20.169740676879883,20.3055480235994,20.108408111111448,20.220120282538065,118904000
2014-06-18,20.191631317138672,20.215726476191893,20.009822997441095,20.211344626626243,134056000
2014-06-19,20.121549606323242,20.217930304046224,20.007644841525714,20.21573937786515,142112000
2014-06-20,19.9134578704834,20.272692909949075,19.911266944178077,20.119359821131653,403592000
2014-06-23,19.89592933654785,20.068975709709612,19.84554806995676,20.00326130479719,174776000
2014-06-24,19.775449752807617,20.095256342578587,19.755736437766004,19.878401521188728,156144000
2014-06-25,19.792978286743164,19.867453055313167,19.63745597191745,19.760121083061833,147476000
2014-06-26,19.9112606048584,19.944117804228753,19.67031059478677,19.79516661544485,130516000
2014-06-27,20.14783477783203,20.152214958805168,19.882787871316282,19.893740830529538,256116000
2014-06-30,20.355924606323242,20.531161900554732,20.171925280261508,20.174116206015743,197929200
2014-07-01,20.485164642333984,20.605640513521692,20.399736905014336,20.485164642333984,152892000
2014-07-02,20.476398468017578,20.603443739261163,20.390969083759266,20.561826181089355,113860000
2014-07-03,20.596878051757812,20.612211192209497,20.415069621268575,20.518021423381445,91567200
2014-07-07,21.02182960510254,21.026209786595395,20.612213281254448,20.620975315427295,225872000
2014-07-08,20.886022567749023,21.203640069757473,20.572786918837128,21.087544359320887,260888000
2014-07-09,20.894779205322266,21.017444321342865,20.756780949799094,20.90573216404705,145744000
2014-07-10,20.8181095123291,20.9298233193713,20.485159016764342,20.53773120312923,158744000
2014-07-11,20.857540130615234,21.00430040699693,20.778683513505456,20.88820640713718,136072000
2014-07-14,21.126964569091797,21.223345245960996,20.95172894982294,20.997728362550514,171240000
2014-07-15,20.879446029663086,21.214585843343908,20.81592254578046,21.20363455582496,181911600
2014-07-16,20.761159896850586,21.26934606740592,20.752397864628815,21.240870716075243,213585200
2014-07-17,20.390966415405273,20.870677103869376,20.27706336994372,20.815915670800372,229192000
2014-07-18,20.68449592590332,20.75239959229165,20.375640531323686,20.50706935440509,199952000
2014-07-21,20.577159881591797,20.80934785977378,20.528969545474048,20.807156934172088,156316000
2014-07-22,20.748018264770508,20.785255649365094,20.61659112013933,20.73925623230352,220788000
2014-07-23,21.289060592651367,21.440201049411705,20.846587166644802,20.901348613444554,371672000
2014-07-24,21.254003524780273,21.317526976891486,21.12038551709566,21.256194449663013,182916000
2014-07-25,21.394197463989258,21.4314348394691,21.168580614546624,21.214580020348738,173876000
2014-07-28,21.689910888671875,21.73810122430328,21.36791501830911,21.427056639465295,221272000
2014-07-29,21.549720764160156,21.781910400747233,21.521245417651976,21.75781523401474,172572000
2014-07-30,21.499345779418945,21.6198199676885,21.394203059240013,21.562869262478966,132040000
2014-07-31,20.940776824951172,21.34601119515419,20.881635198003654,21.282489387805153,227372000
2014-08-01,21.056873321533203,21.164206972747305,20.767732916326462,20.787447908438267,194044000
2014-08-04,20.938581466674805,21.1554379523451,20.846582657037548,21.109438547526473,159832000
2014-08-05,20.835630416870117,20.958295490758882,20.669155194316584,20.888200924081545,223732000
2014-08-06,20.80059051513672,20.91449527547649,20.745829061062164,20.754591094256526,154232000
2014-08-07,20.79838752746582,21.121985064390376,20.71473502392806,20.89744775802445,186844000
2014-08-08,20.85562515258789,20.87323638583276,20.53422770361742,20.749961112117962,167460000
2014-08-11,21.130786895751953,21.150599946015525,20.87763096582242,20.97228921163958,146340000
2014-08-12,21.126386642456055,21.326708907598295,21.047137793971448,21.141796047466997,135180000
2014-08-13,21.405961990356445,21.405961990356445,21.14180022948719,21.16601525350848,127664000
2014-08-14,21.463193893432617,21.478603298791523,21.309099839843558,21.425771291775163,112464000
2014-08-15,21.568866729736328,21.615094961122043,21.322314482846075,21.551255495065643,195804000
2014-08-18,21.828617095947266,21.874845307284097,21.568857375460027,21.681125168921312,190288000
2014-08-19,22.13020133972168,22.163221970471444,21.86383782947191,21.883650879721387,277596000
2014-08-20,22.13901710510254,22.25348677409306,22.002532552517852,22.110400107729863,210796000
2014-08-21,22.141206741333008,22.22045557604857,22.03774289159331,22.13900491828566,133912000
2014-08-22,22.304107666015625,22.337128295638077,22.05535539125793,22.07736858450657,176736000
2014-08-25,22.352542877197266,22.491227538341366,22.29530721789203,22.407576712817853,161080000
2014-08-26,22.20944595336914,22.34372859455345,22.20284216437626,22.32611737090662,132608000
2014-08-27,22.482418060302734,22.57927813179283,22.16762450745902,22.238067737770244,209476000
2014-08-28,22.50884246826172,22.62551395023301,22.356948519544563,22.3635523121845,273840000
2014-08-29,22.56386947631836,22.651923937003822,22.497828210929477,22.643118322985362,178380000
2014-09-02,22.739986419677734,22.836844849051275,22.612307490617457,22.687152716928814,214256000
2014-09-03,21.78019142150879,22.717966775500823,21.700942563495463,22.695953577052542,501684000
2014-09-04,21.599681854248047,22.03334709717585,21.527036783288253,21.760379724492992,342872000
2014-09-05,21.786794662475586,21.87925110132135,21.641504533289947,21.74937205810935,233828000
2014-09-08,21.652509689331055,21.86163756650681,21.584268279210388,21.8594374225991,185426800
2014-09-09,21.57106590270996,22.691555885534616,21.163815776419938,21.811014345664432,759385200
2014-09-10,22.233665466308594,22.257880483849647,21.520427559233283,21.57546138464494,403478400
2014-09-11,22.32831573486328,22.33051755735273,21.929871518694323,22.10377854639474,249412400
2014-09-12,22.378963470458984,22.49563495279234,22.251284547358473,22.279901542053558,250504400
2014-09-15,22.372350692749023,22.68494410576447,22.33052612639063,22.632110422734215,245266000
2014-09-16,22.202852249145508,22.2909067278762,21.769185326983912,21.96950930808373,267632400
2014-09-17,22.361347198486328,22.409777239749918,22.14341201280018,22.293104104206144,243706000
2014-09-18,22.407573699951172,22.5308489377262,22.35694183900834,22.438392509394927,149197600
2014-09-19,22.224864959716797,22.53085296495814,22.123602899230406,22.517645381264096,283609600
2014-09-22,22.246883392333984,22.484630031750342,22.141219338926614,22.409784800545108,211153600
2014-09-23,22.59469223022461,22.660733507143007,22.132408330294144,22.145615913878046,253608800
2014-09-24,22.39876937866211,22.640917900909958,22.27769427778856,22.489025668313165,240687200
2014-09-25,21.54465103149414,22.169834727350445,21.511630387389115,22.125808321543563,400368000
2014-09-26,22.178640365600586,22.178640365600586,21.661322539126722,21.689939534978564,249482000
2014-09-29,22.03774642944336,22.110391486177914,21.711945425587857,21.716349072389495,199065200
2014-09-30,22.178640365600586,22.352547523853453,22.13021031146691,22.191847951455323,221056400
2014-10-01,21.83302116394043,22.165425968300916,21.727355471074457,22.143411092641898,205965200
2014-10-02,21.99151611328125,22.06195933988269,21.58206433381693,21.852829803769755,191031200
2014-10-03,21.92988395690918,22.059763005977832,21.80220505207939,21.890259527117156,173878400
2014-10-06,21.92988395690918,22.156623096469318,21.885855879640587,22.002527345278374,148204800
2014-10-07,21.73835563659668,22.039941529541636,21.733953670637028,21.88804767170458,168376800
2014-10-08,22.18964385986328,22.25788528064072,21.641505631394743,21.740567546183968,229618800
2014-10-09,22.23807144165039,22.537455640212052,22.1478168250469,22.352542759658927,309506000
2014-10-10,22.17423439025879,22.46040933556879,22.079576123237157,22.1654287747801,265326400
2014-10-13,21.971710205078125,22.40537714209542,21.971710205078125,22.306316899817162,214333600
2014-10-14,21.73835563659668,22.127994284723865,21.698731224965215,22.099377307239507,254754400
2014-10-15,21.47199821472168,21.826416196131255,20.952478751767234,21.566656464654034,403734400
2014-10-16,21.190217971801758,21.51161521003184,21.003103359890215,21.033922158111007,288618000
2014-10-17,21.5006160736084,21.793396449187387,21.311299566053503,21.463193472684548,272718800
2014-10-20,21.9606990814209,22.004725471792778,21.621690501160188,21.64370369634613,310069200
2014-10-21,22.557270050048828,22.678343487354812,22.29310661688223,22.678343487354812,378495600
2014-10-22,22.67173194885254,22.9182840663317,22.585879324270284,22.63871132105193,273052400
2014-10-23,23.076784133911133,23.125214169117513,22.81262076355789,22.91168265725251,284298800
2014-10-24,23.162639617919922,23.22207541785189,23.010745703261485,23.153834003207912,188215600
2014-10-27,23.138427734375,23.219878421879475,23.04817143096468,23.081192070736737,136750800
2014-10-28,23.49724578857422,23.49724578857422,23.191257799458626,23.202265238289865,192243600
2014-10-29,23.629329681396484,23.63593515324029,23.4135979604871,23.47743741898057,210751600
2014-10-30,23.550079345703125,23.631528346393623,23.312332776094383,23.545675698395915,162619200
2014-10-31,23.774620056152344,23.783425672527905,23.600712911609055,23.776821880121133,178557200
2014-11-03,24.082807540893555,24.28092969109412,23.77681953983357,23.823047761630466,209130400
2014-11-04,23.90669822692871,24.102618550404095,23.712979727171984,24.074001560059166,166297600
2014-11-05,23.963930130004883,24.06079020444703,23.803230613725788,24.01676213447372,149743600
2014-11-06,24.032470703125,24.052369670628885,23.833491148778272,24.010362051173367,139874000
2014-11-07,24.101009368896484,24.16954669499126,23.999308221962238,24.04352552522687,134766000
2014-11-10,24.06121826171875,24.171763230279307,24.02584306212384,24.10322420275976,108782000
2014-11-11,24.253562927246094,24.26461809767545,23.966147050686903,24.032473012916476,109769200
2014-11-12,24.59625244140625,24.636048692602955,24.180604018626756,24.182813703239464,187769600
2014-11-13,24.943359375,25.082645387584417,24.6736294603727,24.717848446989723,238091600
2014-11-14,25.244043350219727,25.246254721387373,24.587406116332485,25.016321036629357,176254400
2014-11-17,25.20203399658203,25.92941987670985,25.049483132158237,25.2639388907577,186986800
2014-11-18,25.529247283935547,25.57788732469698,25.179924888268733,25.19098005636245,176896000
2014-11-19,25.352380752563477,25.58894689978137,25.16003360146897,25.522620935769627,167476800
2014-11-20,25.714963912963867,25.836564024088,25.392172884176674,25.40543942425146,173582000
2014-11-21,25.750337600708008,25.99353612197536,25.653057517488325,25.98027126945699,228717200
2014-11-24,26.22789192199707,26.258844370331033,25.783502476581468,25.834352204509297,189803200
2014-11-25,26.000173568725586,26.475517221541857,25.967009744244045,26.325176012436764,275361600
2014-11-26,26.3096981048584,26.331806757506065,26.05102332663833,26.075343350585385,163073200
2014-11-28,26.29421615600586,26.398128656292105,26.099657693559976,26.36938589600255,99257600
2014-12-01,25.440805435180664,26.364960947173387,24.600663447266747,26.267680886927376,335256000
2014-12-02,25.34353256225586,25.591153837296684,24.927884191405624,25.09370160287839,237395600
2014-12-03,25.630956649780273,25.723814019165996,25.449662967596662,25.59116039336034,172253600
2014-12-04,25.53367042541504,25.911733927521862,25.489453122990906,25.59557532352161,168178000
2014-12-05,25.42533302307129,25.664110468463395,25.34574054127392,25.644211504623197,153275600
2014-12-08,24.850502014160156,25.34795422744137,24.6780521834411,25.226354122815437,230659600
2014-12-09,25.23078155517578,25.270577807107532,24.176181722375464,24.361898126984364,240832000
2014-12-10,24.75101661682129,25.392177741542184,24.66037062401034,25.29489932081608,178261200
2014-12-11,24.678049087524414,25.16002501673208,24.616142514074525,24.819546453275137,165606800
2014-12-12,24.260196685791016,24.733328960575214,24.22703286177149,24.421591376286717,224112400
2014-12-15,23.928564071655273,24.673636062615536,23.512913920143735,24.47465478654962,268872400
2014-12-16,23.60135269165039,24.355270247709058,23.493019086020603,23.51733911600846,243162800
2014-12-17,24.18944549560547,24.284512528291458,23.616821807615015,23.68314944883713,213647200
2014-12-18,24.905773162841797,24.905773162841797,24.465804812036247,24.733323341258806,236024800
2014-12-19,24.713428497314453,25.036219545572564,24.686898789128506,24.819552390404407,353719200
2014-12-22,24.969890594482422,25.09148901158005,24.755433149521437,24.79744076482196,180670000
2014-12-23,24.881454467773438,25.056115669562008,24.86376687313569,25.034007019655757,104113600
2014-12-24,24.764286041259766,24.919048333230755,24.764286041259766,24.890307246659706,57918400
2014-12-26,25.20203399658203,25.319211358669097,24.7642769953216,24.784174274114413,134884000
2014-12-29,25.184349060058594,25.374484805167228,25.137918700854364,25.15781766719645,110395600
2014-12-30,24.87703514099121,25.18656134251796,24.78638915789659,25.12465643956903,119526000
2014-12-31,24.403898239135742,25.011895356616602,24.366313367610005,24.943358039507107,165613600
2015-01-02,24.171754837036133,24.638254577319934,23.733996171356562,24.62719940958966,212818400
2015-01-05,23.490795135498047,24.021411080620908,23.30508048243492,23.9418186045134,257142000
2015-01-06,23.493009567260742,23.75168430492422,23.132632007155845,23.554914459681218,263188400
2015-01-07,23.822433471679688,23.921923238379996,23.590288433669837,23.700833368573225,160423600
2015-01-08,24.73773956298828,24.79522338787858,24.032462504884148,24.14964152514014,237458000
2015-01-09,24.764286041259766,25.03843710994372,24.366323452216545,24.91020453272063,214798000
2015-01-12,24.154067993164062,24.901351137106996,24.05457822763035,24.894718710975656,198603200
2015-01-13,24.3685302734375,24.938942648952615,24.078903029641708,24.636048863477807,268367600
2015-01-14,24.27566909790039,24.428219965569937,23.988251583933135,24.10764031957575,195826400
2015-01-15,23.6168212890625,24.33315203933582,23.581447784827517,24.319887186095446,240056000
2015-01-16,23.433319091796875,23.784852925871537,23.258657860459195,23.66325280064209,314053200
2015-01-20,24.036890029907227,24.092162495323024,23.546070267129856,23.842329872103278,199599600
2015-01-21,24.220396041870117,24.554240532584878,23.93739959010379,24.087740769849525,194303600
2015-01-22,24.850502014160156,24.86597823776874,24.25798108820281,24.377369821804127,215185600
2015-01-23,24.978734970092773,25.14897343268383,24.658153637343272,24.828393786716223,185859200
2015-01-26,25.005266189575195,25.283839922916894,24.938940234729454,25.14676358405117,222460000
2015-01-27,24.129749298095703,24.868190372275148,24.105429276423866,24.854923832502017,382274800
2015-01-28,25.49387550354004,26.115139261615074,25.49387550354004,26.006803997515984,585908400
2015-01-29,26.287588119506836,26.35170438968202,25.549147013680603,25.717175801492044,337745600
2015-01-30,25.902894973754883,26.530789515977578,25.834355953826734,26.177045993120977,334982000
2015-02-02,26.22789192199707,26.347280659906044,25.664113738672494,26.099661073234326,250956400
2015-02-03,26.232318878173828,26.329597294229444,26.00238516305495,26.199155053408013,207662800
2015-02-04,26.433502197265625,26.643538568988248,26.157139881931943,26.19914749363281,280598800
2015-02-05,26.622177124023438,26.68654643853191,26.469022489729515,26.639932833229228,168984800
2015-02-06,26.39798927307129,26.690979584136734,26.291446572029862,26.639927485141328,174826400
2015-02-09,26.57334327697754,26.599977685665074,26.287011529513478,26.31364763164002,155559200
2015-02-10,27.08385467529297,27.112710874686844,26.67100611784984,26.67322452285019,248034000
2015-02-11,27.71867561340332,27.727554316367186,27.19040548784902,27.250334616055827,294247200
2015-02-12,28.069374084472656,28.295776754872342,27.87182761931487,27.980588756736296,297898000
2015-02-13,28.206993103027344,28.251384922813383,27.889586680582962,28.251384922813383,217088800
2015-02-17,28.373451232910156,28.606512407569543,28.17146465574688,28.297983143677776,252609600
2015-02-18,28.571008682250977,28.584325888211506,28.289115404198853,28.329068715519657,179566800
2015-02-19,28.511075973510742,28.639814600703073,28.484441563359987,28.517734576048433,149449600
2015-02-20,28.74413299560547,28.74413299560547,28.42228816839701,28.548804984884658,195793600
2015-02-23,29.52100372314453,29.52100372314453,28.7796500064065,28.859556618124714,283896400
2015-02-24,29.336776733398438,29.6541847994094,29.114814282465368,29.507688768942803,276912400
2015-02-25,28.5865421295166,29.21025945210493,28.44448629856083,29.20137905755122,298846800
2015-02-26,28.94834327697754,29.04822570539494,28.1026668564968,28.58654338774827,365150000
2015-02-27,28.51329803466797,28.98163894321465,28.46446602434532,28.855118720048274,248059200
2015-03-02,28.65312957763672,28.917265414019177,28.477780746316142,28.688644379661472,192386800
2015-03-03,28.71306037902832,28.74857518104854,28.43116714166947,28.624276760855707,151265200
2015-03-04,28.531047821044922,28.75745043653652,28.48221920483862,28.65534962054463,126665200
2015-03-05,28.05827522277832,28.577666563390302,27.91399928590638,28.53993335182909,226068400
2015-03-06,28.100444793701172,28.715280012385133,28.024978376338545,28.499976172884985,291368400
2015-03-09,28.220304489135742,28.759674979569876,27.75862220746112,28.4023136222176,354114000
2015-03-10,27.636545181274414,28.238063218815654,27.478952044658584,28.058274175841376,275426400
2015-03-11,27.132688522338867,27.69425323143729,27.103834014425015,27.68981472769633,275756000
2015-03-12,27.62322235107422,27.72310645562932,26.997288397596602,27.148222910166183,193450800
2015-03-13,27.432334899902344,27.83408803493527,27.208154073139987,27.612125613115115,207309200
2015-03-16,27.734209060668945,27.734209060668945,27.27252842487255,27.496709293114733,143497200
2015-03-17,28.198104858398438,28.260254062443913,27.889577243002098,27.945067845676817,204092400
2015-03-18,28.515512466430664,28.668667078657883,28.049391721515192,28.18922743695817,261083600
2015-03-19,28.300209045410156,28.688643287209903,28.27801314170938,28.57766207526712,183238000
2015-03-20,27.945072174072266,28.499976593329478,27.780820438877107,28.46668358131895,274780400
2015-03-23,28.23584747314453,28.37790332786566,28.08269281681357,28.215871662374074,150838800
2015-03-24,28.120420455932617,28.420067700654457,28.091564256583325,28.24028036988471,131369200
2015-03-25,27.385730743408203,28.149282232419186,27.385730743408203,28.087133007674453,206620800
2015-03-26,27.57661247253418,27.71866829557392,27.21259421431497,27.2481090167944,190291600
2015-03-27,27.356868743896484,27.678713581155,27.281402332626065,27.649859075687882,158184800
2015-03-30,28.04939079284668,28.056049394298906,27.523339263415995,27.534438061462257,188398800
2015-03-31,27.618785858154297,28.07602793240956,27.603248555439965,27.98724261971094,168362400
2015-04-01,27.57883071899414,27.771938634270164,27.323573596991732,27.705349230812534,162485600
2015-04-02,27.81633186340332,27.86960237283021,27.565514925306033,27.751962555019634,128880400
2015-04-06,28.26691246032715,28.30242725863393,27.596586729955135,27.627661331754176,148776000
2015-04-07,27.96949577331543,28.43783510163955,27.962837169105256,28.331294047397687,140049200
2015-04-08,27.878480911254883,28.056051532897612,27.738645189782524,27.933971518838366,149316800
2015-04-09,28.091562271118164,28.096002467676044,27.66983504381536,27.933969162089646,129936000
2015-04-10,28.211423873901367,28.23583987612223,27.80301382482314,27.956166746508018,160752000
2015-04-13,28.155929565429688,28.53770685055236,28.10265906460641,28.49331166189537,145460400
2015-04-14,28.033855438232422,28.2535977686083,27.947290226464986,28.189228461035782,102098400
2015-04-15,28.140399932861328,28.218086453862202,27.9694895866594,28.05827490784861,115881600
2015-04-16,28.005001068115234,28.211426208146708,27.991683863416124,28.029417072356306,113476000
2015-04-17,27.689817428588867,27.99834511857055,27.625448110712508,27.867388077450492,207828000
2015-04-20,28.322402954101562,28.43782266127886,27.78303423431481,27.871819536302848,188217200
2015-04-21,28.16926383972168,28.455593996367906,28.115991616375748,28.433399776799853,129740400
2015-04-22,28.548805236816406,28.60429584154471,28.03829268937934,28.187007103625863,150618000
2015-04-23,28.78187370300293,28.948345559115147,28.442271387484293,28.47778619630576,183083600
2015-04-24,28.91727066040039,28.994958880564557,28.68420938678644,28.9638842698746,178103600
2015-04-27,29.443317413330078,29.5498618270703,29.110373740867793,29.367850993756058,387816800
2015-04-28,28.979408264160156,29.862817602661448,28.759667671972956,29.845063592423386,475696000
2015-04-29,28.553251266479492,29.20803985866045,28.477784841483107,28.890635160475313,253544400
2015-04-30,27.778600692749023,28.553249161739682,27.652082165186428,28.553249161739682,332781600
2015-05-01,28.622060775756836,28.883978260196198,27.811899088213334,27.989468054022616,234050400
2015-05-04,28.566572189331055,28.981644354574506,28.468908150450243,28.74414286121627,203953200
2015-05-05,27.922870635986328,28.511069642048692,27.918430439654504,28.44448024458113,197085600
2015-05-06,27.747528076171875,28.133742289053895,27.38128967218274,28.091568879027747,288564000
2015-05-07,27.919147491455078,28.10191686741155,27.642763205462412,27.80993037983159,175763600
2015-05-08,28.445171356201172,28.445171356201172,28.108607584152075,28.235654588095912,222201600
2015-05-11,28.155414581298828,28.431797212859163,28.00162021107372,28.393906388474424,168143200
2015-05-12,28.055112838745117,28.280230096530865,27.821078092933593,27.994931698159256,192640000
2015-05-13,28.086320877075195,28.349330690934128,28.0551164669998,28.117525287150592,138776800
2015-05-14,28.741615295410156,28.741615295410156,28.34264437932672,28.398366783312017,180814000
2015-05-15,28.701496124267578,28.861976916065597,28.576678486430353,28.76836368768768,152832000
2015-05-18,29.01799774169922,29.136128958323642,28.610109363136893,28.614568107450665,203531600
2015-05-19,28.991254806518555,29.171794856426565,28.895410500391332,29.129445284023305,178532800
2015-05-20,28.98902130126953,29.19407932846709,28.828540514588756,28.97564846921704,145819600
2015-05-21,29.285463333129883,29.33895805953567,28.937756114055425,28.991250840461213,158921600
2015-05-22,29.541778564453125,29.637622836578668,29.287684621201585,29.332265250669018,182384000
2015-05-26,28.89095115661621,29.624259903389834,28.77950634777134,29.55516466607012,282790400
2015-05-27,29.430334091186523,29.479370063278186,28.986786072299996,29.05142254404379,183332800
2015-05-28,29.372398376464844,29.41028920957901,29.220835044008183,29.39022995693496,122933200
2015-05-29,29.03805160522461,29.298831982306186,28.953352484095202,29.24979600702335,203538000
2015-06-01,29.09600830078125,29.285465830393612,28.98679456813284,29.038058226335675,128451200
2015-06-02,28.966732025146484,29.122754054775914,28.824082826481696,28.944441706188638,134670400
2015-06-03,29.002389907836914,29.185160988660087,28.953353930105084,29.12275218082411,123934000
2015-06-04,28.832992553710938,29.104918078958935,28.73269293561692,28.882028527183504,153800400
2015-06-05,28.67475128173828,28.906558415600355,28.610114781561506,28.86420883916251,142507200
2015-06-08,28.485294342041016,28.799569524978804,28.269091136844867,28.730470885369396,210699200
2015-06-09,28.40058708190918,28.54769500648522,27.999386897679972,28.240106328012548,224301600
2015-06-10,28.726011276245117,28.82853858245965,28.496433571483404,28.512035774669872,156349200
2015-06-11,28.661375045776367,29.015768720708497,28.63685705185508,28.792879103615235,141563600
2015-06-12,28.344871520996094,28.603424286898427,28.33149868845383,28.572219877291285,147544800
2015-06-15,28.28914451599121,28.360469112134883,28.019448333681943,28.106375132091024,175955600
2015-06-16,28.440710067749023,28.496432462748732,28.16655683663748,28.31366307517019,125976400
2015-06-17,28.373838424682617,28.503113062315318,28.249019129002765,28.46745162105836,131672400
2015-06-18,28.50311851501465,28.598961101213874,28.35601227835567,28.358241650270774,141628800
2015-06-19,28.217823028564453,28.489748612730004,28.17324578875584,28.465230620681456,218867600
2015-06-22,28.442935943603516,28.543235562069555,28.32480475280634,28.416188585106813,136157200
2015-06-23,28.31366729736328,28.44294368116358,28.280233515275235,28.41396864362743,121075600
2015-06-24,28.554386138916016,28.93107009846418,28.333725916106733,28.353785163401824,221123600
2015-06-25,28.418418884277344,28.797330455862753,28.418418884277344,28.721548821750627,127752400
2015-06-26,28.251253128051758,28.527635719985458,28.197760107148053,28.45631112527636,176267200
2015-06-29,27.756437301635742,28.188843602589348,27.745293843675427,27.963724665436832,196645600
2015-06-30,27.957042694091797,28.11083706279536,27.82999568966663,27.988247102160244,177482800
2015-07-01,28.217823028564453,28.29360637685433,28.081860236481678,28.284690588790067,120955200
2015-07-02,28.182165145874023,28.23788755294795,28.032827802526082,28.17993577344745,108844000
2015-07-06,28.084087371826172,28.135352723984397,27.827764012060165,27.847824958735146,112241600
2015-07-07,28.014989852905273,28.11751884831885,27.58704059748947,28.05956708551555,187787200
2015-07-08,27.319580078125,27.780961513755635,27.312893661748337,27.745300059575833,243046400
2015-07-09,26.762348175048828,27.6516770025603,26.572892397831318,27.60487040116626,314380000
2015-07-10,27.477827072143555,27.604874064361603,27.016445710876685,27.179155852039294,245418000
2015-07-13,28.00830841064453,28.03059703090678,27.709635457489693,27.867886872018197,165762000
2015-07-14,27.997159957885742,28.166556512881268,27.87011296676723,28.093002544204097,127072400
2015-07-15,28.266855239868164,28.340409206196515,27.990472648815775,28.021677052619474,134596800
2015-07-16,28.643543243408203,28.656919477190332,28.384992173876547,28.471918987819443,144889600
2015-07-17,28.89095115661621,28.89095115661621,28.598966301606755,28.77059225951504,184658800
2015-07-20,29.437034606933594,29.6376339103909,29.131673505904224,29.191854657351737,235600800
2015-07-21,29.142810821533203,29.626480772742738,29.04696994042469,29.610880271619788,307025600
2015-07-22,27.910232543945312,27.97264135217095,27.190298476456775,27.190298476456775,461802400
2015-07-23,27.8968563079834,28.32703149795129,27.874565993041987,28.128659938661126,203998000
2015-07-24,27.749755859375,28.0261384937987,27.616022436299836,27.93252526769736,168649200
2015-07-27,27.36415672302246,27.551384880041798,27.219279836659762,27.435481330336312,177822000
2015-07-28,27.500118255615234,27.618251172130954,27.315121179871685,27.500118255615234,134472400
2015-07-29,27.413190841674805,27.526865011387642,27.252710061024363,27.448853993158306,148046800
2015-07-30,27.275001525878906,27.31957876659184,27.12789357060331,27.26385636544431,134513200
2015-07-31,27.03650665283203,27.335177872887087,26.94957985293466,27.326262085652413,171540000
2015-08-03,26.3990421295166,27.31957547332252,26.19398242562316,27.08108369318085,279904000
2015-08-04,25.552064895629883,26.23410656183663,25.242248472058005,26.17169774277363,496554400
2015-08-05,25.721458435058594,26.17615339227184,24.985922124755167,25.175377931799204,397250400
2015-08-06,25.777429580688477,26.084171091744317,25.551293361649588,25.96550517897526,211612000
2015-08-07,25.864749908447266,26.028196539403755,25.636374225907357,25.654286513066097,154681600
2015-08-10,26.805124282836914,26.86557611627786,26.09088763872919,26.09088763872919,219806400
2015-08-11,25.410234451293945,26.460318721771483,25.374411587789787,26.377475680840618,388331200
2015-08-12,25.802061080932617,25.84236287679192,24.545990436229246,25.195296388091382,404870000
2015-08-13,25.781911849975586,26.06178496665311,25.645333632380158,25.981181372393188,194143200
2015-08-14,25.96326446533203,26.04162858242252,25.526663164249566,25.59607113821405,171718000
2015-08-17,26.231952667236328,26.341662468940665,25.860280286468257,25.981185697987623,163538800
2015-08-18,26.084178924560547,26.294644090836634,25.974469122404177,26.068506095681066,138242800
2015-08-19,25.750566482543945,26.0886519813208,25.67667956895299,25.99461502304684,193146000
2015-08-20,25.222166061401367,25.602792823510995,24.99378863756761,25.542340980854984,274006400
2015-08-21,23.67950439453125,25.054240964055126,23.654875424376108,24.72510991580904,513102000
2015-08-24,23.088411331176758,24.360154736085217,20.5986596770011,21.24124891448916,648825200
2015-08-25,23.227224349975586,24.8773565148094,23.173489201141187,24.8773565148094,414406400
2015-08-26,24.55942726135254,24.604206278523865,23.5205383474457,23.977289788865253,387098400
2015-08-27,25.282615661621094,25.354263106070857,24.6333097354271,25.128126873775873,338464400
2015-08-28,25.36546516418457,25.369942383259534,24.97364272903055,25.11469819073031,212657600
2015-08-31,25.246789932250977,25.64308944077971,25.07662663038893,25.0833433106371,224917200
2015-09-01,24.11834144592285,25.049758115006753,24.03773786680285,24.662414750878053,307383600
2015-09-02,25.152753829956055,25.152753829956055,24.434039931094258,24.68032961985265,247555200
2015-09-03,24.71167755126953,25.251272036892868,24.637790637820085,25.18634126824426,212935600
2015-09-04,24.465383529663086,24.729583776008354,24.295221933054687,24.398215017804926,199985200
2015-09-08,25.146038055419922,25.202012676117203,24.700480552968315,25.020655451685165,219374400
2015-09-09,24.662418365478516,25.52890440569898,24.577335848265434,25.470692029743567,340043200
2015-09-10,25.204254150390625,25.363221880870384,24.606445563612514,24.68928691560042,251571200
2015-09-11,25.571449279785156,25.571449279785156,25.022898599461048,25.02961528162018,199662000
2015-09-14,25.817729949951172,26.17148991403295,25.716976329848844,26.102081940549553,233453600
2015-09-15,26.034921646118164,26.09089628044787,25.61847023004835,25.956557499698636,173364800
2015-09-16,26.064029693603516,26.093135888660495,25.846847837887562,26.028205107493125,148694000
2015-09-17,25.50651741027832,26.08193650274731,25.461738392332965,25.896102040885058,256450400
2015-09-18,25.401287078857422,25.591602192431484,25.047528706192068,25.12365338505354,297141200
2015-09-21,25.795347213745117,25.83117179539932,25.448305547072934,25.450543302268766,200888000
2015-09-22,25.390090942382812,25.564731503889117,25.193059163690542,25.385612015661604,201384800
2015-09-23,25.5960750579834,25.685634794748932,25.367699352030687,25.4415845547681,143026800
2015-09-24,25.748323440551758,25.860272672901985,25.159471093345076,25.35650112732597,200878000
2015-09-25,25.683391571044922,26.126711263608605,25.528901090449907,26.070736649852112,224607600
2015-09-28,25.175148010253906,25.65205120264022,25.175148010253906,25.49084400853499,208436000
2015-09-29,24.418367385864258,25.4147166346998,24.149689896408503,25.26246560181892,293461600
2015-09-30,24.696001052856445,24.973634667561083,24.34448053568865,24.666893159529305,265892000
2015-10-01,24.53479766845703,24.543753813306612,24.02654712455552,24.420608956887314,255716400
2015-10-02,24.71391487121582,24.854972014083216,24.080283438653904,24.18327653973538,232079200
2015-10-05,24.80347442626953,24.93557542351823,24.420608213703833,24.60196544381129,208258800
2015-10-06,24.922136306762695,25.01841271007408,24.577332483466336,24.769885290089103,192787200
2015-10-07,24.80347442626953,25.025133452868637,24.496734588503575,25.018416771488347,187062400
2015-10-08,24.516883850097656,24.671374349752824,24.228054602494883,24.671374349752824,247918400
2015-10-09,25.10349464416504,25.139317507632345,24.514640631745525,24.62882931870366,211064400
2015-10-12,24.987071990966797,25.244555604853414,24.951249119619337,25.240078386513723,121868800
2015-10-13,25.029611587524414,25.17738369784618,24.78108413505567,24.812429785978768,132197200
2015-10-14,24.67584991455078,24.969156360543135,24.53031556893734,24.917660669581448,177849600
2015-10-15,25.04528045654297,25.099015605606812,24.738538968726402,24.837054832184776,150694000
2015-10-16,24.8616886138916,25.07663095999206,24.747499905328574,25.027373018721345,156930400
2015-10-19,25.01618003845215,25.020657256818605,24.65346385520979,24.80795436610727,119036800
2015-10-20,25.47292709350586,25.562486819326818,24.812427318469453,24.92885376628992,195871200
2015-10-21,25.470693588256836,25.878188785928117,25.457258516805933,25.524428749430527,167180800
2015-10-22,25.860273361206055,25.860273361206055,25.546815160640392,25.598312560504443,166616400
2015-10-23,26.661832809448242,26.695417924855107,26.046111957092148,26.128953305791157,237467600
2015-10-26,25.81101417541504,26.449124444276887,25.730410593220945,26.437930546211405,265335200
2015-10-27,25.647571563720703,26.093129060560045,25.522187253355433,25.837884930052294,279537600
2015-10-28,26.704374313354492,26.711092703494916,25.985660307234276,26.180452624265197,342205600
2015-10-29,26.986480712890625,27.022305285903467,26.480469722447047,26.57674612715698,204909200
2015-10-30,26.755870819091797,27.140976513399856,26.74467521077889,27.089479106654476,197461200
2015-11-02,27.132015228271484,27.17231701906884,26.78049471728719,27.04693442912581,128813200
2015-11-03,27.443239212036133,27.64922542308177,27.024548400015334,27.04470015338393,182076000
2015-11-04,27.315614700317383,27.72310986768225,27.230533892435876,27.5686193690615,179544400
2015-11-05,27.189695358276367,27.58769302350806,27.023301736159723,27.39881233945184,158210800
2015-11-06,27.221176147460938,27.389818824830183,27.12224027662596,27.232419678827696,132169200
2015-11-09,27.110994338989258,27.389816393813046,26.994069514554077,27.198688386196107,135485600
2015-11-10,26.256540298461914,26.5488549640257,26.09689210021531,26.28577279433153,236511600
2015-11-11,26.10813331604004,26.402695289372794,25.9057617744091,26.166596587071624,180872000
2015-11-12,26.02044677734375,26.267789081604864,26.00470685931411,26.14186973736773,130102400
2015-11-13,25.260417938232422,25.986706325252037,25.2446780272083,25.90350867239789,183249600
2015-11-16,25.674163818359375,25.687654684920247,24.959118726755754,25.044563740844946,152426800
2015-11-17,25.563974380493164,25.869779816449597,25.48077673310803,25.84054732966809,110467600
2015-11-18,26.37346076965332,26.418431454514298,25.970966792717437,26.029430055454036,186698800
2015-11-19,26.7085018157959,26.926613279263847,26.25429164098788,26.45216509175698,173183200
2015-11-20,26.82543182373047,26.96484201921842,26.72424517822365,26.80294475882527,137148400
2015-11-23,26.476900100708008,26.92211751965151,26.384707947819734,26.81868183550105,129930000
2015-11-24,26.73098373413086,26.836666736115248,26.33523688334568,26.382456619557942,171212800
2015-11-25,26.539857864379883,26.809687155716535,26.515123469785976,26.805189057323886,85553200
2015-11-27,26.490385055541992,26.62530053849919,26.443165322715622,26.598317098803424,52185600
2015-11-30,26.600574493408203,26.850165813456325,26.476902500403398,26.53086768120451,156721200
2015-12-01,26.38470458984375,26.715244466828874,26.276774251759907,26.701753603448843,139409600
2015-12-02,26.146360397338867,26.557848941412235,26.10138970296319,26.38470816546962,133546400
2015-12-03,25.903514862060547,26.26103823435552,25.683156055067965,26.207073057309465,166278000
2015-12-04,26.76471710205078,26.814185895586963,25.88327844701967,25.923752758501813,231108000
2015-12-07,26.596073150634766,26.951347454917414,26.49039013596013,26.7534740057645,128336800
2015-12-08,26.58482551574707,26.668021450389926,26.276771020780824,26.425175646278795,137238000
2015-12-09,25.997961044311523,26.463414859822418,25.87653808606663,26.45217132617067,185445600
2015-12-10,26.121625900268555,26.294766675544988,25.9732212369822,26.092395120589035,116850800
2015-12-11,25.449308395385742,25.946242024141817,25.37510519387569,25.901271322602433,187544800
2015-12-14,25.291900634765625,25.336871321031932,24.68703512601002,25.224442889844447,257274800
2015-12-15,24.844432830810547,25.363853319917258,24.81295300910973,25.17047629202846,213292400
2015-12-16,25.035564422607422,25.181721739036185,24.464429451891355,24.974853819286913,224954000
2015-12-17,24.504898071289062,25.240179150051315,24.504898071289062,25.18846132435762,179091200
2015-12-18,23.841571807861328,24.626321743127676,23.792103025803446,24.48916064131487,385813200
2015-12-21,24.133893966674805,24.142888449460955,23.738145301695116,24.122650434311574,190362400
2015-12-22,24.11140251159668,24.221581895661817,23.93601271496503,24.149627767116172,131157600
2015-12-23,24.421709060668945,24.475674238564384,24.10465999504882,24.120399910081744,130629600
2015-12-24,24.291292190551758,24.509403672024874,24.27330322567267,24.509403672024874,54281600
2015-12-28,24.01921272277832,24.214838833050326,23.87530445160877,24.19235177181853,106816800
2015-12-29,24.45093536376953,24.606087151769415,24.028205069209697,24.05069041292171,123724800
2015-12-30,24.13163948059082,24.441941346956686,24.10015965569233,24.414959620199003,100855200
2015-12-31,23.668437957763672,24.066433919018245,23.569500372029918,24.06193753581308,163649200
2016-01-04,23.68866729736328,23.693165394769228,22.935397240889355,23.07256004790502,270597600
2016-01-05,23.09505271911621,23.80110327006872,23.027596676308974,23.778617922466307,223164000
2016-01-06,22.643089294433594,23.018601623728564,22.456459369988686,22.61160946546592,273829600
2016-01-07,21.687442779541016,22.514916066969125,21.682946397311802,22.188874316419493,324377600
2016-01-08,21.802120208740234,22.285562784635363,21.75714952445672,22.15964349622422,283192000
2016-01-11,22.155147552490234,22.27432142139755,21.887567323079747,22.254085126159012,198957600
2016-01-12,22.476696014404297,22.640842309858193,22.224855663255948,22.609362480404904,196616800
2016-01-13,21.898813247680664,22.753270149750488,21.878576950229252,22.557644030110175,249758400
2016-01-14,22.37775230407715,22.593616383436196,21.5277937103666,22.026976177281448,252680400
2016-01-15,21.84034538269043,21.97076276836972,21.44234951010831,21.63122844203972,319335600
2016-01-19,21.73467254638672,22.18213737463392,21.473837673705663,22.128172189622163,212350800
2016-01-20,21.76390266418457,22.078702712234268,21.006134185406925,21.383893899962114,289337600
2016-01-21,21.65372085571289,22.00899346539293,21.347915324592353,21.824610870057498,208646000
2016-01-22,22.80498695373535,22.813981435821805,22.119174420983356,22.177635981262224,263202000
2016-01-25,22.359766006469727,22.82971600568809,22.308048175461344,22.827466956812515,207178000
2016-01-26,22.483436584472656,22.683559049368025,22.051711832036922,22.469945722059563,300308000
2016-01-27,21.006135940551758,21.727926547050554,20.98814697275507,21.59526176947536,533478800
2016-01-28,21.156784057617188,21.253472589399497,20.774528029001694,21.08932801960842,222715200
2016-01-29,21.887571334838867,21.887571334838867,21.21524963773195,21.31418722953494,257666000
2016-02-01,21.682947158813477,21.745906805363436,21.45134486663825,21.69194163910943,163774000
2016-02-02,21.244482040405273,21.595258278117893,21.19950962818435,21.455846373516206,149428800
2016-02-03,21.664960861206055,21.77514025621137,21.154536479203475,21.361404404872772,183857200
2016-02-04,21.83904457092285,22.004081590600105,21.5202767998081,21.671748022428808,185886800
2016-02-05,21.255756378173828,21.911379949023637,21.181152287478877,21.820948814280484,185672400
2016-02-08,21.479581832885742,21.63557383052428,21.03420975121476,21.054555858581537,216085600
2016-02-09,21.47505760192871,21.689831825380146,21.235416490857723,21.316804363453706,177324800
2016-02-10,21.312286376953125,21.782527135058476,21.273853685862257,21.685313917996613,169374400
2016-02-11,21.183414459228516,21.414013967845996,20.932468848290426,21.203762286379774,200298800
2016-02-12,21.248973846435547,21.36427358364902,21.027419382584206,21.29419027516161,161405600
2016-02-16,21.848087310791016,21.895563287216117,21.38915114718392,21.481841846443086,196231600
2016-02-17,22.182674407958984,22.2030205087076,21.737302471158245,21.854861744532556,179452800
2016-02-18,21.76216697692871,22.356748715008724,21.723732585817004,22.345444177947012,156084000
2016-02-19,21.712434768676758,21.875210480764,21.65817677292454,21.70339148191296,141496800
2016-02-22,21.90233612060547,21.906858625887352,21.685302437495494,21.77347231735797,137123200
2016-02-23,21.4072322845459,21.816431114118785,21.375581641641404,21.79382375844853,127770400
2016-02-24,21.725996017456055,21.78929729175872,21.09750232997903,21.246713954975633,145022800
2016-02-25,21.875215530395508,21.875215530395508,21.53383870678927,21.714701034154015,110330800
2016-02-26,21.909122467041016,22.16006634526163,21.834516644548906,21.974683277900706,115964400
2016-02-29,21.85938262939453,22.207541367755613,21.850339343677703,21.897815300068252,140865200
2016-03-01,22.727521896362305,22.78177989666207,22.024422246230593,22.076420718272963,201628400
2016-03-02,22.77725601196289,22.808906651561315,22.52631042312505,22.72299801905567,132678400
2016-03-03,22.946823120117188,22.994299098903202,22.709441501355908,22.738832625007632,147822800
2016-03-04,23.288190841674805,23.455487328583967,22.917424722129894,23.1435017084295,184220400
2016-03-07,23.030467987060547,23.24750173189665,22.824737058982986,23.14802728536852,143315600
2016-03-08,22.840560913085938,23.00559789558876,22.698133012307633,22.784041658436184,126247600
2016-03-09,22.860912322998047,22.964907560865505,22.668745447219944,22.903865790375907,108806800
2016-03-10,22.872209548950195,23.114111868612827,22.641611769157,22.926469270526752,134054400
2016-03-11,23.118633270263672,23.123154051097146,22.94681427647251,23.11411076459966,109632800
2016-03-14,23.17741584777832,23.265587474386763,23.010119332204216,23.039510449350633,100304400
2016-03-15,23.643129348754883,23.77877518241644,23.47809240583258,23.502961009900737,160270800
2016-03-16,23.95737648010254,24.0342418209997,23.645389161606033,23.649911666853146,153214000
2016-03-17,23.9189453125,24.070416476018195,23.72903975128799,23.855642308875673,137682800
2016-03-18,23.946077346801758,24.077202431278902,23.78104208946911,24.041029280458684,176820800
2016-03-21,23.943817138671875,24.33719065610366,23.769736873745998,23.948337919980663,142010800
2016-03-22,24.12693977355957,24.25580360555607,23.785562991493798,23.7946062792447,129777600
2016-03-23,23.993549346923828,24.206062260782247,23.941552607254522,24.072677670053565,102814000
2016-03-24,23.889551162719727,24.020676209161945,23.71321141569825,23.84433646214047,104532000
2016-03-28,23.78104019165039,24.007117191742648,23.751649077746794,23.96416200977932,77645600
2016-03-29,24.343971252441406,24.3688398602475,23.710954967100033,23.71321622003621,124760400
2016-03-30,24.768999099731445,24.9634254854401,24.551965355765457,24.56326989730956,182404400
2016-03-31,24.640132904052734,24.845863811631762,24.615264294898548,24.805169880727707,103553600
2016-04-01,24.866207122802734,24.868468375607605,24.46152911225637,24.59265417765071,103496000
2016-04-04,25.121679306030273,25.363581650581384,24.929512457462184,24.963424355728954,149424800
2016-04-05,24.825517654418945,25.03350982905374,24.737347752331807,24.757695581568516,106314800
2016-04-06,25.08551025390625,25.090032760990617,24.687614147204815,24.92047496677951,105616400
2016-04-07,24.538394927978516,24.963419017519364,24.44344301300084,24.857162563926547,127207600
2016-04-08,24.56552505493164,24.816468911599358,24.45474609474674,24.62204429896581,94326800
2016-04-11,24.646915435791016,25.006378786836184,24.60396197579208,24.63561261993056,117630000
2016-04-12,24.967939376831055,24.981503442139015,24.565522674278945,24.719253347316577,108929200
2016-04-13,25.329668045043945,25.397490112175344,25.04933303960668,25.04933303960668,133029200
2016-04-14,25.34323501586914,25.40879756231934,25.169156459648935,25.234719006099134,101895600
2016-04-15,24.834562301635742,25.388452080131696,24.807434160943167,25.34549689092723,187756000
2016-04-18,24.298755645751953,24.631087372216538,24.176673864164115,24.617523304761406,243286000
2016-04-19,24.169893264770508,24.41631637059203,24.016160833443923,24.389186509241224,129539600
2016-04-20,24.219627380371094,24.43666108435248,23.977725069438975,24.108850137937278,122444000
2016-04-21,23.95737648010254,24.17441016154381,23.85564081000701,24.17441016154381,126210000
2016-04-22,23.891817092895508,24.072679380283482,23.652176028212455,23.740345918985675,134732400
2016-04-25,23.75617218017578,23.885036004470937,23.627308355880622,23.73808560575489,112126400
2016-04-26,23.591140747070312,23.805914987885917,23.491668014057062,23.491668014057062,224064800
2016-04-27,22.114856719970703,22.316065154282096,21.631051976252184,21.70339656246717,458408400
2016-04-28,21.43887710571289,22.12841075298126,21.30775206366952,22.067370736763944,328970800
2016-04-29,21.192455291748047,21.414011487618254,20.91438157658971,21.248974535866623,274126000
2016-05-02,21.16985321044922,21.269327656813207,20.889518172769012,21.24445904522221,192640400
2016-05-03,21.51801109313965,21.644613673926738,21.17889555903354,21.296454851931436,227325200
2016-05-04,21.294193267822266,21.68078473240166,21.210544156545893,21.52252979686506,164102000
2016-05-05,21.2077579498291,21.396544718750324,21.080384580596473,21.380623047596245,143562000
2016-05-06,21.089487075805664,21.25552714546316,20.89160192224227,21.237332185801375,174799600
2016-05-09,21.105405807495117,21.328309216431954,21.05991407635242,21.153170823695866,131745600
2016-05-10,21.248708724975586,21.282827102134387,20.95074515080972,21.228238739879952,134747200
2016-05-11,21.04172134399414,21.282821470879867,21.03034797617292,21.262351491200416,114876400
2016-05-12,20.548145294189453,21.103132306770988,20.35026188929821,21.089485654111517,305258800
2016-05-13,20.589086532592773,20.85065835989076,20.470811496382066,20.470811496382066,177571200
2016-05-16,21.353328704833984,21.469330447204086,20.846108496337617,21.014423559058507,245039200
2016-05-17,21.26463508605957,21.539853714508684,21.155458337506648,21.5057370651691,187667600
2016-05-18,21.50800132751465,21.655846442176664,21.355607906626723,21.417021320337167,168249600
2016-05-19,21.42611312866211,21.52619319651644,21.282818087687783,21.52619319651644,121768400
2016-05-20,21.65812110900879,21.70588613259609,21.49890262838541,21.526197671292028,128104000
2016-05-23,21.933334350585938,22.106199443485952,21.760469257685926,21.805960984939592,152074400
2016-05-24,22.2676944732666,22.31090945140186,22.026592621394197,22.113026048329143,140560800
2016-05-25,22.658912658691406,22.686205961289858,22.315457473227085,22.442830846238675,152675200
2016-05-26,22.838611602783203,22.91139666877815,22.436017850769858,22.67256974908665,225324800
2016-05-27,22.824951171875,22.852246207977387,22.574752747931566,22.61796945459403,145364800
2016-05-31,22.7135066986084,22.8363317971175,22.476954849850046,22.654368302585688,169228800
2016-06-01,22.395063400268555,22.640713508980472,22.365495080552662,22.52243675945316,116693200
2016-06-02,22.22675132751465,22.254044630798784,21.978826165580465,22.199456288898414,160766400
2016-06-03,22.27224349975586,22.35185186766778,22.165340090560306,22.242675173197796,114019600
2016-06-06,22.433732986450195,23.17523171397771,22.18808458108011,22.28816291833011,93170000
2016-06-07,22.524717330932617,22.715779152130132,22.508795657110518,22.57475737303988,89638000
2016-06-08,22.50424575805664,22.645265791831612,22.445107372904335,22.522440715899357,83392400
2016-06-09,22.665740966796875,22.74307432160156,22.39507075431559,22.404169102292457,106405600
2016-06-10,22.47922706604004,22.597502107995926,22.399618697864703,22.410990330271307,126851600
2016-06-13,22.140321731567383,22.545190398665728,22.085733380235403,22.447385329224215,152082000
2016-06-14,22.167617797851562,22.39962133855026,22.006126021848438,22.135774446827423,127727600
2016-06-15,22.094831466674805,22.38369836536012,22.069811444416,22.249499906396323,117780800
2016-06-16,22.188087463378906,22.233577464826187,21.851455552539154,21.937887249421912,125307200
2016-06-17,21.68313980102539,21.983378313250622,21.676316474550408,21.976554986775636,244032800
2016-06-20,21.630823135375977,21.965179990517978,21.614901463004077,21.835531591109053,137647600
2016-06-21,21.815061569213867,21.915139908778798,21.535293057720768,21.594431441553773,142185600
2016-06-22,21.733177185058594,22.037963965891365,21.687685455233666,21.892393901115703,116876400
2016-06-23,21.858272552490234,21.901489256088983,21.664937499300375,21.821880908932197,128960800
2016-06-24,21.24415397644043,21.530745828211515,21.073563877703485,21.132702264491982,301245600
2016-06-27,20.934818267822266,21.164546765885873,20.811993181788228,21.15317339788312,181958400
2016-06-28,21.287364959716797,21.30328836519613,20.957558191520455,21.130423278358293,161779600
2016-06-29,21.471607208251953,21.50572557469528,21.29646707033125,21.373802149958266,146124000
2016-06-30,21.74455451965332,21.78322119864781,21.448866007225885,21.480709358789877,143345600
2016-07-01,21.810514450073242,21.942437887322246,21.683141054292065,21.719532709372814,104106000
2016-07-05,21.605804443359375,21.699061198215826,21.485254382950593,21.696786177642384,110820800
2016-07-06,21.728633880615234,21.75820394800162,21.464788707162878,21.517102043514402,123796400
2016-07-07,21.82188606262207,21.949259448154788,21.749101022984483,21.767295981394707,100558400
2016-07-08,21.990205764770508,22.037970794387704,21.846910675918924,21.94698904187908,115648400
2016-07-11,22.05843734741211,22.210830749360824,22.001573982326867,22.006122287987527,95179600
2016-07-12,22.158517837524414,22.222204534939202,22.09028283400815,22.101654466928018,96670000
2016-07-13,22.033422470092773,22.215384239632336,22.02659740701068,22.156247575581588,103568800
2016-07-14,22.470129013061523,22.51561901394798,22.13577212701593,22.15169380085942,155676000
2016-07-15,22.467853546142578,22.586130322629735,22.404166852033615,22.499696893197058,120548000
2016-07-18,22.706676483154297,22.774911471405208,22.426907998862866,22.449652994946504,145975600
2016-07-19,22.715776443481445,22.74534476695894,22.595224658537607,22.64526469467805,95119600
2016-07-20,22.736248016357422,22.849974748173135,22.686207976705354,22.745346363142545,105104000
2016-07-21,22.615692138671875,22.97279391526822,22.547455423008667,22.706673847778895,130808000
2016-07-22,22.44055938720703,22.586129464017173,22.360949287264944,22.577031117300013,113254800
2016-07-25,22.140321731567383,22.481501964223952,22.04479168290332,22.347305239005255,161531600
2016-07-26,21.987924575805664,22.283614754680112,21.931061213355353,22.02204294034227,224959200
2016-07-27,23.41633415222168,23.734769358782028,23.37084415214117,23.716572664616915,369379200
2016-07-28,23.732492446899414,23.75751246554949,23.386763961975305,23.38903898239771,159479200
2016-07-29,23.70293426513672,23.780269374600763,23.5823841611482,23.698385957677832,110934800
2016-08-01,24.121440887451172,24.144185887101667,23.748417340119882,23.748417340119882,152671600
2016-08-02,23.764341354370117,24.125991569835236,23.655162915827727,24.12144326358999,135266400
2016-08-03,24.062301635742188,24.073673267492833,23.83029813577721,23.83939648237703,120810400
2016-08-04,24.210948944091797,24.240677448708052,24.076023511408614,24.14462990019436,109634800
2016-08-05,24.579130172729492,24.618006307760453,24.281838181325405,24.302419048789062,162213600
2016-08-08,24.782663345336914,24.782663345336914,24.505953931304926,24.588279156253062,112148800
2016-08-09,24.883277893066406,24.91300813568255,24.7003304722917,24.750641580042824,105260800
2016-08-10,24.698049545288086,24.903866973778754,24.64316547926824,24.860416143116,96034000
2016-08-11,24.68204116821289,24.9107268079648,24.663745898296824,24.81696485819469,109938000
2016-08-12,24.739212036132812,24.798670789690842,24.647737433289596,24.647737433289596,74641600
2016-08-15,25.036500930786133,25.050221508841652,24.71634073320655,24.73006131126207,103472800
2016-08-16,25.01363754272461,25.2080217547957,24.97476139820366,25.07080895927889,135177600
2016-08-17,24.977041244506836,25.011344433087153,24.775796802026377,24.94959834469605,101424000
2016-08-18,24.945026397705078,25.06394214550732,24.931304074884757,24.979329587656807,87938800
2016-08-19,25.009063720703125,25.084530406646195,24.78037806249972,24.8741382751019,101472400
2016-08-22,24.814687728881836,24.94961146492194,24.6637543176503,24.894727381171183,103280800
2016-08-23,24.89243507385254,24.99991761896039,24.81925572852661,24.83297631054609,85030800
2016-08-24,24.70490837097168,24.869562304003725,24.624868749284683,24.828398820745715,94700400
2016-08-25,24.599720001220703,24.670612007952162,24.396189873408847,24.558556506565868,100344800
2016-08-26,24.455646514892578,24.68661778922649,24.31157342376692,24.56312906073768,111065200
2016-08-29,24.428199768066406,24.56998549165305,24.30699665914969,24.382463338384497,99881200
2016-08-30,24.240680694580078,24.355023528045077,24.126337861115076,24.194944259087347,99455600
2016-08-31,24.26354217529297,24.371024688063702,24.15834700708172,24.162921696200687,118649600
2016-09-01,24.407615661621094,24.423623584360367,24.153774497660653,24.272690245904872,106806000
2016-09-02,24.63629913330078,24.69804347430421,24.42819441099936,24.629437100093668,107210000
2016-09-06,24.629440307617188,24.766653073907662,24.58599122670915,24.67517847795828,107521600
2016-09-07,24.780376434326172,24.871851040543895,24.48537174525884,24.659173322599212,169457200
2016-09-08,24.130905151367188,24.53110497470245,24.06687345879079,24.52653203011818,212008000
2016-09-09,23.584348678588867,24.17664537470225,23.584348678588867,23.929664472583937,186228000
2016-09-12,24.11260986328125,24.1766415511706,23.44713393971841,23.474576839413547,181171200
2016-09-13,24.686613082885742,24.878709919520208,24.52424649480716,24.585992592013305,248704800
2016-09-14,25.56019401550293,25.848338419451043,24.83526093273847,24.86499118349854,443554800
2016-09-15,26.429201126098633,26.465791668436328,25.953534544107114,26.038148864713218,359934400
2016-09-16,26.280555725097656,26.55726516534714,26.07931297166161,26.326293904105707,319547600
2016-09-19,25.974119186401367,26.568701587903128,25.898652495493096,26.34230325991154,188092000
2016-09-20,25.971830368041992,26.09760817908843,25.729424126461364,25.85291459237974,138057200
2016-09-21,25.967254638671875,26.067875131988767,25.713413443397382,26.03585928256072,144012800
2016-09-22,26.21194839477539,26.285127728976082,26.070162671440883,26.150202295608366,124296000
2016-09-23,25.775156021118164,26.25082252945932,25.509881609176286,26.166208221954566,209924800
2016-09-26,25.814035415649414,25.930665585095237,25.50988482865758,25.53046569958347,119477600
2016-09-27,25.862058639526367,25.88264125474517,25.69054440654601,25.841477769040566,98429600
2016-09-28,26.058731079101562,26.216524747781484,25.93981529984219,25.999274061838467,118564400
2016-09-29,25.65395736694336,26.024428763645872,25.567057444388357,25.878070081062116,143548000
2016-09-30,25.85291290283203,25.926092239549394,25.567055846165303,25.71798746482417,145516400
2016-10-03,25.731704711914062,25.852909553815465,25.67682065266904,25.775155537213298,86807200
2016-10-04,25.841476440429688,26.141054060318368,25.75686212840585,25.855197020048127,118947200
2016-10-05,25.85291290283203,25.992411286064037,25.770585930933372,25.932952529752114,85812400
2016-10-06,26.045011520385742,26.147919376772748,25.871209917964805,26.001560683597194,115117200
2016-10-07,26.08388328552246,26.198226104406544,25.958107231589743,26.141054694964502,97433600
2016-10-10,26.538965225219727,26.69904445123124,26.234812951065138,26.303417585898913,144944000
2016-10-11,26.596141815185547,27.142700379565017,26.57327185437994,26.91630032966746,256164000
2016-10-12,26.833972930908203,26.9803333498666,26.69904923690448,26.83626027589914,150347200
2016-10-13,26.75164794921875,26.856843138239455,26.46350354336801,26.708197117656685,140769600
2016-10-14,26.900291442871094,27.023781898930597,26.785948621860403,26.957462853376438,142608800
2016-10-17,26.88199234008789,26.94830962714969,26.705903455215502,26.83168123012435,94499600
2016-10-18,26.86370086669922,27.03292774205229,26.85912617711156,27.026067452403673,98214000
2016-10-19,26.783658981323242,26.93001763056003,26.02442283413263,26.81338748219759,80138400
2016-10-20,26.769939422607422,26.843118754782015,26.602999888927684,26.724202994273142,96503200
2016-10-21,26.664745330810547,26.73563906577721,26.591565995646846,26.71276910594301,92770800
2016-10-24,26.904870986938477,26.92545186096177,26.756224943859266,26.77909316324069,94154800
2016-10-25,27.042068481445312,27.067224033564788,26.827103488690696,26.973462112986308,192516000
2016-10-26,26.43376922607422,26.458924783136965,25.91236630646959,26.141051919961637,264536800
2016-10-27,26.179933547973633,26.495519111665708,26.093031885777496,26.388036578780813,138248000
2016-10-28,26.006134033203125,26.346875184613896,25.944387926768172,26.040437231807747,151446800
2016-10-31,25.9649715423584,26.122765215168037,25.88721750621552,25.990127105986986,105677600
2016-11-01,25.496166229248047,26.017569305696814,25.276628183624002,25.94667730250362,175303200
2016-11-02,25.519027709960938,25.692829271127486,25.436702491232396,25.475578628218926,113326800
2016-11-03,25.245502471923828,25.62017331781611,25.181142007961093,25.509841594934596,107730400
2016-11-04,25.0179386138916,25.342041758424088,24.85014194984837,24.94668264042319,123348000
2016-11-07,25.378820419311523,25.40180604772153,25.160452565188898,25.302966267236577,130240000
2016-11-08,25.52822494506836,25.67993323177175,25.215615524307584,25.355830121282235,97016800
2016-11-09,25.486852645874023,25.587991513710712,24.836350779053614,25.256992858020464,236705600
2016-11-10,24.776586532592773,25.535122773847835,24.326061562671892,25.535122773847835,228538000
2016-11-11,24.92369270324707,25.02483155418706,24.49155700560564,24.62257699264575,136575600
2016-11-14,24.298477172851562,24.781182360897954,23.92380636217132,24.758196733598787,204702000
2016-11-15,24.620281219482422,24.751301224165672,24.401915129573986,24.496156727620768,129058000
2016-11-16,25.282276153564453,25.33744376220521,24.50305165684557,24.52603728360043,235362000
2016-11-17,25.27307891845703,25.36502316958602,25.015637119724733,25.24089869361549,110528000
2016-11-18,25.298368453979492,25.40870192710526,25.206425939014256,25.22021696552083,113715600
2016-11-21,25.682235717773438,25.741998001934082,25.286876589000848,25.312161306796146,117058400
2016-11-22,25.698322296142578,25.84083422734658,25.60637803987788,25.73279985776237,103862000
2016-11-23,25.56730842590332,25.631668894599766,25.360434238170992,25.597189571029173,109705600
2016-11-25,25.696022033691406,25.714411234842505,25.50293892898638,25.54431375473098,45903600
2016-11-28,25.64545440673828,25.852328549976207,25.604079578090698,25.613274179311368,108776000
2016-11-29,25.62017250061035,25.751192513409958,25.300667526350065,25.46386777010459,114115200
2016-11-30,25.40410614013672,25.79027070188551,25.346641186029405,25.652355162766206,144649200
2016-12-01,25.167346954345703,25.500644689323998,25.061611665429094,25.369624684178312,148347600
2016-12-02,25.261585235595703,25.30525739275054,25.020231812289612,25.09378685736632,106112000
2016-12-05,25.079992294311523,25.291462799845917,24.882312809754044,25.284567289357458,137298000
2016-12-06,25.27307891845703,25.367322258129196,25.09838677037175,25.169642731993623,104782000
2016-12-07,25.521324157714844,25.55810255429244,25.091487608279657,25.114473229295417,119994800
2016-12-08,25.77187728881836,25.84313325425005,25.422489466585745,25.48225349606858,108273200
2016-12-09,26.19251251220703,26.3649072898311,25.8155427387643,25.8155427387643,137610400
2016-12-12,26.043113708496094,26.433874632014717,25.856926094665106,26.04081461966854,105497600
2016-12-13,26.47754669189453,26.645343337012505,26.146548071609143,26.16723460853157,174935200
2016-12-14,26.47754669189453,26.709703790136704,26.42927635205138,26.443067376666335,136127200
2016-12-15,26.622356414794922,26.83152963095171,26.486740002844183,26.521217562702347,186098000
2016-12-16,26.656835556030273,26.77866094325025,26.583280505990434,26.771765431323193,177404400
2016-12-19,26.81084632873535,26.980942085876432,26.606271251631483,26.617764942849433,111117600
2016-12-20,26.882097244262695,27.008520809100734,26.820035882963577,26.83382690687655,85700000
2016-12-21,26.907381057739258,26.98553428257856,26.843020610042583,26.847618786987013,95132800
2016-12-22,26.730390548706055,26.780959974316932,26.58098136040775,26.74418157253058,104343600
2016-12-23,26.783262252807617,26.783262252807617,26.569492575616366,26.569492575616366,56998000
2016-12-27,26.953359603881836,27.07748410155773,26.776366582612287,26.783262095756886,73187600
2016-12-28,26.83842658996582,27.128048630534312,26.709703929355662,27.013118748301817,83623600
2016-12-29,26.83152961730957,26.918875691723734,26.755675478278704,26.767167413662005,60158000
2016-12-30,26.622356414794922,26.939562241325184,26.532711251782224,26.813140429900198,122345200
2017-01-03,26.698209762573242,26.739584586867494,26.37870485695846,26.617759202470722,115127600
2017-01-04,26.6683349609375,26.780967532929388,26.606273582520334,26.62925921327887,84472400
2017-01-05,26.803945541381836,26.861410478782332,26.62005704022397,26.645341752975444,88774400
2017-01-06,27.102764129638672,27.160229067489293,26.771765526438056,26.843021488191795,127007600
2017-01-09,27.351015090942383,27.45215395665387,27.109663370982208,27.111960706154942,134247600
2017-01-10,27.37859344482422,27.440654802259388,27.192407618828085,27.30044022223815,97848400
2017-01-11,27.525705337524414,27.567080163085443,27.261366271645112,27.293546496671386,110354400
2017-01-12,27.41077423095703,27.422267919532228,27.17171988885633,27.330323672002628,108344800
2017-01-13,27.362506866455078,27.49582595216352,27.309638348435918,27.378596979992935,104447600
2017-01-17,27.58316993713379,27.638335785974654,27.174019863656817,27.201601911231894,137759200
2017-01-18,27.580873489379883,27.698102463870374,27.51651303395479,27.583172578128174,94852000
2017-01-19,27.53260040283203,27.603856363706946,27.4383588178385,27.445254329705012,102389200
2017-01-20,27.58316993713379,27.686606122921752,27.52110857639915,27.686606122921752,130391600
2017-01-23,27.601560592651367,27.76935723654545,27.53030287404862,27.58317139083835,88200800
2017-01-24,27.576276779174805,27.60615791782872,27.468242407108608,27.47973609703981,92844000
2017-01-25,28.015308380126953,28.06587781055767,27.647533095663874,27.679713323448713,129510400
2017-01-26,28.029094696044922,28.144024555544938,27.95094147966586,27.967031589848244,105350400
2017-01-27,28.031402587890625,28.123346860857197,27.95095200667905,28.075076512130252,82251600
2017-01-30,27.957839965820312,27.957839965820312,27.734877487763406,27.796938846873953,121510000
2017-01-31,27.893478393554688,27.90267299336527,27.7256817696607,27.847507148192374,196804000
2017-02-01,29.594444274902344,29.994401522323454,29.19448878117204,29.199085204775255,447940000
2017-02-02,29.54387664794922,29.741556195064256,29.371481816420356,29.417454823709267,134841600
2017-02-03,29.67029571533203,29.695580427074365,29.458825175024025,29.49330273313571,98029200
2017-02-06,29.948429107666016,29.996701204576585,29.628924154671164,29.68179442923557,107383600
2017-02-07,30.23345375061035,30.362174654170975,29.985204790579903,30.005891327070383,152735200
2017-02-08,30.350683212280273,30.392059795706793,30.16220002021809,30.192082913393808,92016400
2017-02-09,30.569990158081055,30.57691556512335,30.26987627009407,30.39222982462463,113399600
2017-02-10,30.50074005126953,30.690043950455642,30.484581938400783,30.579233887993837,80262000
2017-02-13,30.77083969116211,30.893196790880747,30.64617881878719,30.722361832911705,92141600
2017-02-14,31.170223236083984,31.186381347735317,30.76160653814567,30.81239521348662,132904800
2017-02-15,31.28333282470703,31.458785849663617,31.07787087910306,31.28564364193261,142492400
2017-02-16,31.246408462524414,31.37337663728283,31.1286694692627,31.320280662969946,90338400
2017-02-17,31.331823348999023,31.357217687790786,31.188693542675402,31.188693542675402,88792800
2017-02-21,31.558069229125977,31.56961275366342,31.391852339036305,31.449566439134408,98028800
2017-02-22,31.652713775634766,31.655021070965507,31.421857429381895,31.4957296284369,83347600
2017-02-23,31.518817901611328,31.738130734589046,31.465721926226674,31.71504721261627,83152800
2017-02-24,31.5488338470459,31.5488338470459,31.230250914298363,31.375691561437687,87106400
2017-02-27,31.611154556274414,31.728893535232476,31.46109935565045,31.659635933949133,81029600
2017-02-28,31.625024795532227,31.728909488396067,31.5580744556804,31.645801029587055,93931600
2017-03-01,32.27140808105469,32.35451650915443,31.76583562625202,31.832782418776734,145658400
2017-03-02,32.079795837402344,32.38452434862909,32.03362175524529,32.319884860714694,104844000
2017-03-03,32.26909255981445,32.28063607905567,31.994373005776005,32.038236265340124,84432400
2017-03-06,32.16752243041992,32.26679249102052,31.996690988707904,32.17444783899807,87000000
2017-03-07,32.209068298339844,32.3152602116108,32.040540682247865,32.10287286248171,69785200
2017-03-08,32.08903121948242,32.27371699576687,32.047478769177225,32.07748769797936,74828800
2017-03-09,32.01515579223633,32.040550130739646,31.63886235043582,32.02901013171941,88623600
2017-03-10,32.121360778808594,32.17214947086683,32.00593257369248,32.14675512483771,78451200
2017-03-13,32.135196685791016,32.18829264917748,32.047473685975916,32.054399093261644,69686800
2017-03-14,32.08673095703125,32.23909349746687,32.052100384931684,32.158295874412474,61236400
2017-03-15,32.426082611083984,32.49302939880526,32.09595621777302,32.18368275296958,102767200
2017-03-16,32.47917556762695,32.55535857439694,32.379905520288666,32.486100975279875,76928000
2017-03-17,32.31757736206055,32.550740976098126,32.294490321127455,32.550740976098126,175540000
2017-03-20,32.65694046020508,32.66617316416422,32.37298461657809,32.412229772933976,86168000
2017-03-21,32.2829475402832,32.9662838100566,32.25755320371015,32.80699238269728,158119600
2017-03-22,32.647705078125,32.689261053486796,32.26448268602448,32.28526243499958,103440800
2017-03-23,32.53226089477539,32.684626858487,32.460696024040544,32.61075117089834,81385200
2017-03-24,32.467655181884766,32.721598718729965,32.40070835267485,32.666191895439106,89582400
2017-03-27,32.523033142089844,32.60152343015169,32.00129570624854,32.179056024283945,94300400
2017-03-28,33.19713592529297,33.252539181636585,32.46301107545243,32.529961373650984,133499200
2017-03-29,33.271026611328125,33.35644588334221,33.056331828421015,33.16944922142346,116760000
2017-03-30,33.227149963378906,33.35873976262738,33.127883432090165,33.287174863774936,84829200
2017-03-31,33.164825439453125,33.30564795960182,33.014766692278144,33.178676257404064,78646800
2017-04-03,33.1740608215332,33.27102007760433,33.02400558483501,33.176371639770544,79942800
2017-04-04,33.42106628417969,33.44876791191297,33.051694808994476,33.070163735012486,79565600
2017-04-05,33.24794006347656,33.58037384658186,33.199458669028225,33.294110639443595,110871600
2017-04-06,33.164825439453125,33.3633620494564,33.11634405403635,33.310262550526474,84596000
2017-04-07,33.0909423828125,33.28486083634301,33.07478427297881,33.1809762021365,66688800
2017-04-10,33.051700592041016,33.21561013751287,32.989368396147434,33.15097064643362,75733600
2017-04-11,32.69618225097656,33.09325540952474,32.33373613194622,32.99860347139208,121517600
2017-04-12,32.73542785644531,32.816225457301364,32.55304938555892,32.68925729558643,81400000
2017-04-13,32.56229019165039,32.869329572304196,32.56229019165039,32.7608268015999,71291600
2017-04-17,32.74235534667969,32.75389886827551,32.52073170883979,32.66155421809713,66328400
2017-04-18,32.5969123840332,32.79083085160347,32.57613616020524,32.645393762219754,58790000
2017-04-19,32.47686767578125,32.78159973031379,32.423771704796266,32.75389809720652,69313600
2017-04-20,32.8831787109375,32.99398877144453,32.58768286785988,32.601533685099724,93278400
2017-04-21,32.84393310546875,32.93858152950958,32.74697386352734,32.883178261307776,69283600
2017-04-24,33.16019821166992,33.23176309980541,33.05400276558699,33.12787847113817,68537200
2017-04-25,33.365665435791016,33.451081151540144,33.21329941100493,33.222535636949104,75486000
2017-04-26,33.16944122314453,33.381832181324775,33.10018713089948,33.35181972629284,80164800
2017-04-27,33.19483184814453,33.280251089997954,33.08402179036965,33.224844299816404,56985200
2017-04-28,33.16251754760742,33.31257630802334,33.07479451864811,33.264094918328645,83441600
2017-05-01,33.838924407958984,33.98205421858617,33.46493824595202,33.49725799424165,134411600
2017-05-02,34.053619384765625,34.187516492302215,33.898946050866904,34.060544793553,181408800
2017-05-03,33.9497184753418,34.048988491411315,33.30563110838422,33.610359516890874,182788000
2017-05-04,33.82737731933594,33.96819981973374,33.66116048206023,33.82507002419722,93487600
2017-05-05,34.38835906982422,34.39297365997338,33.88047234638502,33.88047234638502,109310800
2017-05-08,35.323333740234375,35.48262520742203,34.40452632623706,34.40452632623706,195009600
2017-05-09,35.549591064453125,35.755053193299005,35.42492659105562,35.52188589114792,156521600
2017-05-10,35.38102340698242,35.53800747009286,35.11554016003121,35.46644260470182,103222800
2017-05-11,35.68703079223633,35.71485030550532,35.30686379075656,35.33931694196356,109020400
2017-05-12,36.1854248046875,36.259601924283665,35.853935742783264,35.86088973721014,130108000
2017-05-15,36.09270095825195,36.312919047116495,35.942026354589,36.16456126267978,104038800
2017-05-16,36.03938293457031,36.17614953767241,35.865526004045456,36.14833356066949,80194000
2017-05-17,34.829341888427734,35.830759605936734,34.70416644230344,35.605904337064445,203070800
2017-05-18,35.36018753051758,35.54563566989228,35.03333911992574,35.06579227903164,134272800
2017-05-19,35.4807243347168,35.693988426847056,35.38104805196041,35.55490499482918,107843200
2017-05-22,35.69630432128906,35.833070917006374,35.44594993039589,35.69862114020477,91865600
2017-05-23,35.65226745605469,35.90725553809136,35.53867963713025,35.90725553809136,79675600
2017-05-24,35.54563522338867,35.73803735607429,35.3903234255379,35.6615398669008,76712000
2017-05-25,35.66847610473633,35.77974705384383,35.47375724948908,35.63602296219512,76942400
2017-05-26,35.608211517333984,35.75425244588684,35.538668049588445,35.69861696426487,87710400
2017-05-30,35.62213134765625,35.79830512567792,35.54331704199883,35.5641790281207,80507600
2017-05-31,35.411170959472656,35.73802276968402,35.32308587160289,35.69166163862716,97804800
2017-06-01,35.50851821899414,35.54329170820769,35.285983451383395,35.50620140123045,65616400
2017-06-02,36.034751892089844,36.034751892089844,35.44132070084321,35.60126967008821,111082800
2017-06-05,35.682395935058594,35.80293773471264,35.57344884238732,35.77743857588445,101326800
2017-06-06,35.80293273925781,36.11819341481537,35.647620988839236,35.67543696290587,106499600
2017-06-07,36.01618957519531,36.157593310239754,35.80987955558561,35.93505848805235,84278400
2017-06-08,35.9281120300293,36.05560427043574,35.79134190296804,35.98838115344194,85003200
2017-06-09,34.53493881225586,35.9744757167898,33.84878545799699,35.9744757167898,259530800
2017-06-12,33.70968246459961,33.864994153579076,33.035117063308896,33.78386308226973,289229200
2017-06-13,33.98092269897461,34.1802788282569,33.64711675811784,34.11305569103418,136661600
2017-06-14,33.64942169189453,34.19185432860384,33.34343187398011,34.19185432860384,126124800
2017-06-15,33.447750091552734,33.49179440836366,32.965590036801295,33.22289840705595,128661600
2017-06-16,32.97948455810547,33.496417906333754,32.96325622185263,33.32951505663312,201444400
2017-06-19,33.92295837402344,34.015684178746284,33.30171139945538,33.30171139945538,130165600
2017-06-20,33.61465072631836,34.04581597861936,33.59842592166932,34.04581597861936,99600400
2017-06-21,33.81401824951172,33.860382934814176,33.52193983260215,33.73288712449016,85063200
2017-06-22,33.75836944580078,34.006403410215725,33.640144509237814,33.790822587045554,76425200
2017-06-23,33.90904998779297,34.11304321865027,33.637833644291,33.64247081875442,141757600
2017-06-26,33.80242919921875,34.37267801840908,33.70043255523252,34.115369589126985,102769600
2017-06-27,33.317935943603516,33.88123414935827,33.292436789645436,33.61465144213694,99047600
2017-06-28,33.80474090576172,33.86964720809466,33.185810677504435,33.49411738215002,88329600
2017-06-29,33.306339263916016,33.64246538422548,32.98180784645597,33.54510595898746,125997600
2017-06-30,33.385154724121094,33.603055890739796,33.329519254837514,33.484830960653056,92096400
2017-07-03,33.264617919921875,33.68187515874708,33.171895661128474,33.584515725875775,57111200
2017-07-05,33.40138626098633,33.56365199104382,33.08380879379327,33.30866399727566,86278400
2017-07-06,33.08613204956055,33.264626155915046,33.01195493158579,33.153358710388744,96515200
2017-07-07,33.42226028442383,33.55439327181347,33.12554468906654,33.12554468906654,76806800
2017-07-10,33.626243591308594,33.83255364767231,33.23448545866642,33.406025548221365,84362400
2017-07-11,33.73518753051758,33.80936816120686,33.468608405373175,33.54973949092153,79127200
2017-07-12,33.78387451171875,33.885867589830724,33.57061046945743,33.814007302855764,99538000
2017-07-13,34.25444412231445,34.42134701782428,33.714328298946185,33.728236284050766,100797600
2017-07-14,34.548851013183594,34.61607768026899,34.15245915410795,34.30081694099434,80528400
2017-07-17,34.66938018798828,34.98000363842423,34.439891364919156,34.497843659573356,95174000
2017-07-18,34.7899169921875,34.801508156891565,34.46306524801784,34.58592381220187,71475200
2017-07-19,35.00782012939453,35.10054237800285,34.759782631820336,34.882641202933534,83692000
2017-07-20,34.85020065307617,35.17473571470918,34.81543068156793,35.11910022316766,68974800
2017-07-21,34.8339729309082,34.87338007436318,34.51175825242053,34.76906663143788,105010400
2017-07-24,35.25586700439453,35.33700165449248,34.74820419505378,34.905836319982505,85972800
2017-07-25,35.40655517578125,35.66154329373315,35.18865385909896,35.18865385909896,75415600
2017-07-26,35.573448181152344,35.68239527179852,35.48072236116956,35.54794902279812,63124000
2017-07-27,34.901187896728516,35.69629518520413,34.14549127963004,35.640659711313354,129905200
2017-07-28,34.655479431152344,34.82469917644037,34.58361913673393,34.74588488818327,68854800
2017-07-31,34.476985931396484,34.847882115795706,34.3379025150929,34.74820230717305,79383600
2017-08-01,34.7829704284668,34.82237756717428,34.40280349002849,34.56275240057083,141474400
2017-08-02,36.42650604248047,37.03152833707844,36.199333963891554,36.922577704697034,279747200
2017-08-03,36.06256103515625,36.442728003738814,35.93506526032993,36.40563768067518,108389200
2017-08-04,36.252655029296875,36.48678114081748,36.09038923234551,36.17847789517443,82239600
2017-08-07,36.813629150390625,36.839128311262435,36.31755746017154,36.407962932875485,87481200
2017-08-08,37.1080322265625,37.51369849126569,36.688457970153,36.76495546166681,144823600
2017-08-09,37.33519744873047,37.38387894784038,36.88317011611761,36.9179400889615,104526000
2017-08-10,36.145992279052734,37.23511776931683,35.98541526550975,37.21184440030399,163217200
2017-08-11,36.64867401123047,36.90234102138387,36.32054214207355,36.44388322040585,105028400
2017-08-14,37.20021057128906,37.28398972674432,36.94421772100424,37.07686953006569,88490800
2017-08-15,37.60747528076172,37.747104860028465,37.267703224278414,37.388718367124,117862000
2017-08-16,37.456199645996094,37.81924146711986,37.27002335154309,37.686593209871155,110686400
2017-08-17,36.737117767333984,37.400370076073735,36.732462380849725,37.35615278202183,111762400
2017-08-18,36.653324127197266,37.11876316373311,36.47180318702973,36.737103295814435,109712400
2017-08-21,36.585845947265625,36.744093553772515,36.09713341937052,36.65333306156558,105474000
2017-08-22,37.183937072753906,37.23513566837947,36.77435185876866,36.82322098576263,86418400
2017-08-23,37.23046875,37.34450259602937,36.97447940218413,37.018696680257115,77596400
2017-08-24,37.06523132324219,37.40732923138063,36.89767301921449,37.335183212160295,79275600
2017-08-25,37.202545166015625,37.365448131007646,37.06524149202365,37.15367250100886,101920400
2017-08-28,37.57721710205078,37.70055815018912,37.21882709155933,37.2676997479055,103864000
2017-08-29,37.91233444213867,37.96120354836879,37.235119847665004,37.258393217976895,118067600
2017-08-30,38.014732360839844,38.1403993304265,37.84251864968543,38.11945542733169,109078400
2017-08-31,38.1660041809082,38.28701933479134,38.04498902702507,38.08222500529962,107140400
2017-09-01,38.17763900756836,38.38475924397722,38.07989723262444,38.35217865232924,66364400
2017-09-05,37.719173431396484,38.22417427268213,37.36543883044812,38.10781453364809,117874000
2017-09-06,37.67961883544922,37.93095634650661,37.35613884039739,37.86579516412337,86606800
2017-09-07,37.528350830078125,37.75641853046921,37.318904669575105,37.721508469706514,87714000
2017-09-08,36.91630172729492,37.50275241073847,36.8930283529123,37.43526530665827,114446000
2017-09-11,37.584205627441406,37.71220208436392,37.2095270268237,37.35148608795261,126323200
2017-09-12,37.43525314331055,38.156684902545834,36.94887031550586,37.84251220555239,286856000
2017-09-13,37.1536750793457,37.22582112336586,36.74874533126742,37.20487366489882,179629600
2017-09-14,36.8348388671875,37.09548354744911,36.79062159799653,37.00007125979313,95042800
2017-09-15,37.20720672607422,37.46087021016209,36.76969278946842,36.87907127361987,196458400
2017-09-18,36.92560958862305,37.35148677989925,36.769687920399264,37.260726299857986,113077600
2017-09-19,36.939552307128906,37.18158249095721,36.872065238205856,37.12107316949188,83242400
2017-09-20,36.32054138183594,36.83019420658848,35.79924831851858,36.74641502768066,211805600
2017-09-21,35.69685745239258,36.257712511577544,35.547917058150425,36.257712511577544,150046800
2017-09-22,35.34777069091797,35.436205252199564,35.03825327745074,35.26631743173562,186581600
2017-09-25,35.03593063354492,35.333811387669186,34.712450585659106,34.90560824749289,177549200
2017-09-26,35.638671875,35.820192840580866,35.30122923647242,35.3221731438044,146640000
2017-09-27,35.892330169677734,36.00636401155548,35.731753134529605,35.79226248169732,102016800
2017-09-28,35.67124557495117,35.90396508081647,35.53626783542716,35.81320461556972,88022000
2017-09-29,35.86674499511719,35.86907446385912,35.37338056046845,35.65497284974704,105199200
2017-10-02,35.794586181640625,35.94352652149234,35.54092277566186,35.899309247767675,74795200
2017-10-03,35.95051193237305,36.09247098744628,35.81786364705247,35.8411334693977,64921200
2017-10-04,35.71778869628906,35.80622324467119,35.48041735750207,35.75269875271151,80655200
2017-10-05,36.16230392456055,36.17394061650935,35.8504604660437,35.880711603886795,85135200
2017-10-06,36.14133834838867,36.185555620680645,35.969124643414084,36.0645404887791,69630400
2017-10-09,36.26701354980469,36.47413380572226,36.185563838522064,36.26003224743813,65051600
2017-10-10,36.28096389770508,36.769676204372644,36.094791162800576,36.3181998650929,62468000
2017-10-11,36.432247161865234,36.53231486634605,36.24607080706663,36.29726939341171,67622400
2017-10-12,36.30424499511719,36.62306960009468,36.24140973064828,36.38569824724422,64500400
2017-10-13,36.53463363647461,36.60212072543048,36.3996559075453,36.47412429704772,65576800
2017-10-16,37.20720672607422,37.235131938702196,36.68823951794495,36.74641941159917,96486000
2017-10-17,37.34450149536133,37.437587882547504,37.05592801345531,37.183924459099835,75989200
2017-10-18,37.17927169799805,37.40035809744781,37.142039271107095,37.33286744361,65496800
2017-10-19,36.29958724975586,36.55558012463436,36.07617851442355,36.47878226217081,170336800
2017-10-20,36.362430572509766,36.71150990600586,36.29494346381537,36.446209754589574,95896400
2017-10-23,36.343814849853516,36.69754959082178,36.18789316395103,36.51137322446907,87937200
2017-10-24,36.560237884521484,36.6347062841316,36.350788186643285,36.37173209112569,71028800
2017-10-25,36.399658203125,36.66495829367814,36.13435811257186,36.51601795426265,84828400
2017-10-26,36.632381439208984,36.73012321400495,36.485767001505955,36.590490078000336,68002000
2017-10-27,37.944915771484375,38.07291220866558,36.9325845104359,37.069888165313095,177816800
2017-10-30,38.79899978637695,39.11317256791725,38.10084120608133,38.140403099509236,178803200
2017-10-31,39.33891296386719,39.480872037882925,38.85020401718745,39.073612806807134,144187200
2017-11-01,38.83855438232422,39.54834951579642,38.540673728115806,39.53205744749529,134551200
2017-11-02,39.12247085571289,39.21323130839192,38.46387431918874,38.77106572888228,165573600
2017-11-03,40.144126892089844,40.553712067810444,39.82297274062707,40.493206256368886,237594400
2017-11-06,40.55137634277344,40.72359006586679,39.962596241505004,40.11386250903352,140105200
2017-11-07,40.68170166015625,40.784098824511965,40.40011300919636,40.47225549744198,97446000
2017-11-08,41.01448440551758,41.01448440551758,40.569989325102334,40.646787183316825,97638000
2017-11-09,40.93070983886719,40.9819084167544,40.293057083101544,40.75151481626194,117930400
2017-11-10,40.79524230957031,40.9610687035548,40.70182129794561,40.89800756062739,100582000
2017-11-13,40.63176345825195,40.75554793191091,40.498634742929674,40.521991783303974,67928400
2017-11-14,40.01749801635742,40.51730788656065,39.980128188133286,40.41454264083575,99130000
2017-11-15,39.48966598510742,39.77927683331214,39.32617742716253,39.697530772448054,116632400
2017-11-16,39.961448669433594,40.14128429391195,39.77460308353181,39.98013002061895,94550000
2017-11-17,39.73957443237305,40.02918531900126,39.620462088020936,39.94743924729169,87598000
2017-11-20,39.69987487792969,39.8353378776979,39.60178171888046,39.77227671695763,65049600
2017-11-21,40.43791198730469,40.56870286213054,39.88671932640713,39.88671932640713,100525200
2017-11-22,40.86298370361328,40.87232438112121,40.41689062220264,40.48929245518663,102355600
2017-11-24,40.86530685424805,40.98909128927828,40.790567199401096,40.89567028450248,56106800
2017-11-27,40.65978240966797,40.891004241956935,40.48461532684453,40.88399784374668,82867200
2017-11-28,40.42155838012695,40.8419565345033,40.138953913985674,40.70883140262639,105715200
2017-11-29,39.583106994628906,40.38654095812081,39.041258419766855,40.31881122268246,166665600
2017-11-30,40.13661575317383,40.204345451649964,39.340188625783696,39.804962967086695,166108800
2017-12-01,39.949771881103516,40.094575523647414,39.35420310942091,39.69285874389665,159037200
2017-12-04,39.6578369140625,40.3164634359694,39.61813279428302,40.28376571592841,130169600
2017-12-05,39.62046432495117,40.05955101829121,39.33085342197184,39.485001333095546,109400800
2017-12-06,39.47332763671875,39.75126005364587,38.87776224477137,39.120659097370506,114240000
2017-12-07,39.54573059082031,39.807312348742876,39.44997171022931,39.47799730892554,102693200
2017-12-08,39.55738830566406,39.93808581967727,39.4289353251064,39.818973513352255,93420800
2017-12-11,40.3281364440918,40.379519077673,39.42193752142367,39.517696389805344,141095200
2017-12-12,40.10158157348633,40.262735852355064,40.04553039042469,40.206681105510164,77636800
2017-12-13,40.23471450805664,40.53132821982413,40.171653356672216,40.288431418755565,95273600
2017-12-14,40.22303009033203,40.435566987462984,40.089901408464364,40.265068475900904,81906000
2017-12-15,40.63176345825195,40.67847397521654,40.279094956817715,40.55235522303376,160677200
2017-12-18,41.20396423339844,41.38613769523844,40.83961730971844,40.84428942929417,117684400
2017-12-19,40.764888763427734,40.963412916005446,40.659789208915306,40.879332559638705,109745600
2017-12-20,40.72051239013672,40.97041559422269,40.46359922352152,40.84195901091509,93902400
2017-12-21,40.874656677246094,41.11055064734147,40.66212330924727,40.678470385039326,83799600
2017-12-22,40.874656677246094,40.97041554503167,40.75554433493134,40.79758272735407,65397600
2017-12-26,39.837669372558594,40.04786845648848,39.629801003099054,39.89138628266804,132742000
2017-12-27,39.84467315673828,39.88671154525252,39.63680836470116,39.7278951035987,85992800
2017-12-28,39.9567756652832,40.13661484956386,39.81664058801304,39.938090750728314,65920800
2017-12-29,39.52470397949219,39.8423404676631,39.52236970108952,39.82599339127674,103999600
2018-01-02,40.232383728027344,40.24172797035305,39.53171523253815,39.74191791945546,102223600
2018-01-03,40.225364685058594,40.76721652854548,40.16230710620868,40.29543222534164,118071600
2018-01-04,40.4122200012207,40.51498527654076,40.19034237338912,40.29777620574446,89738400
2018-01-05,40.8723258972168,40.95874053156003,40.41689212140461,40.50797887656705,94640000
2018-01-08,40.72051239013672,41.0147918288002,40.622415680131866,40.72051239013672,82271200
2018-01-09,40.715843200683594,40.88633818873765,40.50097197485756,40.76722583770547,86336000
2018-01-10,40.70649337768555,40.708831219637595,40.405207559899,40.442577393297114,95839600
2018-01-11,40.937721252441406,40.98676961148585,40.753213463964485,40.77656694044623,74670800
2018-01-12,41.360443115234375,41.42350425128343,41.02412180801642,41.14790623861987,101672400
2018-01-16,41.15024948120117,41.897628282123996,41.13857096354328,41.549628413105026,118263600
2018-01-17,41.829898834228516,41.86493082363039,40.88866803861023,41.1409054898702,137547200
2018-01-18,41.86726760864258,42.06345745239051,41.63137721705079,41.89295892367008,124773600
2018-01-19,41.680423736572266,41.942005431691854,41.43518911550599,41.71545572653174,129700400
2018-01-22,41.33944320678711,41.52161673920579,41.24602216177707,41.40951077243685,108434400
2018-01-23,41.34878158569336,41.90931851592628,41.29740250844497,41.40950846897786,130756400
2018-01-24,40.69015121459961,41.40950455731997,40.45192295265972,41.39782603750043,204420400
2018-01-25,39.96378707885742,40.86064170736339,39.82832410416899,40.757876446304344,166116000
2018-01-26,40.05720138549805,40.17164514591045,39.718545787431545,40.17164514591045,156572000
2018-01-29,39.228092193603516,39.74191500654441,39.02022736439535,39.74191500654441,202561600
2018-01-30,38.99686050415039,39.0902815143299,38.46668718373474,38.66053916545118,184192800
2018-01-31,39.10429763793945,39.34019158896355,38.8870921670817,38.973506787042304,129915600
2018-02-01,39.18605422973633,39.382240558791324,38.94782593657848,39.04358482234974,188923200
2018-02-02,37.48576354980469,38.95716806545105,37.39234251164283,38.77032242534317,346375200
2018-02-05,36.5492057800293,38.27518570798291,36.434761975477315,37.15878751717038,290954000
2018-02-06,38.076656341552734,38.237810644644064,35.967644731061384,36.16149675044778,272975200
2018-02-07,37.26153564453125,38.163062260948806,37.15176756499472,38.090660445947215,206434400
2018-02-08,36.2362174987793,37.602521732588116,36.208191914916895,37.43669537924355,217562000
2018-02-09,36.67945861816406,37.026530037973,35.23254226234786,36.83423501638265,282690400
2018-02-12,38.1568603515625,38.43357852431035,36.93741390436866,37.16957849038807,243278000
2018-02-13,38.53911209106445,38.63526140008167,37.90828388171339,37.97863712192877,130196800
2018-02-14,39.249664306640625,39.28953029970094,38.19672402713639,38.23424264640194,162579600
2018-02-15,40.567604064941406,40.59105275486671,39.63191438389785,39.81717442105685,204588800
2018-02-16,40.436275482177734,40.99675390725299,40.2815026814743,40.419861757422765,160704400
2018-02-20,40.30024719238281,40.865409397416904,40.19940677665754,40.347148130210115,135722000
2018-02-21,40.11735153198242,40.832599250578035,40.10327802296101,40.53008500542689,149886400
2018-02-22,40.45269012451172,40.792726514243476,40.26743010361679,40.288534996190876,123967600
2018-02-23,41.156227111816406,41.191401942979354,40.69658904083861,40.72707628005614,135249600
2018-02-26,41.96996307373047,42.06845615928356,41.32272126367563,41.35555229219334,152648800
2018-02-27,41.83395004272461,42.32407170138227,41.78001411689453,42.00045256808782,155712400
2018-02-28,41.7706298828125,42.35690081010692,41.75421615757141,42.037969282526205,151128400
2018-03-01,41.038963317871094,42.15991300108843,40.490214610015975,41.869121344243176,195208000
2018-03-02,41.32271957397461,41.34382446752006,40.44096585273092,40.52304520982578,153816000
2018-03-05,41.46576690673828,41.681514152796034,40.92639700243722,41.088208331558874,113605600
2018-03-06,41.43058776855469,41.8011113730967,41.30395484011507,41.72137939673423,95154000
2018-03-07,41.045997619628906,41.23829619080357,40.86777255571941,41.024892726201514,126814000
2018-03-08,41.493919372558594,41.536129169515,41.05538978315525,41.151535513438546,95096400
2018-03-09,42.20682144165039,42.21151261164634,41.599445535644904,41.733117043172626,128740800
2018-03-12,42.6148681640625,42.77198836793643,42.26076175637478,42.27951928008762,128828400
2018-03-13,42.20447540283203,43.03228973656736,42.033285279377445,42.81888624202116,126774000
2018-03-14,41.845672607421875,42.333450428842454,41.69793119458534,42.28654947219528,117473600
2018-03-15,41.894927978515625,42.26779908740857,41.758916243258284,41.85975314669296,90975200
2018-03-16,41.7471809387207,42.00513799817259,41.65337544393605,41.894918778246705,157618800
2018-03-19,41.109317779541016,41.61820051060324,40.72472419771771,41.58302568659741,133787200
2018-03-20,41.09524917602539,41.46108167074591,41.02489594742979,41.09524917602539,78597600
2018-03-21,40.164249420166016,41.06006953035237,40.16190204635174,41.04834339622222,148219600
2018-03-22,39.596736907958984,40.494900752679506,39.538109819601516,39.866420083077934,165963200
2018-03-23,38.6798095703125,39.847660204185324,38.6798095703125,39.48886269872853,164115200
2018-03-26,40.51602554321289,40.5934137604131,39.03158663869596,39.41383655381112,150164800
2018-03-27,39.477134704589844,41.07413599250078,39.14413327762529,40.729408432396,163690400
2018-03-28,39.040958404541016,39.87112016511795,38.73844413544846,39.22153087897611,166674000
2018-03-29,39.3458137512207,40.27681225973409,39.139445242034746,39.35284871600534,153594000
2018-04-02,39.087852478027344,39.61784367192837,38.569590996327946,39.078473717905176,150347200
2018-04-03,39.488861083984375,39.57328423348167,38.6657380601208,39.31297982072446,121112000
2018-04-04,40.243980407714844,40.337782321799516,38.63994405999684,38.665740123117175,138422000
2018-04-05,40.523040771484375,40.858385971022656,40.35419448498673,40.47144865181492,107732800
2018-04-06,39.486515045166016,40.447997082703736,39.44430168365907,40.09389078098584,140021200
2018-04-09,39.878150939941406,40.59105484435307,39.83124997936275,39.838284944533854,116070800
2018-04-10,40.628578186035156,40.80445947688379,40.225223472757165,40.56995108908561,113634400
2018-04-11,40.43862533569336,40.785696733727676,40.26508784751927,40.389377001781156,89726400
2018-04-12,40.8372917175293,41.03896908014141,40.57933105198561,40.66610159129438,91557200
2018-04-13,40.975643157958984,41.235947570635815,40.76927824238423,40.98736929116872,100497200
2018-04-16,41.23126220703125,41.318029156505595,40.99909763886708,41.04599859592581,86313600
2018-04-17,41.79878234863281,41.96293752806813,41.36963150776399,41.38839261088725,106421600
2018-04-18,41.70497131347656,41.93479211258438,41.479845262421385,41.69793634802571,83018000
2018-04-19,40.523040771484375,41.13041649685922,40.490209747905006,40.748166767939104,139235200
2018-04-20,38.86272430419922,40.152520237693295,38.79471487839581,40.00712620479609,261964400
2018-04-23,38.75016403198242,39.14413637278911,38.48047726168653,39.123031478455985,146062000
2018-04-24,38.210792541503906,39.00577573441421,37.80743787824953,38.85099935886724,134768000
2018-04-25,38.37729263305664,38.792373442463585,38.08650454957621,38.135749302540106,113528400
2018-04-26,38.51096725463867,38.86507362764552,38.31163369614759,38.48751498482302,111852000
2018-04-27,38.065399169921875,38.5367596909896,37.669079464232254,38.459371501862606,142623200
2018-04-30,38.75485610961914,39.22387290010459,37.95283782728673,38.02084726576304,169709600
2018-05-01,39.65538787841797,39.67883658089463,38.75721991447035,39.0245594552507,214277600
2018-05-02,41.40714645385742,41.68386462519915,40.75755723807973,41.09290250453425,266157600
2018-05-03,41.482181549072266,41.62523178453475,40.907636811934324,41.24532940570239,136272800
2018-05-04,43.109683990478516,43.20817709910858,41.78236545254622,41.80112655585403,224805200
2018-05-07,43.42156982421875,44.01018453355884,43.32542053554756,43.42625741514392,169805600
2018-05-08,43.630271911621094,43.67013789503362,43.072140987220045,43.38169367486485,113611200
2018-05-09,43.937477111816406,43.94685586976027,43.43562947146801,43.747525953215835,92844800
2018-05-10,44.56596755981445,44.643355748706455,44.00549271751808,44.026601189625815,111957200
2018-05-11,44.39646911621094,44.74252598594442,44.1280988490821,44.608342648435915,104848800
2018-05-14,44.29288864135742,44.61775924769171,44.224620553416436,44.4953436639537,83115200
2018-05-15,43.89033508300781,44.03864620212648,43.574882993810874,43.97037452197802,94780800
2018-05-16,44.29995346069336,44.36587231146577,43.78675557653705,43.80323618725819,76732400
2018-05-17,44.01982498168945,44.47181696457234,43.87151382139041,44.2575905312766,69176000
2018-05-18,43.8597297668457,44.21284873798185,43.81735721452309,44.06689404605473,73190800
2018-05-21,44.170475006103516,44.55655159388453,44.00097761711557,44.2575765338486,73603200
2018-05-22,44.05982971191406,44.46473973224768,43.970371760969364,44.347033414525384,60962800
2018-05-23,44.342323303222656,44.37528092786658,43.73024902599362,43.86914520823956,80233600
2018-05-24,44.29288864135742,44.455323944524565,43.836191117930454,44.43884692692997,92936000
2018-05-25,44.39411163330078,44.64600126495954,44.17517603214325,44.31171578071335,69844000
2018-05-29,44.234039306640625,44.434141513213916,43.99156454363286,44.16341837924985,90056400
2018-05-30,44.1398811340332,44.25758748372396,43.9703837031095,44.19167221526615,74762000
2018-05-31,43.991554260253906,44.31171556066353,43.81970405692057,44.073950112432165,109931200
2018-06-01,44.784912109375,44.78961777692441,44.198733209336964,44.25523354894354,93770000
2018-06-04,45.15919876098633,45.53350392684501,45.046201720599235,45.114469792969665,105064800
2018-06-05,45.50761413574219,45.65592523952757,45.28397285957056,45.45111740448041,86264000
2018-06-06,45.66535186767578,45.68889457314305,45.18040230879515,45.58295958276537,83734400
2018-06-07,45.542938232421875,45.71714131505994,45.27927359062222,45.70301712912846,85388800
2018-06-08,45.128604888916016,45.199229403281045,44.674260192565555,45.00383647011967,106627200
2018-06-11,45.017948150634766,45.19215475873357,44.7778298974444,45.04620010380088,73234000
2018-06-12,45.26515197753906,45.34283859669024,44.999134487001314,45.05563482605106,67644400
2018-06-13,44.8931884765625,45.406389885336665,44.83198248503108,45.29809849342999,86553600
2018-06-14,44.91674041748047,45.09800918830484,44.78020063094766,45.093299928876135,86440400
2018-06-15,44.455326080322266,44.766072517330024,44.31878630576844,44.73546772189716,246876800
2018-06-18,44.43178176879883,44.54477882716092,44.06924430139088,44.22932676017291,73939600
2018-06-19,43.713768005371094,43.86443193167213,43.1864424672618,43.584290351805045,134314000
2018-06-20,43.90446853637695,44.06925670790328,43.72319975164164,43.869158068233006,82514800
2018-06-21,43.65964126586914,44.33998383053485,43.537225655114895,44.08102842165333,102847600
2018-06-22,43.53249740600586,43.822053897184134,43.4807063468213,43.81499180657816,108801600
2018-06-25,42.885128021240234,43.53251289934205,42.54613318305983,43.174684615472465,126652400
2018-06-26,43.41714859008789,43.91151653812936,42.9722188736952,43.07815742835521,98276800
2018-06-27,43.35358428955078,44.08807043532732,43.32297950277305,43.60547389790933,101141200
2018-06-28,43.669044494628906,43.836189048695495,43.26884372711666,43.33946823717454,69460800
2018-06-29,43.57722854614258,44.066887207854,43.0593215205996,43.85501370278321,90950800
2018-07-02,44.06453323364258,44.092785191156864,43.17938306061224,43.273550265473915,70925200
2018-07-03,43.29709243774414,44.24580509220455,43.20763448482043,44.208138207593315,55819200
2018-07-05,43.64550018310547,43.88326923845472,43.38183918687277,43.61254255857638,66416800
2018-07-06,44.25051498413086,44.358802788798194,43.59842095439938,43.65021202345311,69940800
2018-07-09,44.86494064331055,44.88847975166625,44.56361275630815,44.61069456513132,79026400
2018-07-10,44.810794830322266,45.029726848456654,44.77077152281335,44.89554351943175,63756400
2018-07-11,44.22932815551758,44.67661073672415,44.16576573663476,44.375282843511165,75326000
2018-07-12,44.97087860107422,45.06033655826407,44.5659685524734,44.617759623255736,72164400
2018-07-13,45.04151153564453,45.16157071738776,44.940282208513345,44.98265836167209,50055600
2018-07-16,44.942630767822266,45.352246488020654,44.82727727386679,45.08623263086396,60172400
2018-07-17,45.069759368896484,45.168632268930324,44.54008080949994,44.66955850910829,62138000
2018-07-18,44.82257080078125,45.15215069308998,44.711926558834094,45.147441433912235,65573600
2018-07-19,45.17097473144531,45.328700755988756,44.6554205182641,44.6554205182641,81147200
2018-07-20,45.06740188598633,45.30045812912671,44.76842679084426,45.147441331264595,82704800
2018-07-23,45.107418060302734,45.18981392473907,44.624821408844134,44.88848242766125,63957600
2018-07-24,45.43463134765625,45.590004524216056,45.21099009830505,45.30515370052308,74791600
2018-07-25,45.86309051513672,45.87015260670079,45.300450878380246,45.44876198544905,66839600
2018-07-26,45.71949768066406,46.13146986631483,45.578248637310274,45.813661314825,76304000
2018-07-27,44.9591064453125,45.95019527251233,44.751945758003224,45.903113461401674,96096000
2018-07-30,44.70722198486328,45.24631543024671,44.50947619991051,45.17569090930291,84118000
2018-07-31,44.79667282104492,45.2321876723777,44.57303151581136,44.799029246561446,157492000
2018-08-01,47.435646057128906,47.49685204920368,46.449266539565365,46.877719260424044,271742800
2018-08-02,48.822227478027344,49.05528728580015,47.16492406575627,47.21906796740019,249616000
2018-08-03,48.96348190307617,49.14004140332828,48.372593809947276,48.737484162224085,133789600
2018-08-06,49.217716217041016,49.26008876273099,48.74689099589185,48.96582299951276,101701600
2018-08-07,48.75632095336914,49.31895712244186,48.67392507741745,49.27658456368668,102349600
2018-08-08,48.78926467895508,48.92109516921225,48.14658924289564,48.50677025810236,90102000
2018-08-09,49.17300033569336,49.384870304763766,48.77750517675299,49.32601713645395,93970400
2018-08-10,49.02653121948242,49.39742705887133,48.82336614927484,48.986371143415944,98444800
2018-08-13,49.34308624267578,49.83446227625625,49.06668789966988,49.44703165810567,103563600
2018-08-14,49.55097961425781,49.742332045788096,49.198983276632525,49.64783817493935,82992000
2018-08-15,49.6667366027832,49.78485574116098,49.21552062904969,49.42577255117373,115230400
2018-08-16,50.39435577392578,50.5101102336531,49.95731347801585,50.02345991349157,114001600
2018-08-17,51.400718688964844,51.488125687654055,50.356546060158145,50.42269248155154,141708000
2018-08-20,50.89988327026367,51.778686042603226,50.817198459822336,51.523551963197136,121150800
2018-08-21,50.80068588256836,51.30860042475476,50.56208648112297,51.216467625710436,104639200
2018-08-22,50.80304718017578,51.11251877669157,50.51719725085432,50.57862151592245,76072400
2018-08-23,50.906986236572266,51.27551736200739,50.696734319896585,50.708543349660324,75532800
2018-08-24,51.06525802612305,51.24007201397918,50.817207157054575,51.16920342685341,73905600
2018-08-27,51.48576354980469,51.67475486622444,51.10541983221715,51.29913331813298,82100400
2018-08-28,51.90154266357422,52.09998192790679,51.71727711744975,51.738537694761895,91107200
2018-08-29,52.67641067504883,52.796894504886076,51.83304188973848,52.00785590995711,109019200
2018-08-30,53.160709381103516,53.92375815284669,52.53940143992006,52.74020545576809,195175200
2018-08-31,53.7749137878418,54.06784690966644,53.38984428836114,53.51032449768809,173360400
2018-09-04,53.947364807128906,54.141078290113896,53.53867365991013,53.95917744010946,109560400
2018-09-05,53.59537124633789,54.25683907496072,53.17723213437342,54.096198793356,133332000
2018-09-06,52.70476531982422,53.70877807859269,52.27953566575668,53.44418873566715,137160000
2018-09-07,52.2795295715332,53.24101745045913,52.14014985816449,52.409461340228574,150479200
2018-09-10,51.57789611816406,52.40945574431646,51.13849284121695,52.19683916241394,158066000
2018-09-11,52.881935119628906,52.98824161403199,51.15975621240195,51.50230096312733,142996000
2018-09-12,52.22520446777344,53.15361928773822,51.934628753608905,53.139445566015176,197114800
2018-09-13,53.48671340942383,53.94501627996278,52.57955921881434,52.80398487884961,166825600
2018-09-14,52.87957763671875,53.58829250227248,52.56774497032442,53.33079363291841,127997200
2018-09-17,51.471595764160156,52.66932192659372,51.327490274311316,52.48033058839213,148780400
2018-09-18,51.55664825439453,52.409468667615585,51.292058905319834,51.450338134874215,126286800
2018-09-19,51.58735656738281,51.88265444324082,50.86210685872496,51.61806869997937,108495200
2018-09-20,51.9795036315918,52.51103971221684,51.77161281099577,52.02911525185576,106435200
2018-09-21,51.419620513916016,52.29370135458624,51.33220990655215,52.15668273128186,384986800
2018-09-24,52.159053802490234,52.27008609427585,51.17630519274992,51.221191047477355,110773600
2018-09-25,52.48978042602539,52.63861168577063,51.901545851293584,51.91335848542905,98217600
2018-09-26,52.07164001464844,52.85831390102555,51.91572188840217,52.20865864637607,95938800
2018-09-27,53.14179992675781,53.493796258750265,52.80870308957469,52.87485312376238,120724800
2018-09-28,53.32843017578125,53.35205184075627,52.92210004922642,53.10400092790325,91717600
2018-10-01,53.6875,54.19777545284046,53.47252594568271,53.85050495893871,94403200
2018-10-02,54.16471862792969,54.334810496992766,53.538688557565926,53.68515515409394,99152800
2018-10-03,54.82381057739258,55.15454267446678,54.2828229843168,54.34660831900594,114619200
2018-10-04,53.85996627807617,54.88996531394605,53.56230374089691,54.51906948736873,128168000
2018-10-05,52.98587417602539,53.959178192789615,52.10943230916903,53.852871703900746,134322000
2018-10-08,52.863037109375,53.1063622318355,52.01966478038702,52.49450599592842,118655600
2018-10-09,53.59537124633789,53.68986871026096,52.503951672171496,52.83232269929613,107564000
2018-10-10,51.11250686645508,53.47252823327348,51.03927358720979,53.26227633927173,167962400
2018-10-11,50.66129684448242,51.854300842204054,50.15811177498409,50.67783525382728,212497600
2018-10-12,52.470890045166016,52.65279454925669,51.22591316903266,52.07164673313409,161351600
2018-10-15,51.348758697509766,52.404744221133875,51.32749811495075,52.24646498756588,123164000
2018-10-16,52.48032760620117,52.67877048262682,51.20700353895954,51.71964012658048,116736000
2018-10-17,52.253543853759766,52.59608862651848,51.816501609567986,52.51576847933284,91541600
2018-10-18,51.032196044921875,51.91100276572367,50.31875540497844,51.46687363023819,130325200
2018-10-19,51.809417724609375,52.27008165957751,51.36528859514771,51.51411986825671,132314800
2018-10-22,52.12596130371094,52.766168459873874,51.72199597000286,51.922796292261246,115168400
2018-10-23,52.61734390258789,52.74018880071451,50.72035106187289,50.98730143528951,155071200
2018-10-24,50.81249237060547,52.97171017320504,50.68256059159632,52.586644215954536,163702000
2018-10-25,51.92516326904297,52.29842010209034,51.20463595223347,51.43142623733275,119423200
2018-10-26,51.09834289550781,52.017309700274836,50.24079674850228,51.003845416593705,189033600
2018-10-29,50.13920974731445,51.89918406854014,48.68634228122267,51.78106493819332,183742000
2018-10-30,50.389617919921875,50.83374336526925,49.43757808963061,49.88170353497799,146640000
2018-10-31,51.703102111816406,52.07872005381638,51.17392714872992,51.235351399048334,153435600
2018-11-01,52.49687576293945,52.529948981033634,51.21882568388859,51.7480007781059,233292800
2018-11-02,49.01470184326172,50.47229113790129,48.53041280128759,49.50371665866198,365314800
2018-11-05,47.623268127441406,48.284735950815005,46.815333742036444,48.26347537336716,264654800
2018-11-06,48.13827133178711,48.362696958228696,47.64689531758217,47.70122910815629,127531600
2018-11-07,49.598228454589844,49.62421481077782,48.22332347597132,48.6580010661063,133697600
2018-11-08,49.4251594543457,49.81156885025763,49.01266942276052,49.778380246609615,101450400
2018-11-09,48.4721794128418,48.83725414465748,47.94590026761649,48.72820739840714,137463200
2018-11-12,46.03044509887695,47.376962562228506,45.940360152383896,47.175457903164016,204542000
2018-11-13,45.57052993774414,46.743988758610655,45.38562145044577,45.42829458759235,187531600
2018-11-14,44.283287048339844,46.10392577764723,44.0770401608399,45.96642905840981,243204000
2018-11-15,45.37614440917969,45.50889886088742,44.3069899736933,44.6602144819987,185915200
2018-11-16,45.87871170043945,46.22008232656418,44.913869072574464,45.160412515171664,147713200
2018-11-19,44.060447692871094,45.207829618939165,43.854204422517,45.04188654984463,167701200
2018-11-20,41.9553337097168,43.019745978740524,41.60685143343039,42.28485054583868,271300800
2018-11-21,41.90791702270508,42.735266618961745,41.85339364940584,42.607250817126655,124496800
2018-11-23,40.843505859375,41.8652485061949,40.79846701261189,41.47172379819083,94496000
2018-11-26,41.395851135253906,41.474082191574425,40.36225852694691,41.305769848179885,179994000
2018-11-27,41.30577087402344,41.43141370833802,40.509240737589266,40.658587651286105,165549600
2018-11-28,42.89409637451172,42.97706609276824,41.469348200420384,41.89606149396926,184250000
2018-11-29,42.564579010009766,43.335032251064035,42.12601187203321,43.30184364075627,167080000
2018-11-30,42.334625244140625,42.7494846540276,41.96717761478334,42.74000012754947,158126000
2018-12-03,43.81390380859375,43.84235015808843,42.95810782751556,43.72856114282213,163210000
2018-12-04,41.88658142089844,43.237837196394814,41.787015586628954,42.896466554735234,165377200
2018-12-06,41.41957092285156,41.43379409773715,40.40020118769581,40.717864151099256,172393600
2018-12-07,39.94267654418945,41.36505206470577,39.89763407394036,41.12798947795305,169126400
2018-12-10,40.205810546875,40.32196888310216,38.71942732261499,39.11532135314505,248104000
2018-12-11,39.975860595703125,40.72497553514085,39.58944746589914,40.69415986213853,189126800
2018-12-12,40.0872802734375,40.75579481048931,40.06831483459586,40.3954587070733,142510800
2018-12-13,40.52583694458008,40.909880685541545,40.19395086452644,40.41679021139973,127594400
2018-12-14,39.22909927368164,40.08252567244225,39.18168749981416,40.06356023943796,162814800
2018-12-17,38.864036560058594,39.909483314980214,38.57718927162782,39.22199972246695,177151600
2018-12-18,39.36897659301758,39.71508586552915,38.97070965657398,39.20540286647577,135366000
2018-12-19,38.14099884033203,39.696128806296855,37.714285467405595,39.35238878434899,196189200
2018-12-20,37.17851257324219,38.430202292752995,36.815807235047956,38.02482382326648,259092000
2018-12-21,35.73243713378906,37.493813760545514,35.47167049927005,37.18563172221628,382978400
2018-12-24,34.807884216308594,35.92681940627139,34.75098791914076,35.12080480751575,148676800
2018-12-26,37.259117126464844,37.27334029939218,34.78181443000984,35.15637365867392,234330000
2018-12-27,37.01731872558594,37.16429997821352,35.575981488377714,36.94382990791601,212468400
2018-12-28,37.03627014160156,37.57914524507539,36.6380069125309,37.3373405032617,169165600
2018-12-31,37.39424514770508,37.77828529250411,37.095544041939455,37.58152295661812,140014000
2019-01-02,37.43691635131836,37.657386397267345,36.56215498900312,36.718617135510485,148158800
2019-01-03,33.707923889160156,34.54475438454186,33.66288142679495,34.132264253567534,365248800
2019-01-04,35.146888732910156,35.215638890994725,34.089591894725444,34.262646525522236,234428400
2019-01-07,35.06865310668945,35.282011522303684,34.58741653180372,35.2511922404592,219111200
2019-01-08,35.737178802490234,35.990837462958424,35.2085303378544,35.45507379403959,164101200
2019-01-09,36.344058990478516,36.63327559109025,35.471670542086514,35.865191626259296,180396400
2019-01-10,36.46022033691406,36.50052053570231,35.76325587216913,36.15203830332984,143122800
2019-01-11,36.10224533081055,36.43650431282502,35.91733687635287,36.2421149502893,108092800
2019-01-14,35.55937576293945,35.8604461572393,35.37446729835511,35.76088033917748,129756800
2019-01-15,36.28716278076172,36.36302090848889,35.571232935659744,35.62338698103528,114843600
2019-01-16,36.730472564697266,36.95331194342955,36.270570632809374,36.28953607113632,122278800
2019-01-17,36.948570251464844,37.37528357720768,36.33220615680434,36.55504553898602,119284800
2019-01-18,37.176151275634766,37.427437002899225,36.97701598209478,37.33735207528084,135004000
2019-01-22,36.34169387817383,37.15481678323688,36.18048944437783,37.078958639376545,121576000
2019-01-23,36.48866271972656,36.777879284107165,35.96238363485609,36.54318608659887,92522400
2019-01-24,36.19945526123047,36.62142636446528,35.97187720999421,36.53371436735213,101766000
2019-01-25,37.39897918701172,37.48669477291411,36.58348721486467,36.85847696932407,134142000
2019-01-28,37.052879333496094,37.0599909210056,36.42703431164568,36.93197511125913,104768400
2019-01-29,36.6688346862793,37.48670340411951,36.53371090938889,37.04102463814137,166348800
2019-01-30,39.174583435058594,39.38793826706386,37.984528510908085,38.70045837079162,244439200
2019-01-31,39.45668411254883,40.06356354968348,39.01100544334011,39.37845305142474,162958400
2019-02-01,39.475650787353516,40.05882254527424,39.33578115515661,39.57995887212942,130672400
2019-02-04,40.59695816040039,40.69415466560486,39.655819629284345,39.68663891563872,125982000
2019-02-05,41.29154968261719,41.504908129697604,40.85772843652332,40.97862902443456,144406400
2019-02-06,41.30577087402344,41.621064429829325,40.976254147130874,41.402963748878,112958400
2019-02-07,40.52347946166992,41.23466722725265,40.381240461638164,40.869588815238885,126966800
2019-02-08,40.57109069824219,40.630610517833716,40.09731162648508,40.23301855889848,95280000
2019-02-11,40.3377685546875,40.761552993076776,40.29491603027586,40.723459438398876,83973600
2019-02-12,40.68536376953125,40.71155263291125,40.40204887463883,40.4972827563848,89134000
2019-02-13,40.51633834838867,41.06392153006669,40.45443903083637,40.80441593407917,89960800
2019-02-14,40.6639404296875,40.77345486056133,40.325868299005165,40.40443489478929,87342800
2019-02-15,40.5734748840332,40.87821610502483,40.41396218498305,40.77108114390779,98507200
2019-02-19,40.694889068603516,40.81631182485076,40.35205796132108,40.40443569287842,75891200
2019-02-20,40.95677947998047,41.2639037947893,40.70917861976395,40.75679375063616,104457600
2019-02-21,40.72583770751953,41.03772095743167,40.54489877740289,40.90201766804449,68998800
2019-02-22,41.180564880371094,41.18770696667767,40.80201977491948,40.84963489456358,75652800
2019-02-25,41.48054504394531,41.87099485294799,41.41388314724736,41.46388138617128,87493600
2019-02-26,41.50436019897461,41.735297384970416,41.22818736975056,41.35675221185204,68280800
2019-02-27,41.63291931152344,41.663870778026364,41.12342983703562,41.237710498215094,111341600
2019-02-28,41.22343063354492,41.642452539667424,41.16867341001371,41.501986620138595,112861600
2019-03-01,41.65673065185547,41.699583177214194,41.16152532850225,41.49245537237755,103544800
2019-03-04,41.86623764038086,42.3185867630682,41.41864748708526,41.82814408844058,109744800
2019-03-05,41.7900505065918,41.90194804483561,41.554350741031215,41.8876638710685,78949600
2019-03-06,41.549598693847656,41.78053589569321,41.41151226975844,41.58530913421484,83241600
2019-03-07,41.06868362426758,41.53055809671059,40.95440656528032,41.39485113751143,99185600
2019-03-08,41.16627883911133,41.20437238621775,40.35442782630872,40.549654530628665,95997600
2019-03-11,42.59236145019531,42.644739157469544,41.74718331503341,41.78051425304431,128044000
2019-03-12,43.070919036865234,43.48993721924746,42.704274948579794,42.85426604222394,129870400
2019-03-13,43.261383056640625,43.63992820049974,43.07329841068218,43.38994425600369,124130000
2019-03-14,43.742305755615234,43.8303975608462,43.463753429758704,43.78277879788824,94318000
2019-03-15,44.31130599975586,44.599383472174495,43.74467989147585,44.00894798730422,156171600
2019-03-18,44.76366424560547,44.85175241081099,44.23274487113642,44.235127988769825,104879200
2019-03-19,44.4089241027832,44.99460068115345,44.263695608787415,44.84223009997764,126585600
2019-03-20,44.79700469970703,45.11365062400967,43.980390761705074,44.33750973354687,124140800
2019-03-21,46.44688034057617,46.74209992048173,45.18982218227039,45.23982042355803,204136800
2019-03-22,45.48503494262695,47.06588079152945,45.42075253712384,46.50639318081825,169630800
2019-03-25,44.935081481933594,45.70645597035694,44.42559200356954,45.59455842593482,175381200
2019-03-26,44.470821380615234,45.92072676985604,43.9446682740036,45.63026979507093,199202000
2019-03-27,44.87080383300781,45.17792451700558,44.41369203462886,44.93746574322131,119393600
2019-03-28,44.9303092956543,45.13029496238023,44.6469944513923,44.98506649737201,83121600
2019-03-29,45.22315216064453,45.254103625195796,44.88745955109944,45.194583813551674,94256000
2019-04-01,45.530277252197266,45.6350290710456,44.84937044927723,45.625507499441596,111448000
2019-04-02,46.192142486572266,46.29689795003126,45.485046741025556,45.49456831370297,91062800
2019-04-03,46.50878143310547,46.78257110861055,45.98500419384211,46.00881357119078,93087200
2019-04-04,46.589725494384766,46.75161762841101,45.98262272618478,46.37545200589024,76457200
2019-04-05,46.901615142822266,46.92542452241121,46.64686858586537,46.7706708206856,74106400
2019-04-08,47.6396598815918,47.67060771411414,46.74447956713856,46.763526343275984,103526800
2019-04-09,47.49680709838867,48.2943739839882,47.432524688138955,47.69203381366528,143072800
2019-04-10,47.763465881347656,47.792037866383424,47.182551833909685,47.301591478620686,86781200
2019-04-11,47.36586380004883,47.85392696581256,47.24444469615284,47.81821653313754,83603200
2019-04-12,47.3468132019043,47.6491748277413,46.71352523919768,47.425379780246224,111042800
2019-04-15,47.432525634765625,47.58013723283315,47.142068673382234,47.27777558297322,70146400
2019-04-16,47.43729019165039,47.94201703520826,47.27301492918647,47.48728843219198,102785600
2019-04-17,48.36103057861328,48.420550380484144,47.28491154360388,47.50632346281932,115627200
2019-04-18,48.534847259521484,48.603888659534256,48.21582186271426,48.35866726602402,96783200
2019-04-22,48.69435501098633,48.79196838798587,48.17296080479051,48.28962096019007,77758000
2019-04-23,49.39667892456055,49.460961335538265,48.54435482277016,48.67053652737033,93292000
2019-04-24,49.32050704956055,49.63476982624294,49.29431818210354,49.36812218144555,70162400
2019-04-25,48.87291717529297,49.46335280715113,48.83482361638554,49.24194080750497,74172800
2019-04-26,48.63959503173828,48.80624979227358,48.12058034001254,48.78244041242512,74596400
2019-04-29,48.71338653564453,49.037174401453356,48.534827130958796,48.663388303900355,88818800
2019-04-30,47.775360107421875,48.42531540799,47.4039570785258,48.34436933918975,186139600
2019-05-01,50.120452880859375,51.260851075448706,49.81332856402731,49.96808228138352,259309200
2019-05-02,49.79426574707031,50.62754298924419,49.55142756639598,49.95854098463266,127985200
2019-05-03,50.41328430175781,50.43471056370915,50.05140280221845,50.208535988797536,83569600
2019-05-06,49.634765625,49.720474308259035,48.44913186725117,48.63721289375776,129772400
2019-05-07,48.2967643737793,49.38240534277165,47.81346371111648,49.01576483871082,155054800
2019-05-08,48.30629348754883,48.88720762057261,48.032503717496866,48.068214163050705,105358000
2019-05-09,47.78726577758789,48.01581981569588,46.82066463565413,47.71107867635127,139634400
2019-05-10,47.12525939941406,47.52438618157137,46.07128914292564,47.182619788615604,164834800
2019-05-13,44.3863525390625,45.28497649247843,43.700434952267486,44.86195605399725,229722400
2019-05-14,45.089012145996094,45.33756652424248,44.31227469963762,44.55127083697869,146118800
2019-05-15,45.629146575927734,45.82751382697898,44.45806684688862,44.517815887080246,106178800
2019-05-16,45.428382873535156,45.99958345378855,45.132026372240446,45.38775397079813,132125600
2019-05-17,45.17025375366211,45.62434479299866,44.63490128521863,44.675530176376924,131516400
2019-05-20,43.75779724121094,44.05893467607337,43.08621875043243,43.860567465632776,154449200
2019-05-21,44.5966796875,44.93127281356524,44.14258484864967,44.266863858384575,113459200
2019-05-22,43.68370819091797,44.38396868148397,43.62874010735263,44.13302203951607,118994400
2019-05-23,42.93804931640625,43.148363449235205,42.49590497882846,42.971508631637576,146118800
2019-05-24,42.773128509521484,43.53074564161301,42.68947842323507,43.06709266530931,94858800
2019-05-28,42.59626388549805,43.16029469500414,42.51978704777683,42.76117173928439,111792800
2019-05-29,42.39311981201172,42.86394231443668,42.06330410151559,42.16368200323392,113924800
2019-05-30,42.613006591796875,42.83527122076542,42.22344177055687,42.52935649566115,84873600
2019-05-31,41.841060638427734,42.53892900730646,41.821940507484086,42.11829342013039,108174400
2019-06-03,41.41801834106445,42.52217898232048,40.6938605637744,41.96771001391318,161584400
2019-06-04,42.93326187133789,42.978671716588416,41.70960293183085,41.92947891959907,123872000
2019-06-05,43.626346588134766,44.21188995189266,43.29175350609404,44.0422011159206,119093600
2019-06-06,44.26686096191406,44.32660999100133,43.53314113426265,43.75540941879875,90105200
2019-06-07,45.44511413574219,45.86813832067342,44.39831353218565,44.57516834017903,122737600
2019-06-10,46.02587890625,46.69267655873653,45.79644099815194,45.84185085004158,104883600
2019-06-11,46.558834075927734,46.843240045404315,46.26965080968736,46.57078461142005,107731600
2019-06-12,46.4106559753418,46.83606876664861,46.219458354725056,46.353295595119384,73012800
2019-06-13,46.40109634399414,47.03204596994404,46.269651392297824,46.53254494248193,86698400
2019-06-14,46.064109802246094,46.26725429994497,45.48095873253902,45.77970385867657,75046000
2019-06-17,46.33894729614258,46.59467483835488,45.927873769058344,46.102339876909845,58676400
2019-06-18,47.42877960205078,47.86853159056381,46.65443450201509,46.85519036892868,106204000
2019-06-19,47.2901611328125,47.77054566831844,47.156323888998976,47.72274352684957,84496800
2019-06-20,47.670166015625,47.94501008519834,47.32839967976791,47.88764970557996,86056000
2019-06-21,47.50763702392578,48.00236062388434,47.35706833754004,47.51241796627832,191202400
2019-06-24,47.4598388671875,47.837453086244224,47.361849605634255,47.45027698241665,72881600
2019-06-25,46.74045181274414,47.62234403363482,46.6735295743441,47.42397690607938,84281200
2019-06-26,47.75142288208008,48.03582883274254,47.16588314960564,47.266261076876305,104270000
2019-06-27,47.73707580566406,48.17443904653246,47.696446911829156,47.86852072527501,83598800
2019-06-28,47.3021125793457,47.67972689411709,47.09418711775815,47.48374832133551,124442400
2019-07-01,48.16966247558594,48.87231156085323,47.95456380737443,48.55683497285938,109012000
2019-07-02,48.45167541503906,48.547276037358415,48.12425194472356,48.136202478362335,67740800
2019-07-03,48.853187561035156,48.86035715139442,48.44211402874797,48.58312083486759,45448000
2019-07-05,48.81016540527344,49.01331351953692,48.492300200743436,48.599851347583254,69062000
2019-07-08,47.80399703979492,48.133809151047075,47.419213204341766,47.99280233879046,101354400
2019-07-09,48.095584869384766,48.16011120195485,47.51482234871203,47.608030698104976,82312000
2019-07-10,48.57118225097656,48.69068031541606,48.17205915336362,48.24137007294178,71588400
2019-07-11,48.21746826171875,48.84841788640936,48.207910021298474,48.590301633564366,80767200
2019-07-12,48.58790969848633,48.75520624546054,48.32501251981883,48.38476154708042,70380800
2019-07-15,49.04439926147461,49.20213394156513,48.75521232885727,48.776721106125294,67789600
2019-07-16,48.87470245361328,49.25948632051337,48.63570635359561,48.89621122738501,67467200
2019-07-17,48.599853515625,49.0157043539387,48.58073339192921,48.76715003947481,56430000
2019-07-18,49.15193557739258,49.20451500768722,48.68350164752872,48.75520120218422,74162400
2019-07-19,48.418212890625,49.35268839848465,48.36324481568932,49.1829995843911,83717200
2019-07-22,49.524784088134766,49.527172736866554,48.66200781300446,48.67156605472358,89111600
2019-07-23,49.911956787109375,49.928688268638105,49.54151201266084,49.82114072684129,73420800
2019-07-24,49.87131118774414,49.98602828414967,49.512817070534965,49.63231510960469,59966400
2019-07-25,49.47697448730469,50.00754613010088,49.40766357491906,49.92389603495717,55638400
2019-07-26,49.64905548095703,50.12465542771981,49.50565634966482,49.58691415556109,70475600
2019-07-29,50.112709045410156,50.34214694513412,49.81635616480668,49.821137108723676,86693600
2019-07-30,49.89760208129883,50.2274178438979,49.54627754638872,49.892821138521654,135742800
2019-07-31,50.91573715209961,52.906575478576855,50.4998861935349,51.7235452895837,277125600
2019-08-01,49.81395721435547,52.10832131790344,49.41005685372621,51.121266221435036,216071600
2019-08-02,48.75998306274414,49.33596086524618,48.18878255632911,49.12086584402196,163448400
2019-08-05,46.207496643066406,47.476565118347665,46.02586095314947,47.31883049277341,209572000
2019-08-06,47.08223342895508,47.33796101580563,46.37480334238874,46.917325530412754,143299200
2019-08-07,47.56978988647461,47.69406889981579,46.32223339634937,46.70223638200557,133457600
2019-08-08,48.61897659301758,48.64287766257979,47.653433919438044,47.847020183801895,108038000
2019-08-09,48.21833801269531,48.64296573649967,47.810498015760096,48.292707715938555,98478800
2019-08-12,48.09598159790039,48.472632859788966,47.77690864820563,47.889663888347634,89927600
2019-08-13,50.13277816772461,50.89327399998517,48.09599030561405,48.225540616343345,188874000
2019-08-14,48.640560150146484,49.52580693537661,48.60217461253329,48.738921717537906,146189600
2019-08-15,48.39826202392578,49.213934627282455,47.90165870212019,48.81089743333585,108909600
2019-08-16,49.54021072387695,49.69854835341414,48.90206475803103,49.00762317772249,110481600
2019-08-19,50.46384811401367,51.034817600178286,50.387077015671984,50.528619610011084,97654400
2019-08-20,50.46624755859375,51.18356243300789,50.45665300129767,50.590998767328294,107537200
2019-08-21,51.01321792602539,51.25551979787076,50.76371922258588,51.0971858421528,86141600
2019-08-22,50.97004318237305,51.445052429028564,50.55980542800198,51.14517220703567,89014800
2019-08-23,48.61418151855469,50.87168066728109,48.22073882087,50.24312924415703,187272000
2019-08-26,49.53781509399414,49.70574728667128,49.19475021549554,49.38667429026109,104174400
2019-08-27,48.97883605957031,50.03201521587099,48.827695261576054,49.866480753429116,103493200
2019-08-28,49.3074951171875,49.35307748719448,48.777309044460935,48.96443397138166,63755200
2019-08-29,50.142372131347656,50.21674550325925,49.578599495883154,50.02002231545943,83962000
2019-08-30,50.07759475708008,50.4878288131881,49.70814030749895,50.418258218749706,84573600
2019-09-03,49.348289489746094,49.6553665497577,48.993232325479035,49.52341851756975,80092000
2019-09-04,50.185546875,50.255117463865645,49.73692731137663,49.993622833766814,76752400
2019-09-05,51.1667594909668,51.33229394881414,50.74212809831234,50.859682455783634,95654800
2019-09-06,51.16196060180664,51.44025031008519,50.98203247914074,51.35148694097706,77449200
2019-09-09,51.38026428222656,51.92484765262386,50.63656371615153,51.540999601287744,109237600
2019-09-10,51.98723602294922,52.006428796977275,50.79011648570887,51.30590901786626,127111600
2019-09-11,53.64017868041992,53.668969673381696,52.23433993559697,52.31591014489986,177158400
2019-09-12,53.52021789550781,54.31909918340094,53.46504096397798,53.930455617643666,128906800
2019-09-13,52.479026794433594,52.968429593626404,52.06399368750889,52.77890694754464,159053200
2019-09-16,52.75493621826172,52.810116824219136,52.19356122516146,52.23434450305529,84632400
2019-09-17,52.94684982299805,52.97564081276649,52.567800793429946,52.76932307922049,73274800
2019-09-18,53.443450927734375,53.462643699876494,52.64456963297275,53.03321320207144,101360000
2019-09-19,53.009220123291016,53.68094878345625,52.867673899298595,53.261116540529656,88242400
2019-09-20,52.23433303833008,53.39307059939063,52.17195927300286,53.10998544062051,221652400
2019-09-23,52.471832275390625,52.74052373300916,52.21513309590776,52.52700920101302,76662000
2019-09-24,52.22233581542969,53.376277900497726,52.10478511979031,53.026016216053826,124763200
2019-09-25,53.0260124206543,53.13876766068672,52.092785451052755,52.43105117115003,87613600
2019-09-26,52.752540588378906,53.00444076009896,52.49824269221032,52.77893019990478,75334000
2019-09-27,52.495819091796875,53.00921374061931,52.126364712544174,52.90845079308042,101408000
2019-09-30,53.73133850097656,53.877680194515705,52.96844131904631,52.994830924787706,103909600
2019-10-01,53.88007736206055,54.75093068188669,53.78651488097034,53.995234000823245,139223200
2019-10-02,52.529422760009766,53.63777894021879,52.28231807789279,53.51302773713352,138449200
2019-10-03,52.97564697265625,53.00923341408551,51.61059149483936,52.40227242290722,114426000
2019-10-04,54.460636138916016,54.57579275889607,53.71213641227853,54.13196864675856,138478800
2019-10-07,54.472633361816406,55.16115707118716,54.17995001859924,54.28311070218234,122306000
2019-10-08,53.83449935913086,54.712549582666675,53.81770796918431,54.17516653401763,111820000
2019-10-09,54.465450286865234,54.64777616121193,54.13198359496226,54.465450286865234,74770400
2019-10-10,55.19955062866211,55.28351855399068,54.530219592534166,54.68135673321952,113013600
2019-10-11,56.66776657104492,57.010827782874266,55.73213809572937,55.88567662071718,166795600
2019-10-14,56.58619689941406,57.128382680732784,56.2983126199482,56.35348955552275,96427600
2019-10-15,56.45425796508789,57.01323152837121,56.34869953163861,56.71095355493265,87360000
2019-10-16,56.22633361816406,56.43505271476371,55.94564620616464,55.986429471773434,73903200
2019-10-17,56.44464874267578,56.65336418407442,56.02241875184439,56.39906636796876,67585200
2019-10-18,56.715755462646484,56.99644295054352,56.207156045533786,56.27912804104148,97433600
2019-10-21,57.6993522644043,57.81450890497435,56.93406101508978,56.98204111833702,87247200
2019-10-22,57.56739807128906,58.10478099298496,57.48582788297742,57.85528230228995,82293600
2019-10-23,58.33988571166992,58.35428303469319,57.869675657680986,58.08079246759652,75828800
2019-10-24,58.435855865478516,58.72853923419843,58.01122447632799,58.65896497767729,69275200
2019-10-25,59.15556716918945,59.19155132829628,58.26792252496766,58.33509539573167,73477200
2019-10-28,59.748130798339844,59.79611089742203,59.1891536754474,59.35708585255852,96572800
2019-10-29,58.36627197265625,59.916054204609026,58.193544373374564,59.72892928312802,142839600
2019-10-30,58.35907745361328,58.84848392967806,57.86727691472334,58.71893364927705,124522000
2019-10-31,59.678565979003906,59.776927577095016,56.91966774812424,59.313914239806,139162000
2019-11-01,61.37228775024414,61.39867369524902,59.77452506763022,59.86568616480788,151125200
2019-11-04,61.77532196044922,61.859289881741645,61.26672630639548,61.7345350313778,103272000
2019-11-05,61.68655776977539,61.940855593414504,61.49223598607557,61.667361337070204,79897600
2019-11-06,61.71294403076172,61.772920071009715,61.26432442111376,61.600188782243734,75864400
2019-11-07,62.42518615722656,62.646563835655755,62.10756018771795,62.259154734223145,94940400
2019-11-08,62.59602355957031,62.66820792913619,61.804367371392445,62.2471153056992,69986400
2019-11-11,63.09172439575195,63.156690344064025,62.148473460221936,62.15328330493137,81821200
2019-11-12,63.033966064453125,63.2336884296262,62.78372197443297,62.93530917879608,87388800
2019-11-13,63.63792037963867,63.71251333861556,62.8197990809014,62.83423595404066,102734400
2019-11-14,63.197608947753906,63.73660536483951,63.06766968889383,63.464698561953334,89182800
2019-11-15,63.948333740234375,63.953143583967275,63.28661673495305,63.447830947643325,100206400
2019-11-18,64.2707748413086,64.35017765749019,63.58018402978714,63.957958734167235,86703200
2019-11-19,64.07586669921875,64.48733232322434,63.85930623096703,64.46326841713567,76167200
2019-11-20,63.32993698120117,64.02533768482304,62.65859284317202,63.89540579483597,106234400
2019-11-21,63.045997619628906,63.52724639081918,62.84627526735179,63.4502448250431,121395200
2019-11-22,62.99066162109375,63.32753434710897,62.76447407435324,63.18556681769094,65325200
2019-11-25,64.0951156616211,64.11196113080011,63.16871031932938,63.21442953951619,84020400
2019-11-26,63.59463882446289,64.28522983057158,63.16391899690021,64.23229215710982,105207600
2019-11-27,64.44883728027344,64.48252822045184,63.84005785272113,63.90502379599888,65235600
2019-11-29,64.30687713623047,64.48734545373158,63.98203269607354,64.15047272971776,46617600
2019-12-02,63.5633430480957,64.54749597316658,63.3925017784307,64.31168141512865,94487200
2019-12-03,62.43001174926758,62.4492584727649,61.66963766381255,62.155696372325146,114430400
2019-12-04,62.98103332519531,63.358815426886686,62.72597202752109,62.819819076069386,67181600
2019-12-05,63.90500259399414,63.979602887742494,63.219229168207036,63.4742903556325,74424400
2019-12-06,65.1394271850586,65.20921031494399,64.31889712610206,64.36221509760516,106075600
2019-12-09,64.22747039794922,65.161086935307,63.7438129866393,64.96859034566656,128042400
2019-12-10,64.60285949707031,64.98545151813082,63.972417225633926,64.6317332581653,90420400
2019-12-11,65.15387725830078,65.23328743607989,64.60766242070665,64.68225540996873,78756800
2019-12-12,65.31987762451172,65.58456585235227,64.32369673116669,64.43438186525576,137310400
2019-12-13,66.20781707763672,66.24390927709698,65.19238158759332,65.31991225453659,133587600
2019-12-16,67.34114837646484,67.56493467366947,66.64815619751495,66.65296604245897,128186000
2019-12-17,67.47349548339844,67.80074117462817,67.08608634301142,67.27137184882572,114158400
2019-12-18,67.31226348876953,67.8320130444866,67.16307754415392,67.32670036448889,116028400
2019-12-19,67.37964630126953,67.65877150492523,67.12218375712777,67.25452424857191,98369200
2019-12-20,67.24010467529297,68.01250719304456,67.02835395986887,67.91144902458615,275978000
2019-12-23,68.33734130859375,68.39749741890061,67.46387341201411,67.50237420380351,98572000
2019-12-24,68.40231323242188,68.55150656735154,68.0774760830421,68.5033787375967,48478800
2019-12-26,69.75943756103516,69.77628303549606,68.505786189875,68.53465994993616,93121200
2019-12-27,69.73295593261719,70.73636302317358,69.32870865807601,70.050581938303,146266000
2019-12-30,70.14683532714844,70.4283691578937,68.63090426605163,69.65114955957583,144114400
2019-12-31,70.65935516357422,70.66657360200388,69.66557519453796,69.76423208192604,100805600
2020-01-02,72.27153778076172,72.3316938789073,71.02991503384398,71.28256770874596,135480400
2020-01-03,71.56891632080078,72.32688174170664,71.34513738245916,71.50154177990413,146322800
2020-01-06,72.13919067382812,72.17769145821572,70.44279162661955,70.693043053502,118387200
2020-01-07,71.7999267578125,72.40388908002937,71.5809576466451,72.14882777323544,108872000
2020-01-08,72.95490264892578,73.25568310862707,71.50393800505775,71.50393800505775,132079200
2020-01-09,74.50454711914062,74.69704373534724,73.67920704582386,73.92945117823741,170108400
2020-01-10,74.67298126220703,75.23604892918155,74.17248564445511,74.73795456246773,140644800
2020-01-13,76.26831817626953,76.2947906823847,74.87029080894176,74.98820177445941,121532000
2020-01-14,75.23844146728516,76.4150983993522,75.11572800719021,76.2057563300334,161954400
2020-01-15,74.91602325439453,75.91702195277803,74.48530338751499,75.03874408663886,121923600
2020-01-16,75.85443115234375,75.96512366006613,75.09646578451866,75.45740237331857,108829200
2020-01-17,76.69420623779297,76.69660748800922,75.7966747158336,76.10226501476049,137816400
2020-01-21,76.17447662353516,76.76400206376488,76.03731893774885,76.32366259336249,110843200
2020-01-22,76.4463882446289,76.99741293025565,76.35254118737379,76.65813158547017,101832400
2020-01-23,76.81454467773438,76.89394751401544,75.95310504727735,76.49932724037184,104472000
2020-01-24,76.59315490722656,77.80108679471296,76.40305956833261,77.05996684733118,146537600
2020-01-27,74.34090423583984,75.01945939831474,73.3615612587431,74.60799376962629,161940000
2020-01-28,76.44396209716797,76.6148033558296,75.12052796860432,75.2191848484719,162234000
2020-01-29,78.04412078857422,78.88871482326161,77.33187458625076,78.07059329235672,216229200
2020-01-30,77.9310302734375,77.9839679399373,76.69903440937786,77.12975418029563,126743200
2020-01-31,74.47563934326172,77.64465768330331,74.18207736450624,77.2235651023254,199588400
2020-02-03,74.27114868164062,75.43336162333348,72.72152653053286,73.22202218961303,173788400
2020-02-04,76.72309875488281,76.91319410520111,75.46703897288427,75.87128624120515,136616400
2020-02-05,77.34870910644531,78.14517520873252,76.74714816252607,77.84679598712277,118826800
2020-02-06,78.25346374511719,78.2558723391088,77.06237729988993,77.61821910965085,105425600
2020-02-07,77.18978881835938,78.00261640454451,76.70016229061778,77.75418535570422,117684000
2020-02-10,77.55641174316406,77.55641174316406,75.69921076977592,75.77880204777287,109348800
2020-02-11,77.08848571777344,78.12321641331339,76.87141125259707,78.05086071182195,94323200
2020-02-12,78.9191665649414,78.9239878248454,77.53711376977571,77.53711376977571,113730400
2020-02-13,78.35717010498047,78.68278545723169,77.99055564537478,78.19315895415963,94747600
2020-02-14,78.37646484375,78.62489586415948,77.86995292388279,78.32580849927255,80113600
2020-02-18,76.94135284423828,77.12224944183446,75.88250122650535,76.06339782410153,152531200
2020-02-19,78.05567932128906,78.28481796940162,77.18255286966328,77.18255286966328,93984000
2020-02-20,77.25492095947266,78.30412292796458,76.75082321347557,77.8169106346844,100566000
2020-02-21,75.5062255859375,77.29107763684756,74.89118019048897,76.84968588281482,129554000
2020-02-24,71.91966247558594,73.36683527541466,69.76096746559567,71.6977667682717,222195200
2020-02-25,69.48360443115234,72.96888275320897,69.0132775682206,72.58779705787798,230673600
2020-02-26,70.58586120605469,71.84731631381621,69.10251036153399,69.10974593206521,198054800
2020-02-27,65.97178649902344,68.98190880585912,65.8367176160919,67.8000523998572,320605600
2020-02-28,65.93321228027344,67.15125422909904,61.83530222470277,62.04996979820484,426510000
2020-03-02,72.07162475585938,72.70597008087806,66.98481268602946,68.08466354649526,341397200
2020-03-03,69.78268432617188,73.32343252495296,68.93367144924383,73.24384124809224,319475600
2020-03-04,73.0195083618164,73.1786982425022,70.70162361460446,71.49997996726277,219178400
2020-03-05,70.65098571777344,72.25010562325896,70.28677817477744,71.27808809920204,187572800
2020-03-06,69.71273040771484,70.14447238483373,67.83140857783133,68.01712645055636,226176800
2020-03-09,64.1989974975586,67.07404319923313,63.43440466648222,63.61530125773645,286744800
2020-03-10,68.82271575927734,69.08803225317006,64.97082373995369,66.84491728627172,285290000
2020-03-11,66.43246459960938,67.82898839120944,65.5713950302336,66.90521300673807,255598800
2020-03-12,59.871952056884766,65.12277860691059,59.81647812782899,61.73157079868094,418474000
2020-03-13,67.04510498046875,67.51543909047871,61.01039330045894,63.89027147674693,370732000
2020-03-16,58.419960021972656,62.4889229945198,57.88691638094368,58.35724684046864,322423600
2020-03-17,60.98869323730469,62.13436816241869,57.5010047474182,59.69829586216656,324056000
2020-03-18,59.49569320678711,60.298874658885616,57.19227545874743,57.83144573834236,300233600
2020-03-19,59.039833068847656,60.98386817289122,58.51643928547833,59.669353459047855,271857200
2020-03-20,55.291656494140625,60.74026183260014,54.99257275597992,59.6187005747609,401693200
2020-03-23,54.117027282714844,55.113165767293296,51.28056983554764,55.01186410993206,336752800
2020-03-24,59.546348571777344,59.741716345644676,56.51210862018161,57.00897078096802,287531200
2020-03-25,59.21831130981445,62.28872853386047,58.92405254951491,60.47976255514235,303602000
2020-03-26,62.33456039428711,62.39244495401999,59.42091855638433,59.45951071644022,252087200
2020-03-27,59.75376892089844,61.71468565033882,59.58734345256695,60.96215693824958,204216800
2020-03-30,61.45902633666992,61.630276765400616,60.154157765040964,60.4773625403671,167976400
2020-03-31,61.333595275878906,63.31139742053906,60.78125926146835,61.649564437343955,197002000
2020-04-01,58.10639953613281,59.990135502333565,57.67707190892179,59.45468128316464,176218400
2020-04-02,59.076011657714844,59.12907496179199,57.13921209995254,57.96892520332119,165934000
2020-04-03,58.22700881958008,59.26173593576545,57.63849118766615,58.56227043050136,129880000
2020-04-06,63.30657958984375,63.460940873525914,60.14933155714907,60.51594604650854,201820400
2020-04-07,62.57333755493164,65.53281061360002,62.4696252718209,65.31572880710591,202887200
2020-04-08,64.17487335205078,64.48842448399525,63.00748829000569,63.371688404036405,168895200
2020-04-09,64.63795471191406,65.13964528004216,63.84442712325803,64.80920875044319,161834800
2020-04-13,65.90668487548828,66.01522581864997,64.1170106330232,64.71517825448223,131022800
2020-04-14,69.23516082763672,69.5245983530926,67.06440146882377,67.53473560751405,194994800
2020-04-15,68.6032485961914,69.06151866956002,67.68670844945419,68.1136219235753,131154400
2020-04-16,69.14830780029297,69.512515199106,68.10152067807394,69.3147332103003,157125200
2020-04-17,68.21007537841797,69.21104245877268,66.7773737102237,68.66593834588957,215250000
2020-04-20,66.79428100585938,67.9399598531097,66.77498860082595,67.04030517443523,130015200
2020-04-21,64.7296142578125,66.87143078398917,64.02049912791077,66.6374709301005,180991600
2020-04-22,66.59407806396484,67.02822701343717,65.65341709963987,65.99349627232849,116862400
2020-04-23,66.33599853515625,67.95683260093587,66.29740637160167,66.53860187329087,124814400
2020-04-24,68.25108337402344,68.2607332539519,66.81114610399659,66.8593881429372,126161200
2020-04-27,68.29934692382812,68.62978364860732,67.52269696076952,67.96890283834492,117087600
2020-04-28,67.19223022460938,68.94089736729391,67.1005821297752,68.76000076632654,112004800
2020-04-29,69.39917755126953,69.86709736755677,68.47298779881385,68.67559111709774,137280800
2020-04-30,70.86321258544922,71.03928789471824,69.54870194183862,69.93702304111527,183064000
2020-05-01,69.72237396240234,72.11744313333922,68.94572428038448,69.04220099303798,240616800
2020-05-04,70.70887756347656,70.83671089109956,69.05910113576175,69.74650982081866,133568000
2020-05-05,71.77013397216797,72.59984709930193,71.02242643355622,71.16714520888473,147751200
2020-05-06,72.51058959960938,73.14010619347668,72.08608325049667,72.46958313423785,142333600
2020-05-07,73.26070404052734,73.60561913010429,72.8337907414733,73.13528505567275,115215200
2020-05-08,75.00442504882812,75.05763197756472,73.59203166310506,73.91852839032389,133838400
2020-05-11,76.1846694946289,76.67803493373073,74.30550263769149,74.51349610684939,145946400
2020-05-12,75.31401062011719,77.31651506334359,75.19308642093533,76.86667320446085,162301200
2020-05-13,74.40465545654297,76.41200151515211,73.33084801811279,75.49297320787404,200622400
2020-05-14,74.86175537109375,74.92221747074527,72.92454733645849,73.6452582213304,158929200
2020-05-15,74.41917419433594,74.46512598393333,72.60531107010586,72.63917339112623,166348400
2020-05-18,76.17257690429688,76.54502554064396,75.05040406447124,75.73967354309555,135178400
2020-05-19,75.7323989868164,77.03353696378241,75.70095751911882,76.18948854925284,101729600
2020-05-20,77.20528411865234,77.27541485579722,76.54986949857867,76.58856613663914,111504800
2020-05-21,76.62967681884766,77.60674654641333,76.39266269950214,77.06742188839526,102688800
2020-05-22,77.12303161621094,77.20525917779025,76.26688630469137,76.3684584887372,81803200
2020-05-26,76.60062408447266,78.41690002078316,76.54499631164447,78.23793461869505,125522000
2020-05-27,76.93436431884766,77.07947478468351,75.7202884286249,76.45793022136348,112945200
2020-05-28,76.9682388305664,78.22343238104992,76.3345973225865,76.61030060883014,133560800
2020-05-29,76.89327239990234,77.66960361164463,76.53775499591495,77.21009317848531,153532400
2020-06-01,77.83891296386719,77.95983717000007,76.71673278825261,76.84733299745191,80791200
2020-06-02,78.19924926757812,78.22343558014592,77.1326970947877,77.57286288939194,87642800
2020-06-03,78.62974548339844,78.89094587146293,77.94773126866299,78.51849729325161,104491200
2020-06-04,77.95256042480469,78.7506570120071,77.58011190648487,78.45318827090249,87560400
2020-06-05,80.17274475097656,80.23320685109042,78.172661136236,78.20168176339025,137250400
2020-06-08,80.64676666259766,80.68062898183005,79.16182130122834,79.87043535299438,95654400
2020-06-09,83.19342803955078,83.58522126328481,80.29608895604107,80.32753042867137,147712400
2020-06-10,85.33378601074219,85.800551637391,83.70130935970825,84.13905436012791,166651600
2020-06-11,81.23686981201172,84.90329215862222,81.13529762500492,84.4800574912979,201662400
2020-06-12,81.9382553100586,84.11489145043873,80.83059261054203,83.37000144098552,200146000
2020-06-15,82.95156860351562,83.60214129780755,80.4339262304824,80.59596788300412,138808800
2020-06-16,85.14997100830078,85.42084738289208,83.3699705447458,85.00002619954361,165428800
2020-06-17,85.0314712524414,85.95291299210936,84.9105470621372,85.89245089695726,114406400
2020-06-18,85.0653305053711,85.48131000026396,84.45828873010188,84.98793725501275,96820400
2020-06-19,84.5792236328125,86.2334658205362,83.47397466183713,85.76912102080368,264476000
2020-06-22,86.79212951660156,86.93481917934642,84.92505967255737,84.97101145656654,135445200
2020-06-23,88.64469146728516,90.05950604686922,87.61441494809407,88.03281532631361,212155600
2020-06-24,87.0799331665039,89.19127232771852,86.70748456883423,88.27466483721669,192623200
2020-06-25,88.23597717285156,88.27467380594872,86.47774180640029,87.23472854623947,137522400
2020-06-26,85.52484893798828,88.35205726047579,85.37731757939976,88.13197433577965,205256800
2020-06-29,87.49591827392578,87.59024269738883,84.9565099457261,85.43295161300391,130646000
2020-06-30,88.22628784179688,88.51167454519887,87.06541854675757,87.08476317006986,140223200
2020-07-01,88.05941009521484,88.84541733018017,88.01104484759307,88.30367932080465,110737200
2020-07-02,88.05941009521484,89.59756962987294,87.94574844202161,88.96392805520118,114041600
2020-07-06,90.41502380371094,90.8817894339713,89.45246453610925,89.48390600830983,118655600
2020-07-07,90.13446807861328,91.56862711706414,90.02321989687357,90.79229592909284,112424400
2020-07-08,92.23371124267578,92.2651527115249,91.0220485529992,91.10911780370648,117092000
2020-07-09,92.6303482055664,93.1769205126767,91.58556145720479,93.12371357510385,125642800
2020-07-10,92.79238891601562,92.85043754869993,91.61700927809584,92.22646456657715,90257200
2020-07-13,92.36433410644531,96.69584034150665,92.15150630871287,94.09354889207897,191649200
2020-07-14,93.892822265625,94.08387721865836,90.8165098218761,91.74762040886819,170989200
2020-07-15,94.53853607177734,96.01139191075474,93.34380441075506,95.7622883592816,153198000
2020-07-16,93.37525177001953,94.22897636244912,92.77788590184623,93.41394840131093,110577600
2020-07-17,93.18659973144531,93.97986213133798,92.71499243301174,93.82508300436295,92186800
2020-07-20,95.1504135131836,95.28826887148021,92.9302469895083,93.27367496235873,90318000
2020-07-21,93.83718872070312,96.01382454154418,93.58808513865422,95.93885212038768,103433200
2020-07-22,94.10079193115234,94.78038533647508,93.45263999834938,93.53970187859424,89001600
2020-07-23,89.81766510009766,93.91215697447913,89.00989228366163,93.83476371071059,197004400
2020-07-24,89.59517669677734,89.93860475082967,86.23831895582877,88.02074827137518,185438800
2020-07-27,91.71856689453125,91.81047044943575,90.43193926774624,90.65443561902725,121214000
2020-07-28,90.21188354492188,91.46707746354134,90.20704185281049,91.29052545592491,103625600
2020-07-29,91.94108581542969,92.12489295560428,90.6568714411887,90.69314722395283,90329200
2020-07-30,93.05358123779297,93.15757426558149,90.71006994116662,91.11637343156816,158130000
2020-07-31,102.79528045654297,102.94522533389971,97.53748945945877,99.53032596222586,374336800
2020-08-03,105.38544464111328,107.99740451645603,104.37452005882113,104.67198887947312,308151200
2020-08-04,106.08921813964844,107.17753592025956,104.85336899973937,105.57407987592546,173071600
2020-08-05,106.47377014160156,106.79301183705664,105.34675558446708,105.81110781245884,121776800
2020-08-06,110.18853759765625,110.6819103626939,106.2173913049504,106.8050811008857,202428800
2020-08-07,107.68331909179688,110.16673452744945,106.88862644814542,109.7112386108564,198045600
2020-08-10,109.24848937988281,110.26366188327368,106.60516497027935,109.12492193624439,212403600
2020-08-11,105.99945831298828,109.01105257691337,105.74021214896973,108.5143723583924,187902400
2020-08-12,109.52226257324219,109.77908349339258,106.89347486656195,107.08729946496186,165598000
2020-08-13,111.4605484008789,112.46118443380263,110.41145251692377,110.8984466622293,210082000
2020-08-14,111.3612060546875,111.45085012066804,109.55618389407232,111.28609846459923,165565200
2020-08-17,111.07047271728516,112.50480009641929,110.44538201038532,112.48057016956119,119561600
2020-08-18,111.99597930908203,112.41997706741819,110.48896983798126,110.82332353901295,105633600
2020-08-19,112.13651275634766,113.54661008039473,112.04202566230961,112.40302713967982,145538000
2020-08-20,114.6247787475586,114.73865273876372,112.16074255230501,112.17770423893735,126907200
2020-08-21,120.53165435791016,121.01379798138913,115.569666838942,115.5817781022112,338054800
2020-08-24,121.97325134277344,124.81040740037858,120.11250865643729,124.72559897540391,345937600
2020-08-25,120.97262573242188,121.31667291273054,119.25482982936344,120.84906568793242,211495600
2020-08-26,122.61772155761719,123.07321745146164,121.22216092863566,122.28579308436115,163022400
2020-08-27,121.15191650390625,123.5505310416234,120.01075143908814,123.21860253348014,155552400
2020-08-28,120.9556655883789,122.54020052783069,120.73276064666275,122.12347098857094,187630000
2020-08-31,125.05753326416016,126.9570498293378,122.11136090455392,123.64260037932992,225702700
2020-09-01,130.03892517089844,130.6398007655306,126.50157751038662,128.66275103381622,151948100
2020-09-02,127.34468841552734,133.7216162836471,123.08048843223483,133.3436531705274,200119000
2020-09-03,117.1493911743164,124.86372826632623,116.78112142003687,122.9932991459097,257599600
2020-09-04,117.2269058227539,119.88234128870778,107.46768860387866,116.36437378387909,332607200
2020-09-08,109.33811950683594,115.3176975867679,109.20244081478072,110.4332424909772,231366600
2020-09-09,113.69926452636719,115.46309530780263,111.7028427061534,113.64111861515656,176940500
2020-09-10,109.98744201660156,116.78109976625105,109.02799770708086,116.64542107173031,182274400
2020-09-11,108.5434341430664,111.6737525060593,106.6051585333688,111.03411800577045,180860300
2020-09-14,111.79973602294922,112.35214426737836,109.31874564711791,111.17948842899139,140150100
2020-09-15,111.97418975830078,115.16265421996873,110.10375338394648,114.67808528768974,184642000
2020-09-16,108.66942596435547,112.41999215763813,108.5822071057358,111.6737592561301,154679000
2020-09-17,106.93465423583984,108.73725101622504,105.3549623880546,106.33379357166754,178011000
2020-09-18,103.54267883300781,107.45799642585531,102.81582548420052,106.99281442322203,287104900
2020-09-21,106.68268585205078,106.78929159662262,99.91810106836907,101.31366180172101,195713800
2020-09-22,108.35928344726562,109.37688098586045,105.7910744674542,109.20243590478516,183055400
2020-09-23,103.81402587890625,108.65002059588349,103.47482179230717,108.17514522615146,150718700
2020-09-24,104.8801040649414,106.84745280660479,101.75947886343313,101.92423053085801,167743300
2020-09-25,108.81480407714844,108.96986969287116,104.34707769075096,105.08362457756284,149981400
2020-09-28,111.4120864868164,111.76097670476364,109.29936567544041,111.46054633695047,137672400
2020-09-29,110.56892395019531,111.75127320535319,110.06497556622581,111.0147338283158,99382200
2020-09-30,112.23582458496094,113.64107856003926,110.11341824056427,110.27816986021487,142675200
2020-10-01,113.18560791015625,114.0869063866764,112.25523648180236,114.00937358582986,116120400
2020-10-02,109.53192901611328,111.80940830617745,108.75662336739482,109.40594378910399,144712000
2020-10-05,112.9045639038086,113.0499360657336,110.04561009300302,110.39450032404892,106243800
2020-10-06,109.66764831542969,112.53629561221867,108.78572927732188,112.12925207481908,161498200
2020-10-07,111.52838897705078,111.9838849635665,110.60770355491991,111.08258643963451,96849000
2020-10-08,111.4217529296875,112.80762001676187,111.05347590337409,112.66224789552939,83477200
2020-10-09,113.36004638671875,113.38911933685253,111.37331099631979,111.72220118579409,100506900
2020-10-12,120.56072998046875,121.31665619479716,115.59874235138079,116.3546685657092,240226800
2020-10-13,117.3625717163086,121.52017325599154,115.95732503612084,121.40387407242964,262330500
2020-10-14,117.4498062133789,119.23301612314903,115.92826024261022,117.26566767493782,150712000
2020-10-15,116.984619140625,117.45949457685697,114.50362881948811,115.0560370517392,112559200
2020-10-16,115.3467788696289,117.79870373934006,115.14326081684207,117.53703239008934,115393800
2020-10-19,112.4006118774414,116.70357893346838,112.09048805904365,116.25777640664253,120639300
2020-10-20,113.8833999633789,115.3080339002408,112.06141592703932,112.6138242501148,124423700
2020-10-21,113.26314544677734,115.04635557719843,112.8561019222811,113.06931343655647,89946000
2020-10-22,112.17770385742188,114.39703037608496,111.05350042518317,113.82523521136082,101988000
2020-10-23,111.48961639404297,112.95301658165369,110.75306957595657,112.79795098039979,82572600
2020-10-26,111.49932098388672,112.95302786819327,109.39628607186555,110.49141665682858,111850700
2020-10-27,113.00148010253906,113.66049418453407,111.00505835146696,111.92573641878347,92276800
2020-10-28,107.76813507080078,111.86759177611111,107.67122275639692,111.49932202380221,143937800
2020-10-29,111.76094818115234,113.32126031487844,108.73723619529932,108.90199520734436,146129200
2020-10-30,105.50035858154297,108.53375772487753,104.395541902172,107.63245912918691,190272600
2020-11-02,105.41313171386719,107.26418875001484,104.00788464199921,105.74264246216923,122866900
2020-11-03,107.03157806396484,108.0491682897085,105.37435335866708,106.27565178371685,107624400
2020-11-04,111.40238952636719,112.02263714006965,108.88263267145909,110.61739025769825,138235500
2020-11-05,115.35646057128906,115.92825566569405,113.26312696012087,114.309790068738,126387100
2020-11-06,115.22542572021484,115.72053342058035,112.74014741905776,114.8662234022807,114457900
2020-11-09,112.92459106445312,118.4290806298261,112.66247568801708,116.98257616030648,154515300
2020-11-10,112.58480834960938,114.15751541071181,110.79851455087879,112.1770700305599,138023400
2020-11-11,116.00205993652344,116.13797271482636,113.0410945158488,113.76920185962483,112295000
2020-11-12,115.73023223876953,117.011700843839,115.10891457611105,116.1282678012146,103162300
2020-11-13,115.7787857055664,116.17681389575209,114.42936059587085,115.95353177622367,81581900
2020-11-16,116.78842163085938,117.45827535475047,114.70117908437909,115.44869936969526,91183000
2020-11-17,115.90497589111328,117.14761119066519,115.48752740079281,116.06030900690259,74271000
2020-11-18,114.5846939086914,116.32244455787598,114.55557079610209,115.14776544105797,76322100
2020-11-19,115.17687225341797,115.58461058534773,113.4002885699786,114.1575190169027,74113000
2020-11-20,113.91482543945312,115.30308383579212,113.8662893904585,115.17688122037637,73604300
2020-11-23,110.52670288085938,114.18666026045105,110.42962337461562,113.7595015449486,127959300
2020-11-24,111.80817413330078,112.46832515996194,109.30348281979012,110.58495899509562,113874200
2020-11-25,112.64305877685547,113.34204301090116,111.80816176471099,112.17707422528561,76499200
2020-11-27,113.18672180175781,114.060452186272,112.82752688184597,113.1673088628538,46691300
2020-11-30,115.57488250732422,117.43883510792733,113.4002637332647,113.5555968199929,169410200
2020-12-01,119.13778686523438,119.86589425816237,116.50689304092421,117.47770289816154,127728200
2020-12-02,119.48727416992188,119.76880990592802,117.36119829848747,118.45821072635326,89004200
2020-12-03,119.35136413574219,120.16684084637635,118.64266969338425,119.91442821402666,78967600
2020-12-04,118.6814956665039,119.27369022514605,117.97280126779268,119.02127760834182,78260400
2020-12-07,120.1377182006836,120.93378197653361,118.68150343461471,118.73974965511624,86712000
2020-12-08,120.74933624267578,121.33182812514022,119.49699054608435,120.73963347620881,82225500
2020-12-09,118.2252197265625,122.27349493369557,117.46798924542293,120.89494675486756,115089200
2020-12-10,119.64259338378906,120.25420827611856,116.64279476467264,116.98257670113864,81312200
2020-12-11,118.83683013916016,119.17661208486537,117.03112333433712,118.8562430760472,86939800
2020-12-14,118.2252197265625,119.74939086099992,117.99222744160214,119.021283489644,79184500
2020-12-15,124.14717864990234,124.16659899741805,120.50664119341056,120.71051040217101,157243700
2020-12-16,124.0792007446289,124.62285187377786,122.86568846942772,123.69088274191743,98208600
2020-12-17,124.9432144165039,125.79753175425047,124.30247641319399,125.13737340779682,94359800
2020-12-18,122.9627685546875,125.33154675459895,122.43853039208297,125.1956339798523,192541500
2020-12-21,124.48694610595703,124.56461267355205,119.84647608918172,121.37064729644923,121251600
2020-12-22,128.0303955078125,130.48654300822767,125.86547908382497,127.76827272564631,168904800
2020-12-23,127.13726043701172,128.5643372428869,126.9625069666015,128.30222925734495,88223700
2020-12-24,128.11776733398438,129.56427923315684,127.27316756907929,127.48674690488681,54930100
2020-12-28,132.6999969482422,133.33101740723168,129.61281401111586,130.07881339134244,124486200
2020-12-29,130.9331512451172,134.7387249955213,130.41862308583973,134.02033501416818,121047300
2020-12-30,129.8167266845703,132.02046974111198,129.5060603447114,131.62243404818764,96452100
2020-12-31,128.81678771972656,130.80695128204687,127.87510078750749,130.16621309475406,99116600
2021-01-04,125.63247680664062,129.70987425858502,123.05982982560184,129.62250494776845,143301900
2021-01-05,127.1857681274414,127.89446984433803,124.6810774289331,125.12765639008194,97664900
2021-01-06,122.9045181274414,127.22462614380248,122.69093878823239,123.99182776037331,155088000
2021-01-07,127.09840393066406,127.78768533438151,124.1277286238472,124.61313347302331,109578200
2021-01-08,128.1954345703125,128.75850602101508,126.42855365810287,128.56433221406948,105158200
2021-01-11,125.21503448486328,126.37030043054156,124.74904996348562,125.41891104549275,100384500
2021-01-12,125.04029083251953,125.90431086268742,123.15691766682359,124.74904496331433,91951100
2021-01-13,127.06932067871094,127.61297191015767,124.73938259725777,125.00149063238635,88636800
2021-01-14,125.14710998535156,127.17609915715049,125.00147960973679,126.98194013638121,90221800
2021-01-15,123.42874908447266,126.41884484513,123.29283631414191,125.02087645693894,111598500
2021-01-19,124.09862518310547,124.9529425933155,123.23460500719132,124.05008172781939,90757300
2021-01-20,128.17605590820312,128.62263507066567,124.79764091875076,124.90443062194485,104319500
2021-01-21,132.87472534179688,135.59299559628155,129.6904705564632,129.89434712123654,120150900
2021-01-22,135.0105438232422,135.7677743821565,131.07876065141238,132.30197582810843,114459400
2021-01-25,138.74813842773438,140.8547939706266,132.55436700322258,138.89376878953092,157611700
2021-01-26,138.98114013671875,140.08786276088446,137.2433822290361,139.40829883611298,98390600
2021-01-27,137.91323852539062,140.0878578213645,136.3114082725256,139.24324321793168,140843800
2021-01-28,133.08831787109375,137.8452949915903,132.7097026247184,135.44739349341899,142621100
2021-01-29,128.10809326171875,132.7485638456348,126.40917577307293,131.8651231963266,177523800
2021-02-01,130.22445678710938,131.42826655671627,127.10815007398598,129.84584146807433,106239800
2021-02-02,131.04962158203125,132.33108282824628,130.68070911395654,131.76801136085197,83305400
2021-02-03,130.03030395507812,131.80688817183957,129.70993485237824,131.797170590512,89880900
2021-02-04,133.37957763671875,133.38928040334213,130.66130683037125,132.32139835278772,84183100
2021-02-05,132.96632385253906,133.60801926205087,132.09129544721642,133.53996875011137,75693800
2021-02-08,133.1121826171875,133.16079860710033,131.1773789685877,132.2565886683768,71297200
2021-02-09,132.23712158203125,134.0552584795755,132.08157120488215,132.83020097423812,76774200
2021-02-10,131.63433837890625,133.1899609934861,130.67179521713933,132.69409868188646,73046600
2021-02-11,131.38157653808594,132.60661952451218,130.05930155973675,132.13020650092022,64280000
2021-02-12,131.61489868164062,131.77046392162595,129.98150816834826,130.62320365664934,60145100
2021-02-16,129.49537658691406,132.23714344471992,129.10646349095452,131.731578673249,80576300
2021-02-17,127.21051788330078,128.55224167371352,125.87852618937757,127.60914811603398,97918500
2021-02-18,126.11194610595703,126.39389519067603,123.87574345471002,125.61608363778298,96856700
2021-02-19,126.26750183105469,127.08421215529972,125.22719051850751,126.62724840518808,87668800
2021-02-22,122.50482940673828,126.1216398427311,122.11592370284757,124.4590677731543,103916400
2021-02-23,122.36871337890625,123.19513336260104,115.10592588579131,120.32696770808406,158273000
2021-02-24,121.87286376953125,122.07703760379697,118.83941546871539,121.47424078389619,111039900
2021-02-25,117.6337890625,122.95205487892161,117.19627482972935,121.22143247515002,148199500
2021-02-26,117.89630889892578,121.38672049171518,117.83796822554648,119.18940971098537,164560400
2021-03-01,124.24515533447266,124.38127119478241,119.3838534155298,120.31722249383586,116307900
2021-03-02,121.64924621582031,125.1493828138184,121.54229695879663,124.84798440825688,102260900
2021-03-03,118.67412567138672,122.22287832128721,118.46022715397075,121.34784230356715,112966300
2021-03-04,116.79764556884766,120.17139052818686,115.32953762534804,118.37271017337518,178155000
2021-03-05,118.05184936523438,118.55742889881681,114.30864851877307,117.62405985730818,153766600
2021-03-08,113.13223266601562,117.6435208042625,112.98639210708664,117.57546286579684,154376600
2021-03-09,117.73100280761719,118.67409653865776,115.49480844212914,115.72814885031967,129525800
2021-03-10,116.65180969238281,118.78105499068555,116.13650543340157,118.31437413808155,111943300
2021-03-11,118.57689666748047,119.79222236399583,117.89631724453561,119.14080957092585,103026500
2021-03-12,117.67269897460938,117.80881486489184,115.85457640393945,117.06017746833828,88105100
2021-03-15,120.55058288574219,120.56030756816384,117.07961303714333,118.04215631738552,92403800
2021-03-16,122.08674621582031,123.69097746560344,121.26032630464678,122.21313740579694,115227900
2021-03-17,121.29923248291016,122.368717641283,118.94635623317845,120.60892835870807,111932600
2021-03-18,117.18656158447266,119.7630534964986,116.98238776140393,119.47137236768086,121229700
2021-03-19,116.66155242919922,118.06161012823361,116.3601540036749,116.57405253188959,185549500
2021-03-22,119.96722412109375,120.4339124312078,116.92405138540522,116.99210932461362,111912300
2021-03-23,119.14080047607422,120.79364033005854,118.75189479932533,119.90888714776963,95467100
2021-03-24,116.75875091552734,119.49080775473756,116.73930897083474,119.41302514045037,88530500
2021-03-25,117.2448959350586,118.28522184257633,115.69900522410137,116.22402681020739,98844700
2021-03-26,117.84769439697266,118.11020888610055,115.62121696029041,117.0115497729694,94071200
2021-03-29,118.02272033691406,119.17971289024223,117.3810321617412,118.27551018422949,80819200
2021-03-30,116.57402801513672,117.06015823420087,115.56287626935224,116.77820181701264,85671900
2021-03-31,118.76160430908203,120.0935962532518,117.7893439502975,118.27547412968977,118323800
2021-04-01,119.58805847167969,120.73532632120784,119.09220346933651,120.22975405327205,75089100
2021-04-05,122.4075927734375,122.66038256872103,119.65609390540438,120.43390523654203,88651200
2021-04-06,122.70899963378906,123.60347753407522,122.16453611496429,122.99095607539735,80171300
2021-04-07,124.35212707519531,124.37156902257611,121.66868585332091,122.33954801322936,83466700
2021-04-08,126.74385070800781,126.77301732956983,124.95489535313669,125.3729601525352,88844600
2021-04-09,129.31065368652344,129.34953758105655,125.87857511762488,126.19942288071834,106686700
2021-04-12,127.5995101928711,129.1648506431333,127.00643052325567,128.8440028052572,91420000
2021-04-13,130.7009735107422,130.9246041100814,128.27032223067465,128.76618458654,91266500
2021-04-14,128.3675994873047,131.25521541323778,128.0078677183544,131.19688213562674,87222800
2021-04-15,130.76904296875,131.2551732400093,129.93289830876327,130.10791292088626,89347100
2021-04-16,130.4384765625,130.9343240931431,129.58288254678484,130.57459244358938,84922400
2021-04-19,131.099609375,131.71213827061115,129.6412185458448,129.80650105955348,94264200
2021-04-20,129.4176025390625,131.7704712922572,128.15366085563892,131.27462375202614,94812300
2021-04-21,129.79678344726562,130.03984858480732,127.65781320400242,128.68840701349623,68847100
2021-04-22,128.280029296875,130.4287163012516,127.76473251290152,129.349506750087,84566500
2021-04-23,130.59405517578125,131.37185181275385,128.4939686507075,128.4939686507075,78657500
2021-04-26,130.9829559326172,131.31352099303626,129.85513001828372,131.08990519751984,66905100
2021-04-27,130.66209411621094,131.65380402656527,130.38986235031265,131.26489090705445,66015800
2021-04-28,129.87457275390625,131.2746303918658,129.38844245381026,130.58431883810096,107760100
2021-04-29,129.77732849121094,133.26775499092827,128.77590135452442,132.6843927517533,151101000
2021-04-30,127.81334686279297,129.85508461220547,127.43416593536529,128.12446244748273,109839500
2021-05-03,128.86341857910156,130.35099100560777,128.17312183322954,128.37728825955,75135100
2021-05-04,124.30350494384766,127.84254003096058,123.18540387178189,127.55085891033158,137564700
2021-05-05,124.54657745361328,126.83138075425876,124.4201788397563,125.6160551149203,84000900
2021-05-06,126.14104461669922,126.15076187798591,123.60343746485498,124.34235729926246,78128300
2021-05-07,126.81307220458984,127.83566778817108,126.10210583375782,127.43637521223602,78973300
2021-05-10,123.54072570800781,126.16054372317713,123.50176833952001,126.03394527871879,88071200
2021-05-11,122.62525177001953,122.97585322059021,119.56716154628263,120.2781205077101,126142800
2021-05-12,119.56716918945312,121.38838724678817,119.06073823482639,120.18073848547931,112172300
2021-05-13,121.70977783203125,122.85899423262195,121.01830123774441,121.32995276517451,105861300
2021-05-14,124.12509155273438,124.55361524540388,122.56683371169913,122.95640002954782,81918000
2021-05-17,122.97586059570312,123.61864605940792,121.9045589198871,123.51151514879045,74244600
2021-05-18,121.59291076660156,123.67708183593513,121.52473722434705,123.2582993819835,63342900
2021-05-19,121.43708038330078,121.66107596519278,119.65481977612977,119.94699632595916,92612000
2021-05-20,123.98873138427734,124.38803886132331,121.83638680726905,121.96300011967811,76857100
2021-05-21,122.15779113769531,124.66074485833978,121.94352929361253,124.48544038866837,79295400
2021-05-24,123.78419494628906,124.60228476604034,122.65446106136119,122.72263459381065,63092900
2021-05-25,123.58941650390625,124.97237699199731,123.02454584189425,124.48541363170318,72009500
2021-05-26,123.54072570800781,124.06663903705564,123.12194328471185,123.64785661375969,56575900
2021-05-27,122.01170349121094,124.3101365812093,121.81692404847594,123.1414450640804,94625600
2021-05-28,121.35917663574219,122.51813430989525,121.30074429262824,122.29413127736017,71311100
2021-06-01,121.03775787353516,122.07984320712839,120.70663142657908,121.81689028927254,67637100
2021-06-02,121.79742431640625,121.97272876206887,120.81377861108228,121.03777419532105,59278900
2021-06-03,120.31708526611328,121.59290756486408,119.91777779316642,121.42734431379967,76229200
2021-06-04,122.60578155517578,122.86874195718396,120.61900017592295,120.83326200560104,75169300
2021-06-07,122.61550903320312,123.02455024570587,121.57342360305104,122.878461975424,71057600
2021-06-08,123.43360137939453,125.10873859219605,122.91742922255409,123.29725429760116,74403800
2021-06-09,123.81343841552734,124.41726657205889,123.21935146016743,123.89135316418162,56877900
2021-06-10,122.82005310058594,124.84579201187799,122.65448983014099,123.70630923030153,71186400
2021-06-11,124.02769470214844,124.11535064804697,122.81030467281765,123.2290871401218,53522400
2021-06-14,127.07603454589844,127.134466888619,123.75499846493855,124.48543247038134,96906500
2021-06-15,126.25794219970703,127.19290419262148,126.01446421684268,126.5501187512876,62746300
2021-06-16,126.75464630126953,127.47534656209021,125.10874743356234,126.96890813933193,91815000
2021-06-17,128.35182189941406,129.09200433395995,126.26765136661298,126.41374704429569,96721700
2021-06-18,127.05657196044922,128.07916771937423,126.84231012163941,127.3000499717587,108953300
2021-06-21,128.8485565185547,128.95568742961305,125.8391720998025,126.90073257983343,79663300
2021-06-22,130.48472595214844,130.58212309669915,128.18629303149916,128.68299766370282,74783600
2021-06-23,130.2120361328125,130.815871699919,129.75429628741554,130.2802171084206,60214200
2021-06-24,129.92958068847656,131.12748807728477,129.46209231078763,130.94244245203893,68711000
2021-06-25,129.63742065429688,130.39707078875628,129.3452440962624,129.97829578212327,70783700
2021-06-28,131.2638702392578,131.72161011019884,129.87118308436172,129.929615432019,62111300
2021-06-29,132.77340698242188,132.9292364481491,130.84506564137368,131.28332301060522,64556100
2021-06-30,133.38697814941406,133.82523552499876,132.32540290188453,132.61757943917965,63261400
2021-07-01,133.68893432617188,133.74736668153665,132.21831736612697,133.0364149233969,52485800
2021-07-02,136.30874633789062,136.34769628382654,134.15639402212219,134.30247489528134,78852600
2021-07-06,138.31500244140625,139.4155130237445,136.415876793308,136.415876793308,108181800
2021-07-07,140.79844665527344,141.11009072715532,138.9382714107099,139.79530375392193,104911600
2021-07-08,139.50315856933594,140.30175867225685,137.00019762598444,137.88646110200742,105575500
2021-07-09,141.3243865966797,141.85029259632174,138.92855627210733,139.02595342720224,99890800
2021-07-12,140.730224609375,142.50275083448236,140.2432688148789,142.39561996526476,76299700
2021-07-13,141.8405303955078,143.61305721006948,139.88297280050324,140.27253162136344,100827100
2021-07-14,145.2589569091797,145.66801299296932,143.8273051980656,144.23636128185524,127050800
2021-07-15,144.60646057128906,146.08681108461445,143.2527233830004,145.3466432583112,106820300
2021-07-16,142.57093811035156,145.85301589768642,142.0742484759921,144.58694253237246,93251400
2021-07-19,138.7337646484375,140.31151223035158,137.9741144596603,139.99985324997218,121434600
2021-07-20,142.33721923828125,143.26244743833868,139.23045273850917,139.717408691922,96350000
2021-07-21,141.60679626464844,142.31776271135624,140.85689473808662,141.7334095777614,74993500
2021-07-22,142.9702911376953,144.33376205602218,142.00611286355945,142.13272618480354,77338200
2021-07-23,144.68434143066406,144.84017089255983,143.0871265980212,143.70069581628857,71447400
2021-07-26,145.10313415527344,145.92121655552194,143.8467795270844,144.4019164234274,72434100
2021-07-27,142.94105529785156,145.3174027377309,141.7528815779119,145.22973937162135,104818600
2021-07-28,141.19776916503906,143.13585955365372,138.82142131266863,141.03220589476328,118931200
2021-07-29,141.8405303955078,142.72679380278865,140.80818614558353,140.91531705042755,56699500
2021-07-30,142.0548095703125,142.51254941417247,140.35046351445212,140.61342392407167,70440600
2021-08-02,141.72366333007812,143.11635020883497,141.4607029570404,142.5417457565108,62880000
2021-08-03,143.51568603515625,144.17793912255732,141.39254995347815,142.0061193250026,64786600
2021-08-04,143.11634826660156,143.93443068193204,142.46382908813206,143.4280072023747,56368300
2021-08-05,143.22348022460938,143.9831303102646,142.35669923658142,143.1455654900914,46397700
2021-08-06,142.54074096679688,143.48685218422662,142.0433070322341,142.74557545925379,54126800
2021-08-09,142.491943359375,143.08692025442784,141.9359896381178,142.59923476284288,48908700
2021-08-10,142.01400756835938,144.0720407420302,141.72139332469942,142.83331554422432,69023100
2021-08-11,142.2676544189453,143.1064743087136,141.9457801130242,142.4529773420197,48493500
2021-08-12,145.22305297851562,145.37911598069522,142.24816711253547,142.58955306942994,72282600
2021-08-13,145.42782592773438,145.7594485046543,144.61826619020815,145.30102293180235,59375000
2021-08-16,147.39810180664062,147.4663849394875,142.86263134674047,144.88164213986906,103296000
2021-08-17,146.49102783203125,147.9443216421731,145.41811337630122,146.5300361381551,92229700
2021-08-18,142.7552947998047,147.00791279558547,142.55046034897777,146.1105732952071,86326000
2021-08-19,143.0869140625,144.35489926234624,140.94110096897992,141.45804637705135,86960300
2021-08-20,144.54026794433594,144.84263065061194,143.16499090967656,143.8087395067066,60549600
2021-08-23,146.02284240722656,146.49101645929602,144.24765951519495,144.65731367112883,60131800
2021-08-24,145.93505859375,147.14452444194586,145.47663286242496,145.76924724797075,48606400
2021-08-25,144.70603942871094,146.61777310120064,144.15983406027962,146.12032437546637,58991300
2021-08-26,143.90628051757812,145.44736901605114,143.87702056810593,144.69634380228402,48597200
2021-08-27,144.94015502929688,145.08645474475415,143.21374397198983,143.84772924961433,55802400
2021-08-30,149.3488311767578,149.70972863585897,144.94991248756867,145.33030665463397,90956700
2021-08-31,148.09059143066406,149.03670255975587,147.56388271808643,148.90015120519527,86453100
2021-09-01,148.75384521484375,151.1630130890743,148.58803390921838,149.06597111930256,80313700
2021-09-02,149.86575317382812,150.9094073223183,148.6465393833382,150.08033599159282,71115500
2021-09-03,150.499755859375,150.82163009154993,149.31955034140017,149.9730471583683,57808700
2021-09-07,152.8309326171875,153.38688652354213,150.58757563240493,151.15329277694906,82278300
2021-09-08,151.28982543945312,153.1722846868866,150.1876512353804,153.11376479693286,74420200
2021-09-09,150.2754364013672,152.26518694823613,150.15838174591684,151.66046161317462,57305700
2021-09-10,145.30104064941406,151.65070144497142,145.03768627305047,151.1825274626448,140893200
2021-09-13,145.86679077148438,147.69073046346875,145.0864907020359,146.92019363279192,102404300
2021-09-14,144.47198486328125,147.34934195867896,143.29179398463287,146.6470734676716,109296300
2021-09-15,145.35955810546875,145.75946384011283,142.76506733146184,144.9011324843855,83281300
2021-09-16,145.12542724609375,145.30100174431934,143.59410269773988,144.78405636656498,68034100
2021-09-17,142.46270751953125,145.15474141357228,142.17009319848557,145.15474141357228,129868800
2021-09-20,139.4195556640625,141.27275491051466,137.79068761664803,140.2583754550107,123478900
2021-09-21,139.89752197265625,141.03871968285046,139.26353647409275,140.38520770477817,75834000
2021-09-22,142.2578582763672,142.82356032742504,140.1608018149043,140.8923300236282,76404300
2021-09-23,143.2137451171875,143.457587900221,142.0530510886709,143.03817057425258,64838200
2021-09-24,143.301513671875,143.8379707289355,141.97500844122595,142.0725514999574,53477900
2021-09-27,141.78970336914062,142.36518367517027,140.2778899497781,141.8872464401241,74150700
2021-09-28,138.41490173339844,141.18495179250712,138.20031892345534,139.72189529724798,108972300
2021-09-29,139.31222534179688,140.89232141352545,138.53192565691387,138.96109122774845,74602000
2021-09-30,138.01502990722656,140.82410382973063,137.80044704464729,140.12183534910463,89056700
2021-10-01,139.13668823242188,139.40004260947205,135.68388091891475,138.40515987182454,94639600
2021-10-04,135.71316528320312,138.70756238856447,134.86459699477155,138.26863338683822,98322000
2021-10-05,137.6345977783203,138.73677173382114,135.92769858570284,136.0545015739937,80861100
2021-10-06,138.50271606445312,138.6490157972431,134.9621137010957,136.03502801816884,83221100
2021-10-07,139.76087951660156,140.66798212657525,139.20492588330868,139.53654839320112,61732700
2021-10-08,139.38052368164062,140.62899749402928,139.04890108087716,140.48269778280476,58773200
2021-10-11,139.292724609375,141.24346653207863,138.3173536480232,138.7660308387561,64452200
2021-10-12,138.02474975585938,139.72190071402855,137.56632417893402,139.70238912610083,73035900
2021-10-13,137.43954467773438,137.91746698955632,135.77165355544514,137.76141892529833,78762700
2021-10-14,140.21932983398438,140.33638447460456,138.02474508035556,138.6099736345154,69907100
2021-10-15,141.27273559570312,141.33125547588753,139.97549034735292,140.22909633879294,67940300
2021-10-18,142.9406280517578,143.22347910319027,139.63412084083484,139.91697189226727,85589200
2021-10-19,145.09620666503906,145.49611240776287,142.94064476173952,143.38930715549284,76378900
2021-10-20,145.58387756347656,146.06181473584434,144.4719551618084,145.03767215675973,58418800
2021-10-21,145.79847717285156,145.95454013073487,144.2281290062348,145.14498028007083,61421000
2021-10-22,145.02792358398438,146.48121692115393,144.97915205496275,146.00329463249273,58883400
2021-10-25,144.97914123535156,145.69115788039105,143.98425867288518,145.0181495258691,50720600
2021-10-26,145.6424560546875,147.12500978003416,145.34007843670338,145.65220441024096,60893400
2021-10-27,145.18399047851562,146.04230690415662,144.83285629616836,145.68142436893194,56094900
2021-10-28,148.81236267089844,149.39757634919977,146.0325493292803,146.1300923838208,100077900
2021-10-29,146.11061096191406,146.24716233667445,142.8041031388741,143.59415144162946,124953200
2021-11-01,145.29124450683594,146.01300939156616,144.15981077896225,145.32050444092079,74588300
2021-11-02,146.32518005371094,147.8370082711022,144.98891149464504,144.9986747309846,69122000
2021-11-03,147.7589569091797,148.22713081802038,146.13008913879244,146.686042864982,54511500
2021-11-04,147.24203491210938,148.6758168059769,146.92990900121129,147.84676026074618,60394600
2021-11-05,147.7694549560547,148.66810401133364,146.57776460119138,148.36530013348636,65463900
2021-11-08,146.9490203857422,148.0528033415094,146.6755190186912,147.89651258756408,55020900
2021-11-09,147.31039428710938,147.91600218212633,146.57779832196186,146.71454897260128,56787900
2021-11-10,144.4874725341797,146.64619541359409,144.41910465453822,146.53874739869644,65187100
2021-11-11,144.43862915039062,145.96242651484354,144.25303577054234,145.5033467129879,41000000
2021-11-12,146.50942993164062,146.90990439693277,144.05766590459464,144.9856178095641,63804000
2021-11-15,146.51914978027344,148.35552789368978,145.96236985685306,146.8805589135612,59222800
2021-11-16,147.49598693847656,147.97462166575806,145.87450429964008,146.46058703081326,59256200
2021-11-17,149.92822265625,151.40317727562876,147.48623592599793,147.49599850722544,88807000
2021-11-18,154.20652770996094,154.98796621369542,149.4983864355678,150.14307431900122,137827700
2021-11-19,156.8243865966797,157.28348128204507,152.89766786630707,153.9916731226482,117305600
2021-11-22,157.2834930419922,161.85488526610547,157.26395297389544,157.92816624213555,117467900
2021-11-23,157.66444396972656,158.04539332554327,155.36897034832776,157.38116514595987,96041900
2021-11-24,158.18214416503906,158.37750013405517,155.9355132595911,157.01975602804134,69463600
2021-11-26,153.17120361328125,156.7267364003775,152.73164889573968,155.8671670363227,76959800
2021-11-29,156.52157592773438,157.44952783966656,155.10521179906075,155.67175446958956,88748200
2021-11-30,161.4641571044922,161.67905311784355,156.20899716750552,156.27737994661885,174048100
2021-12-01,160.94644165039062,166.3481143018466,160.7120055934647,163.59354652559932,152052500
2021-12-02,159.95986938476562,160.38966136948252,154.13818224096923,155.05637149837315,136739200
2021-12-03,158.0844268798828,161.1320360204304,156.01362719703414,160.21384675586103,118023100
2021-12-06,161.4836883544922,163.98428011365826,160.46781363689186,160.47757621707362,107497000
2021-12-07,167.2077178955078,167.5984447377344,164.43362438687151,165.15645786646198,120405400
2021-12-08,171.01722717285156,171.8768113251432,166.73886138447926,168.13568563195315,116998900
2021-12-09,170.5092315673828,172.64841373189637,169.88408373478205,170.8511155762567,108923700
2021-12-10,175.28578186035156,175.46161263264923,170.63624509261138,171.14418244016858,115402700
2021-12-13,171.66184997558594,177.90356547736783,171.45671659739713,176.916993613016,153237000
2021-12-14,170.28463745117188,173.61551126067369,168.21383726682737,171.18328686899508,139380400
2021-12-15,175.1392822265625,175.33463817394934,168.31148231582245,171.0465102933484,131063300
2021-12-16,168.2626495361328,176.93659123544322,166.78769490587976,175.11975249855263,150185800
2021-12-17,167.16864013671875,169.44457351876034,165.75229083845704,165.98671202152144,195432700
2021-12-20,165.81085205078125,166.62159320430635,163.57399939708904,164.37496306745004,107499100
2021-12-21,168.9757080078125,169.1808265329912,165.1955026634982,167.57888393978646,91185900
2021-12-22,171.56422424316406,171.7791202742142,168.15520530032774,169.02455200604697,92135300
2021-12-23,172.18936157226562,172.74614168304623,171.2028043307869,171.76934702247985,68356600
2021-12-27,176.1453857421875,176.2332936859138,172.96104046356876,172.9805656257053,74919600
2021-12-28,175.1295166015625,177.12218615208815,174.38715798933583,175.9793381325386,79144300
2021-12-29,175.2174072265625,176.43840038673264,174.0061766459811,175.16856451921535,62348900
2021-12-30,174.06484985351562,176.37986392372042,173.95740181730605,175.30538356162475,59773000
2021-12-31,173.44943237304688,175.0709001571645,173.14661351296067,173.9573548573712,64062300
2022-01-03,177.78640747070312,178.6362290402615,173.58620196027948,173.70341256103026,104487900
2022-01-04,175.52999877929688,178.69481886787932,174.96345608354855,178.39201490568885,99310400
2022-01-05,170.8609161376953,175.9890879826122,170.587414831676,175.4420853705736,94537600
2022-01-06,168.0086669921875,171.23209207239668,167.65702034880644,168.6924202141222,96904000
2022-01-07,168.17471313476562,170.09899955917385,167.06116796216358,168.8780063916408,86709100
2022-01-10,168.1942596435547,168.4970635759533,164.26754129298973,165.15642793014217,106765600
2022-01-11,171.01722717285156,171.1148977053451,166.85608689005863,168.3212790198075,76138300
2022-01-12,171.45675659179688,173.06846173538992,170.7632407657719,172.0330618342014,74805200
2022-01-13,168.1942596435547,172.52145244084235,167.80353287215138,171.70094857794888,84505800
2022-01-14,169.05384826660156,169.7473640846977,167.1197842307582,167.36398288031089,80440800
2022-01-18,165.85972595214844,168.53613361538314,165.47877665458643,167.53003637041928,90956700
2022-01-19,162.37255859375,167.11001826086033,162.08929472408371,166.0550783276264,94815000
2022-01-20,160.69248962402344,165.74251639966073,160.3701455866801,163.10517370877471,91420500
2022-01-21,158.64120483398438,162.4702376425932,158.5337568383858,160.604556493883,122848900
2022-01-24,157.86956787109375,158.53379607319022,151.11014976934194,156.30670516297684,162294600
2022-01-25,156.072265625,158.98310983768695,153.3763174519784,155.29082683573563,115798400
2022-01-26,155.98434448242188,160.57527648713483,154.15774320444362,159.70592982008216,108275300
2022-01-27,155.52525329589844,160.0380400395087,154.6070638933257,158.68029600296296,121954600
2022-01-28,166.37745666503906,166.3969967339565,159.02219316405643,161.86466955096992,179935700
2022-01-31,170.7241668701172,170.93906288440527,165.576454917367,166.21138037947398,115541600
2022-02-01,170.55810546875,170.78276405312576,168.31147491088436,169.97202274767105,86213900
2022-02-02,171.7595672607422,171.79864739328102,169.30781806090394,170.69486467196293,84914300
2022-02-03,168.88778686523438,172.15029228212393,168.12588824034546,170.43112418107953,89418100
2022-02-04,168.6042022705078,170.27665611869838,166.9317484223172,167.9097877683782,82465400
2022-02-07,167.89019775390625,170.12990075671365,167.19578341710826,169.0638417050099,77251200
2022-02-08,170.99057006835938,171.49915455646115,167.6652283214683,167.9586430232075,74829200
2022-02-09,172.40872192382812,172.77059159545334,171.05902326407136,172.18377712176584,71285000
2022-02-10,168.340087890625,171.62629991772872,167.78261335475796,170.31573108381698,90865900
2022-02-11,164.93655395507812,169.2790510191681,164.3497243806945,168.54552151303656,98670700
2022-02-14,165.17124938964844,165.85587378073802,162.90219149496014,163.69440078491326,86185500
2022-02-15,168.99539184570312,169.15188170406051,166.51117876998032,167.21536820889426,62527400
2022-02-16,168.76068115234375,169.53332561896576,166.3155829464961,168.07605663944543,61177400
2022-02-17,165.17124938964844,168.13470669398032,164.77024977354867,167.274027503072,69589300
2022-02-18,163.62594604492188,166.7947832093295,162.54032203615824,166.09060878011084,82772700
2022-02-22,160.71141052246094,163.02935867994262,158.58905229899906,161.35690506054718,91162800
2022-02-23,156.5547332763672,162.50119815168253,156.241753586249,161.90459367562613,90009200
2022-02-24,159.16607666015625,159.27366155009665,148.66193213542687,149.2291965620497,141147500
2022-02-25,161.22979736328125,161.4938572501659,157.3371898954576,160.24196804076124,91974200
2022-02-28,161.49386596679688,161.7872807806468,158.86293751131512,159.4791071280302,95056600
2022-03-01,159.61598205566406,162.94132403155473,158.41299811175085,161.08304074169718,83474400
2022-03-02,162.90219116210938,163.6846254319098,159.37146939131958,160.7798480922219,79724800
2022-03-03,162.57945251464844,165.20060533866413,161.91439302006907,164.77026570160976,76678400
2022-03-04,159.58663940429688,161.91437725608384,158.54014531943216,160.87765818976635,83737200
2022-03-07,155.80165100097656,161.39603654297554,155.5473512521712,159.7724878532729,96418800
2022-03-08,153.9824981689453,159.30303394754864,152.3785144348394,155.33219707675556,131148300
2022-03-09,159.37147521972656,159.8213797915154,155.90922322313332,157.9337564869507,91454900
2022-03-10,155.03880310058594,156.86773192318665,152.5545747757299,156.68190205750494,105342000
2022-03-11,151.33200073242188,155.78208206231224,151.10705589580672,155.4397623739769,96970100
2022-03-14,147.3122100830078,150.73534613403064,146.80364061476897,148.12398413737876,108732100
2022-03-15,151.68408203125,152.1535515492418,147.0775261791108,147.58609577139651,92964300
2022-03-16,156.08526611328125,156.48626575095446,151.06793536575267,153.60105321090987,102300200
2022-03-17,157.09266662597656,157.46432633327734,154.16833868809496,155.1268130175759,75615400
2022-03-18,160.3788299560547,160.86784945274542,156.25150421008976,156.98503345512586,123511700
2022-03-21,161.74807739257812,162.69677631557283,159.43011506099936,159.91913450898883,95811400
2022-03-22,165.112548828125,165.69936326568208,161.28841281006214,161.8752272476192,81532000
2022-03-23,166.47206115722656,168.8486892835288,163.9682682338466,164.3008129085659,98062700
2022-03-24,170.24728393554688,170.31573891650316,166.4720521767643,167.30337650948087,90131400
2022-03-25,170.8830108642578,171.43071043053845,168.95627243907444,170.06146151483682,80546200
2022-03-28,171.7436981201172,171.87083307439428,168.22275085370143,168.38901573521346,90371900
2022-03-29,175.02989196777344,175.0787819860724,172.46741925958432,172.8097389298353,100589400
2022-03-30,173.86602783203125,175.66561632731086,172.81951875433577,174.6288971925018,92633200
2022-03-31,170.77542114257812,174.1203133341303,170.5700263491638,173.93448350287292,103049300
2022-04-01,170.48199462890625,171.0394840841696,168.16404671715162,170.20814487239906,78751300
2022-04-04,174.52130126953125,174.5702062097959,170.60914482743888,170.7362946873885,76468400
2022-04-05,171.2155303955078,174.38438259894033,170.58958593943765,173.60194829792937,73401800
2022-04-06,168.05645751953125,169.81693085468368,166.39379406221198,168.57481703992445,89058800
2022-04-07,168.3596649169922,169.55287391806212,166.11996174699982,167.401190693142,77594700
2022-04-08,166.35467529296875,168.00756384278074,165.48422104719532,168.00756384278074,76575500
2022-04-11,162.10997009277344,165.31793693449984,161.8654603339608,165.00497220353915,72246700
2022-04-12,163.97805786132812,166.13951616252308,162.98045368647982,164.3301525745867,79265200
2022-04-13,166.6578369140625,167.2837812669122,163.10756555004033,163.71394494457553,70618900
2022-04-14,161.6600799560547,167.5087646523774,161.41557017548345,166.8730302686766,75329400
2022-04-18,161.44493103027344,162.94132974863555,159.977872292766,160.32017704396847,69023900
2022-04-19,163.72369384765625,164.13448328828676,160.31034788888962,161.39597158498302,67723800
2022-04-20,163.55743408203125,165.1712071523127,162.4522603203473,165.05383234121763,67929800
2022-04-21,162.7652587890625,167.7630389892028,162.26646424033356,165.200581424204,87227800
2022-04-22,158.23690795898438,164.18338629543857,157.9532832428045,162.8043627806477,84882400
2022-04-25,159.30300903320312,159.58663379803306,154.9800781201004,157.58165071304833,96046400
2022-04-26,153.35655212402344,158.7748828167284,153.2783071958642,158.6868628689345,95623200
2022-04-27,153.13157653808594,156.28084845296394,151.96770771639416,152.48606720314393,88063200
2022-04-28,160.0463104248047,160.906989569117,155.43973990755873,155.75271956865106,130216800
2022-04-29,154.1878662109375,162.55010393809633,153.79665651995063,158.28585264208988,131747600
2022-05-02,154.49107360839844,154.7551334388098,149.9040675207667,153.2685246478865,123055300
2022-05-03,155.97767639160156,157.18067526746918,152.88708408047324,154.67688255687574,88966500
2022-05-04,162.37403869628906,162.82392827829534,155.7624855158091,156.163485086847,108256500
2022-05-05,153.32720947265625,160.47667363266967,151.5471709663278,160.25172879543595,130525300
2022-05-06,154.05198669433594,156.16765847712838,151.01560506464577,152.80804796848787,116124600
2022-05-09,148.93914794921875,152.63177739233632,148.38085428930862,151.75023984870148,131577900
2022-05-10,151.33883666992188,153.52307898712107,149.7912627423493,152.32811702969943,115366700
2022-05-11,143.49325561523438,152.25956414663153,142.81741468212965,150.3495886480442,142689800
2022-05-12,139.63412475585938,143.19941752795359,135.95129962230052,139.8398213340432,182602000
2022-05-13,144.0907440185547,145.0604308345469,140.17283922837782,141.62245981596948,113990900
2022-05-16,142.55294799804688,144.49232147743598,141.22085987637433,142.56275232444813,86643800
2022-05-17,146.1770477294922,146.69616897048812,143.6695758585412,145.80484195458106,78336300
2022-05-18,137.9298553466797,144.33562356857507,137.02872402723415,143.83609605190958,109742900
2022-05-19,134.53106689453125,138.75260707730666,133.7964597180681,137.00914057415054,136095600
2022-05-20,134.76612854003906,137.81230015984903,129.8883411847853,136.23534285932448,137426100
2022-05-23,140.17282104492188,140.31973647724712,134.82487512400195,134.9620011760451,117726300
2022-05-24,137.47927856445312,139.05623582746938,134.51146690573626,137.92003986063096,104132700
2022-05-25,137.63595581054688,138.8798794260536,135.5006906054065,135.58883984827878,92482700
2022-05-26,140.82908630371094,141.37759058232152,134.3253649583187,134.57023400738558,90601500
2022-05-27,146.56883239746094,146.6080048732437,142.27872143657157,142.4060581377044,90978500
2022-05-31,145.7852325439453,147.56788638378129,143.82628016379354,146.01052282850958,103718400
2022-06-01,145.65792846679688,148.625740486996,144.64905411869742,146.8234927200187,74286600
2022-06-02,148.10659790039062,148.16536407915592,143.8458705924634,144.79596367082308,72348100
2022-06-03,142.3961944580078,144.93303315513873,141.49507852895178,143.88498689091028,88570300
2022-06-06,143.140625,145.52075950090375,141.92606935448035,144.01235806018857,71598400
2022-06-07,145.65792846679688,145.94197002029273,141.14254208512267,141.3874111623379,67808200
2022-06-08,144.9232940673828,146.79408210793065,144.4335560047601,145.5305644824367,53950200
2022-06-09,139.7124786376953,144.91349464755012,139.60473566244548,144.06135517233236,69473000
2022-06-10,134.3155517578125,137.8710395567264,134.24698126233585,137.40089525066517,91437900
2022-06-13,129.17332458496094,132.4251777606438,128.7423526705115,130.14299644685158,122207100
2022-06-14,130.03526306152344,131.14207601932122,128.7815346427886,130.3976794412042,84784300
2022-06-15,132.6504669189453,134.5212702217429,129.4475902081577,131.53386454500733,91533000
2022-06-16,127.39066314697266,129.6728443246095,126.39159330904647,129.36920911544067,108123900
2022-06-17,128.85987854003906,130.34868645706888,127.14579529566508,127.40046865716874,134520300
2022-06-21,133.08143615722656,134.24701531100777,130.58378362269173,130.68172228241795,81000500
2022-06-22,132.5720672607422,134.93259278933536,131.16161959240785,132.02354820979977,73409200
2022-06-23,135.4321746826172,135.74559928638683,132.84635818263115,134.0119372202921,72433800
2022-06-24,138.75259399414062,138.99746302987265,136.90138468183136,137.0287064173905,89116800
2022-06-27,138.75259399414062,140.5450371291734,138.0767530642211,139.7712426067131,70207900
2022-06-28,134.61923217773438,140.47649657650823,134.50169979812208,139.2129786588069,67083400
2022-06-29,136.3724365234375,137.78288432606877,133.86498040570075,134.63877479951915,66242400
2022-06-30,133.9139862060547,135.53011594509118,131.0245344279122,134.43310739232075,98964500
2022-07-01,136.07859802246094,136.18634098386156,132.87572215700436,133.2479128863371,71051600
2022-07-05,138.65464782714844,138.70362462604172,134.11966825992553,134.94243962271915,73353800
2022-07-06,139.98672485351562,141.16209320483665,138.18449238511542,138.44895512148898,74064300
2022-07-07,143.3463592529297,143.5422515193908,140.3393599057939,140.3491492881493,66253700
2022-07-08,144.02215576171875,144.52169812610057,142.02403114104803,142.2786895406023,64547800
2022-07-11,141.8966827392578,143.6303594367227,140.82905749070648,142.68026652507825,63141600
2022-07-12,142.86639404296875,145.40323372369386,142.07302074051665,142.76844044820817,77588800
2022-07-13,142.5039825439453,143.44427122627144,139.2031379384123,140.0552923046931,71185600
2022-07-14,145.42283630371094,145.89298070687983,140.30996921418316,141.1229362743088,78140700
2022-07-15,147.08792114257812,147.7637620290884,145.15835206929646,146.70592606919652,76259900
2022-07-18,144.05157470703125,148.4592176926782,143.68915834296686,147.64625063740658,81420900
2022-07-19,147.90087890625,148.1261542059037,143.89482557447934,144.88409097349603,82982400
2022-07-20,149.89901733398438,150.56506886066487,147.2838179131366,148.01842499581136,64823400
2022-07-21,152.16163635253906,152.37712231601844,148.82161886422966,151.3290755894941,65086600
2022-07-22,150.927490234375,153.0725455912705,150.26145356507448,152.20081233549695,66675400
2022-07-25,149.8108673095703,151.85796878260385,149.15462011252404,150.84910958984113,53623900
2022-07-26,148.4886016845703,149.94801169458665,147.70501771546552,149.13504463438227,55138700
2022-07-27,153.5720672607422,154.10099277980115,149.0371026048061,149.4484808165071,78620700
2022-07-28,154.12057495117188,154.40461645264705,151.24091273921562,153.7581586202447,81378700
2022-07-29,159.17466735839844,160.27169083424704,156.22644946059978,157.93074338059327,101786900
2022-08-01,158.19515991210938,160.23247174092782,157.58788958801776,157.7054219228439,67829400
2022-08-02,156.72596740722656,159.07671904499605,156.35377664743476,156.81413161603723,59907000
2022-08-03,162.72036743164062,163.1709180629882,157.45078129075776,157.53893055181024,82507500
2022-08-04,162.40692138671875,163.7586031177134,161.0552396557241,162.60281360750764,55474100
2022-08-05,162.18138122558594,162.6717996569105,159.8764086118074,160.08239093817213,56697000
2022-08-08,161.71051025390625,164.59417198149717,161.05335158963675,163.18176501562593,60276900
2022-08-09,161.75958251953125,162.6423445061743,160.1215870695177,160.8768354992681,63135500
2022-08-10,165.99679565429688,166.0948703368816,163.70162657940335,164.46667794890814,70170500
2022-08-11,165.2611846923828,167.71327649760102,164.9669306824805,166.8010905635419,57149200
2022-08-12,168.802001953125,168.87065273956517,166.1537308916434,166.56569547580565,68039400
2022-08-15,169.87110900878906,170.06727335382837,168.0663730882192,168.2331135298216,54091700
2022-08-16,169.71420288085938,170.38117973679442,168.3704611545434,169.46899366269176,56377100
2022-08-17,171.20506286621094,172.77439273368478,169.26301023326062,169.45917459589717,79542000
2022-08-18,170.8126983642578,171.54832585930868,169.80243780169835,170.42036968678258,62290100
2022-08-19,168.2331085205078,170.41056710828244,168.02712623620275,169.71416649279175,70346300
2022-08-22,164.3588104248047,166.6049198473659,163.9370428679026,166.43817940694694,69026800
2022-08-23,164.0253143310547,165.47696339789675,163.4564272588674,163.87819481513557,54147100
2022-08-24,164.319580078125,164.88846719098774,163.06411023124903,164.11361274111158,53841500
2022-08-25,166.77163696289062,166.87952958176348,165.12383874706296,165.54559127859812,51218200
2022-08-26,160.4844970703125,167.77212157949262,160.42564926256463,167.30132415112922,78961000
2022-08-29,158.2874298095703,159.7782908024648,156.7573269679059,158.06182659509352,73314000
2022-08-30,155.86477661132812,159.4448248788866,154.69757844618866,159.02307224651202,77906200
2022-08-31,154.20713806152344,157.50274977749038,154.12866933419335,157.23791969354875,87991100
2022-09-01,154.93296813964844,155.38414463005734,151.70600708998924,153.63825654168207,74229900
2022-09-02,152.8241424560547,157.2869518100939,152.0002433352291,156.6886409081276,76957800
2022-09-06,151.56869506835938,154.07963464254792,150.7447958267751,153.4715206737186,73714800
2022-09-07,152.97128295898438,153.6676685648947,150.66631095885003,151.85312983190147,87449600
2022-09-08,151.50003051757812,153.36361410419434,149.75412756943635,151.6765739248584,84923800
2022-09-09,154.3542938232422,154.79568238893683,151.7845060067485,152.4907097522004,68028800
2022-09-12,160.29811096191406,161.11220709833708,156.24726616785827,156.53170218353472,104956000
2022-09-13,150.8919219970703,157.46352522744408,150.43092752735453,156.83579030622826,122656600
2022-09-14,152.33372497558594,154.0894308134101,150.66630580332588,151.82368576965968,87965400
2022-09-15,149.4500732421875,152.26508456095567,148.47905455230304,151.6863795720259,90481100
2022-09-16,147.8120880126953,148.44964084888636,145.52673670084437,148.31232430924803,162278800
2022-09-19,151.51962280273438,151.5980915210163,146.24273245408108,146.44869974399057,81474200
2022-09-20,153.8932647705078,155.05065980282333,150.14647654096675,150.4603364872082,107689800
2022-09-21,150.77423095703125,155.6980357811973,150.65653533272163,154.32485530993193,101696800
2022-09-22,149.81301879882812,151.5098622787984,148.01808565192604,149.45991695080835,86652500
2022-09-23,147.54725646972656,148.5673350111051,145.7130966439831,148.29270193451399,96029900
2022-09-26,147.88075256347656,150.82326264584486,146.77240230987616,146.79202323434507,93339400
2022-09-27,148.8517608642578,151.75504386028683,147.0764489671257,149.81299153282302,84442700
2022-09-28,146.9685821533203,147.7532545846386,142.0643981655583,144.81074419198137,146691400
2022-09-29,139.74960327148438,143.9083561021041,137.98409428837317,143.3002421615135,128138200
2022-09-30,135.5516357421875,140.35774479295515,135.35547138562947,138.5726147256006,124925300
2022-10-03,139.72019958496094,140.32832857992096,135.05142179088293,135.5614611189966,114311700
2022-10-04,143.30026245117188,143.41795807791704,141.4955113649154,142.25075989142124,87830100
2022-10-05,143.59449768066406,144.55572849466822,140.26946161653336,141.30916116839794,79471000
2022-10-06,142.64305114746094,144.7126168501461,142.43708385477177,143.01577382273572,68402200
2022-10-07,137.4053955078125,140.35772324812106,136.7776606833551,139.80844218113944,85925600
2022-10-10,137.7290802001953,139.17091126885134,135.91454138275128,137.7290802001953,74899000
2022-10-11,136.3166961669922,138.64128959242282,135.57126557653487,137.2190642395612,77033700
2022-10-12,135.68893432617188,137.67022848780448,135.51239091855444,136.4638036366148,70433700
2022-10-13,140.24981689453125,140.83830981626429,131.79499606499104,132.40312487373902,113224000
2022-10-14,135.72821044921875,141.75054821414383,135.5418490498613,141.54456588685852,88598000
2022-10-17,139.68093872070312,140.1615390587515,137.58194907165392,138.36662131640782,85250900
2022-10-18,140.9952850341797,143.88875049899616,137.91545818930572,142.70194639396894,99136600
2022-10-19,141.10316467285156,142.1722730567363,138.78838952105372,138.974750883936,61758300
2022-10-20,140.6421661376953,143.09425775385319,139.91634163141597,140.2792613677454,64522000
2022-10-21,144.4478302001953,145.0167173026428,139.9163543059083,140.1321395849877,86548600
2022-10-24,146.58604431152344,147.3510957532076,143.2021606323234,144.3693587197694,75981900
2022-10-25,149.42066955566406,149.5678040506047,146.49778017936205,147.2137868289863,74732300
2022-10-26,146.48794555664062,149.07735346461445,145.20303709712394,148.06709300971718,88194300
2022-10-27,142.02516174316406,146.1937178528811,141.36800292889203,145.23250204640354,109180200
2022-10-28,152.75555419921875,154.48182186838937,144.98732723837443,145.3600351076457,164762400
2022-10-31,150.40150451660156,151.2842665764986,149.0087181195706,150.22496108445085,97943200
2022-11-01,147.7630615234375,152.47108127109797,146.27220032701106,152.10817643552318,80379300
2022-11-02,142.250732421875,149.2539052221096,142.22130852087065,146.09561013902547,93604600
2022-11-03,136.2185821533203,140.06345955714755,136.09106861510674,139.33763513663766,97918500
2022-11-04,135.95333862304688,140.16810151754257,132.0234836201314,139.59827074317496,140814800
2022-11-07,136.48385620117188,136.70981865595215,133.29084915754692,134.70559929239224,83374600
2022-11-08,137.05369567871094,138.9498435557623,135.0789489012502,137.94774130575934,89908500
2022-11-09,132.50486755371094,136.12034157773797,132.22977893126608,136.07121539704306,74917800
2022-11-10,144.29446411132812,144.29446411132812,137.05371017047622,138.7632027049217,118854000
2022-11-11,147.0748291015625,147.3793904835366,141.83829520447486,143.26287971945007,93979700
2022-11-14,145.6797332763672,147.64466090619808,144.8446330372058,146.35763570725214,73374100
2022-11-15,147.40882873535156,150.89657743758315,145.95478683657723,149.55060713210176,89868300
2022-11-16,146.18080139160156,147.2418642338074,144.707105498184,146.51485052076237,64218300
2022-11-17,148.07691955566406,148.82358651784583,143.58705356948877,143.8621421866718,80389400
2022-11-18,148.6369171142578,150.022194440957,147.3400729082456,149.63903422199823,74829600
2022-11-21,145.4144744873047,147.73308985978306,145.12956655626695,147.52678083863384,58724100
2022-11-22,147.54641723632812,147.78221396265934,144.35340964940343,145.53237828985053,51804100
2022-11-23,148.4208221435547,149.16748927839564,146.72114887646376,146.82922050043365,58301400
2022-11-25,145.51268005371094,146.26918120067512,144.5400357218998,145.70916976960694,35195900
2022-11-28,141.69090270996094,144.06846284178744,140.86563687733454,142.59476743015247,69246000
2022-11-29,138.69439697265625,142.2705641956943,137.88878454429147,141.75967888062996,83763800
2022-11-30,145.43408203125,146.11198429763354,138.08525867650403,138.9203437218135,111380900
2022-12-01,145.7091827392578,146.51481013470644,144.03899751867118,145.61094536816785,71250400
2022-12-02,145.21795654296875,145.4046270438478,143.09583136119605,143.40040769964443,65447400
2022-12-05,144.0586700439453,148.27343309869434,143.21375058654476,145.17867816271277,68826400
2022-12-06,140.40391540527344,144.71693119940028,139.431270776129,144.49096870660432,64727200
2022-12-07,138.4684600830078,140.85584008868295,137.5449416476374,139.69653991914743,69721100
2022-12-08,140.1484375,141.00319109284194,138.62563079391435,139.86352962985669,62128300
2022-12-09,139.6670379638672,143.0172426533997,138.42912415381502,139.84387422747133,76097000
2022-12-12,141.95619201660156,141.96601125722427,138.58633357333804,140.19757351667832,70462700
2022-12-13,142.9190216064453,147.34010905974955,141.71059523341404,146.87834983755218,93886200
2022-12-14,140.69863891601562,144.0881358235322,138.68458524913544,142.8011107216781,82291200
2022-12-15,134.10630798339844,139.3133690938159,133.64454880056923,138.63546667684503,98931900
2022-12-16,132.15121459960938,135.23615066480997,131.3848939522239,134.29299371012456,160156900
2022-12-19,130.0487060546875,132.82907992971283,129.01713123497163,132.74066180080095,79592600
2022-12-20,129.97994995117188,130.91328746393052,127.61220884643005,129.08590439011405,77432800
2022-12-21,133.07472229003906,134.41087369361549,130.42207295695286,130.64803543949063,85928000
2022-12-22,129.9111785888672,132.20032094511618,128.0150307307424,131.99401195090732,77852100
2022-12-23,129.54769897460938,130.09787639620362,127.36662777385332,128.6241804492717,63814900
2022-12-27,127.74976348876953,129.1055682957193,126.46273834186272,129.07609558176017,69007800
2022-12-28,123.82974243164062,128.73223486036684,123.66272537894751,127.39608344761355,85438400
2022-12-29,127.33712768554688,128.19186635387044,125.49009852746012,125.74553370652504,75703700
2022-12-30,127.65149688720703,127.67115035805845,125.19534521858718,126.1581629090278,77034200
2023-01-03,122.87673950195312,128.6044974020352,121.99252063798394,127.9953746812147,112117500
2023-01-04,124.14411163330078,126.40378110334795,122.88655931785308,124.66481618620305,89113600
2023-01-05,122.82760620117188,125.5293813261351,122.57217104073682,124.90060516942826,80962700
2023-01-06,127.34695434570312,128.00520329992693,122.699904718632,123.80026688503307,87754700
2023-01-09,127.86767578125,131.07051781969213,127.61224055371211,128.1820714377982,70790800
2023-01-10,128.43753051757812,128.95823530312782,125.87329855859008,127.97577118077551,63896200
2023-01-11,131.1491241455078,131.1687626317444,128.1722594386808,128.94839939893015,69458900
2023-01-12,131.07049560546875,131.90558081812333,129.13504077259947,131.5322547782573,71379600
2023-01-13,132.3968048095703,132.55400260182785,129.35117628841525,129.71468306570503,57809700
2023-01-17,133.55616760253906,134.88248509762596,131.77791004071557,132.46563188904346,63646600
2023-01-18,132.8389434814453,136.17931456809228,132.66209219338052,134.4207108763407,69672800
2023-01-19,132.89785766601562,133.86066781311564,131.42416224055012,131.72872356322017,58280400
2023-01-20,135.4522705078125,135.59964906296133,131.86628386729487,132.90769302903612,80223600
2023-01-23,138.63546752929688,140.80671912517695,135.4817521326256,135.6978953680963,81760300
2023-01-24,140.03057861328125,140.64953566811175,137.8396883115422,137.84950755371702,66435100
2023-01-25,139.37229919433594,139.93229570032543,136.37578195167205,138.41930821894437,65799300
2023-01-26,141.43551635742188,141.72042430582104,139.4116280346841,140.65936144448216,54105100
2023-01-27,143.37091064453125,144.64811636457318,140.57089828761406,140.64949717713105,70555800
2023-01-30,140.49232482910156,142.99761054282715,140.34496125408572,142.41796049282078,64015300
2023-01-31,141.75965881347656,141.80878498914117,139.7849124778732,140.19754536928863,65874500
2023-02-01,142.87966918945312,144.03898399261212,138.84175832526216,141.44528077834974,77663600
2023-02-02,148.1751708984375,148.52884341135578,145.57163330132713,146.2888275489756,118339000
2023-02-03,151.7906494140625,154.62014981197694,145.23761799882098,145.43410775063012,154357300
2023-02-06,149.0692596435547,150.4152455277008,148.1359218347776,149.89454080308164,69858300
2023-02-07,151.93801879882812,152.50784959474223,147.99834440627268,147.99834440627268,83322600
2023-02-08,149.2559051513672,151.86926257026718,148.51905726950346,151.18154087876943,64120100
2023-02-09,148.22433471679688,151.62366665738756,147.78222892746496,151.08330847433277,56007100
2023-02-10,148.58834838867188,148.91305820143486,146.82706002572684,147.0632167115801,57450700
2023-02-13,151.38284301757812,151.78625678187208,148.49982115470684,148.52933886882354,62199000
2023-02-14,150.7432403564453,151.3041068890254,148.4407688328002,149.68055772689488,61707600
2023-02-15,152.83909606933594,153.00636811059493,150.42838780610393,150.6546952720313,65573800
2023-02-16,151.2450714111328,153.82305157694913,150.8908438680814,151.04826665403036,68167900
2023-02-17,150.10366821289062,150.5464488832577,148.4309328947845,149.90687847207133,59144100
2023-02-21,146.09893798828125,148.87372305726493,146.03006833094608,147.79135689260553,58867200
2023-02-22,146.5220489501953,147.54536466728035,144.80011234851025,146.4826819914061,51011300
2023-02-23,147.00421142578125,147.92913996180903,144.87886065676489,147.68314896878456,48394200
2023-02-24,144.3573760986328,144.82967465084565,143.38324625897485,144.7509557231268,55469600
2023-02-27,145.54794311523438,146.77789803104127,145.08547886576312,145.34131909727375,44998500
2023-02-28,145.04612731933594,146.68934528974674,144.47542643511753,144.69189970203135,50547000
2023-03-01,142.97975158691406,144.86895994047165,142.68455949733774,144.47538049709883,55479000
2023-03-02,143.57015991210938,144.3573339453376,141.59238308918532,142.0646965175798,52238100
2023-03-03,148.60806274414062,148.68678165578146,144.96739941181147,145.66600535471582,70732300
2023-03-06,151.36317443847656,153.7935665673354,150.9991125857975,151.32380747304748,87558000
2023-03-07,149.16891479492188,151.55993956940895,148.7064506179963,151.23522972088062,56182000
2023-03-08,150.41856384277344,151.00894821688513,149.39524794362458,150.35952840818192,47204800
2023-03-09,148.1750946044922,152.0617483379844,147.8208670608722,151.09746808583355,53833600
2023-03-10,146.11863708496094,148.5195113692859,145.24290982690115,147.80122193638456,68572400
2023-03-13,148.05703735351562,150.6842189540097,145.33145336527863,145.43968998615728,84457100
2023-03-14,150.14303588867188,150.94004418166887,147.6929755826584,148.85404568502526,73695900
2023-03-15,150.53665161132812,150.79247683579462,147.51587504804607,148.7655134809102,77167900
2023-03-16,153.35076904296875,153.9509875803486,149.20827470890512,149.71994010489203,76161100
2023-03-17,152.51438903808594,154.22649145558808,151.80593390078133,153.57707174404283,98944600
2023-03-20,154.87591552734375,155.28919358755078,151.6780327765039,152.5832927983786,73641400
2023-03-21,156.7257537841797,156.84382463636302,154.02968755125636,154.7971931327365,73938300
2023-03-22,155.29898071289062,159.53986153376988,155.27929723644732,156.74540844255807,75701800
2023-03-23,156.38136291503906,158.9593583364734,155.15140813839363,156.28297554136526,67622100
2023-03-24,157.6802215576172,157.76877470893055,155.31871410467124,156.31251228008384,59196500
2023-03-27,155.74176025390625,158.19183506776827,155.33833156714905,157.3751434631476,52390300
2023-03-28,155.12188720703125,155.94842821050446,153.47866946121147,155.43676283008696,45992200
2023-03-29,158.19186401367188,158.46737267599337,156.7946372221569,156.8143056879684,51305700
2023-03-30,159.75631713867188,159.86455372605,158.68380050907447,158.93962561829014,49501700
2023-03-31,162.255615234375,162.3540176143248,159.31357325147573,159.8350728342002,68749800
2023-04-03,163.50527954101562,163.62335040456196,161.58655293789977,161.63575413574327,56976200
2023-04-04,162.9739227294922,164.16451047380076,162.46225736922722,163.92836877990578,46278300
2023-04-05,161.13392639160156,162.40324825832465,159.20536551321473,162.09822184489292,51511700
2023-04-06,162.0194854736328,162.31467762112032,159.40213812085784,159.8252353547828,45390100
2023-04-10,159.431640625,159.431640625,157.5129143705151,158.8314221542027,47716900
2023-04-11,158.22137451171875,159.7563555644006,157.93601661540757,159.74652133194326,47644200
2023-04-12,157.53265380859375,159.46121498029657,157.21777809903398,158.6346887638525,50133100
2023-04-13,162.905029296875,163.14118599216286,158.8314201412513,159.03805912639,68445600
2023-04-14,162.5606689453125,163.65286938363687,161.19295983913122,161.9506011686896,49386500
2023-04-17,162.58035278320312,162.73779061232008,161.39959909302152,162.44259843625022,41516200
2023-04-18,163.8004150390625,164.72534318774402,162.9935577130748,163.43635332636154,49923000
2023-04-19,164.94186401367188,165.46336364998885,162.8853681685066,163.1412083770297,47720200
2023-04-20,163.97755432128906,165.17799130758831,162.9050374280842,163.4265370188754,52456400
2023-04-21,162.37371826171875,163.78077935638615,161.85221862385353,162.4032359760057,58337300
2023-04-24,162.67872619628906,162.94440060882783,161.26181601487568,162.3540163618739,41949600
2023-04-25,161.1437530517578,163.64301445601814,161.1043860925183,162.54097982284455,48714100
2023-04-26,161.13392639160156,162.62955575633885,160.18932943478703,160.44515464932056,45498800
2023-04-27,165.7093505859375,165.85693915334915,162.5409858833323,162.5409858833323,64902300
2023-04-28,166.95896911621094,167.12625617335198,165.1878463008649,165.78806481489534,55275900
2023-05-01,166.8704376220703,167.71664719399982,165.93567490070697,166.5654112090663,52472900
2023-05-02,165.83724975585938,167.6182368189597,164.85328597063295,167.3623966257795,48425700
2023-05-03,164.76470947265625,168.17906452442512,164.47936662159927,166.78183794919684,65136000
2023-05-04,163.13136291503906,164.36131774887434,161.67510059572527,162.24580144031648,81235400
2023-05-05,170.78662109375,171.50491053581004,168.02166992672903,168.23814318555767,113453200
2023-05-08,170.7177276611328,171.06212101363838,169.35001851271124,169.71408033203093,55962800
2023-05-09,169.0154571533203,170.75706217667226,168.84818511789587,170.27492954930042,45326900
2023-05-10,170.77674865722656,171.23921282792068,169.14336520388548,170.24541483030967,53724500
2023-05-11,170.96371459960938,171.79024060925457,169.40904995436452,171.06211698775132,49514700
2023-05-12,170.0375213623047,171.50564580777203,168.49055408757272,171.07210045600348,45533100
2023-05-15,169.54486083984375,170.66813061172948,168.95365989259247,170.61886136031444,37266700
2023-05-16,169.54486083984375,170.5991506527755,169.2788189100942,169.4660330445526,42110300
2023-05-17,170.15574645996094,170.39221479568312,167.91905489711874,169.19013234108013,57951600
2023-05-18,172.48110961914062,172.6683237371227,170.04735615510018,170.46119076780954,65496700
2023-05-19,172.58949279785156,173.80143807257875,172.3727201425523,173.80143807257875,55809500
2023-05-22,171.64356994628906,172.1460951955022,170.9045763773169,171.42679729660153,43570900
2023-05-23,169.04232788085938,170.83562631420236,168.7664381272472,170.58929510312979,50747300
2023-05-24,169.31817626953125,169.88966634378653,168.0175556109429,168.5791828168519,45143500
2023-05-25,170.4513397216797,171.3479738482291,169.17041449607095,169.8798495430277,56058300
2023-05-26,172.8555145263672,173.1905363695113,170.56956891324683,170.7764937271046,54835000
2023-05-30,174.69813537597656,176.36333712562535,173.97885229510558,174.36312846541935,55964400
2023-05-31,174.6488494873047,176.7180379211288,174.16603484344822,174.72767728843633,99625300
2023-06-01,177.44712829589844,177.47668683522244,174.33349851829678,175.0922027756249,68901800
2023-06-02,178.29449462890625,179.11231590276506,176.6292935441097,178.37332240607034,61996900
2023-06-05,176.94461059570312,182.23579939859383,175.4272021453367,179.9498539235026,121946500
2023-06-06,176.58006286621094,177.4766970018392,174.82617090162998,177.328904296753,64848400
2023-06-07,175.21046447753906,178.5507149734009,174.71780207381394,175.82136104700194,61944600
2023-06-08,177.9200897216797,178.1861165677113,174.85572927872582,175.2892595209165,50214900
2023-06-09,178.30438232421875,179.55573399442156,177.9792233362159,178.83645110058313,48900000
2023-06-12,181.0928497314453,181.19138823156914,178.31424143935143,178.60984190485868,54274900
2023-06-13,180.619873046875,181.44754220802452,179.76264534674598,180.1173628493618,54929100
2023-06-14,181.25048828125,181.68403358526143,179.34881869349235,180.67899811094975,57462900
2023-06-15,183.2802734375,183.78279874291368,181.08300318978328,181.26036948430115,65433200
2023-06-16,182.20628356933594,184.245913383536,181.56582838117956,183.98971928038128,101256200
2023-06-20,182.29493713378906,183.36895259993452,181.7037512704965,181.7037512704965,49799100
2023-06-21,181.26034545898438,182.68906332243637,179.91044034391143,182.18653808363035,49515700
2023-06-22,184.25575256347656,184.30502181445038,180.9746189088309,181.04359886716716,51245300
2023-06-23,183.94041442871094,184.807505007212,182.29492392440986,182.82700770116728,53117000
2023-06-26,182.55113220214844,185.29033397781694,182.51171079012911,184.0882365039062,48088700
2023-06-27,185.3001708984375,185.6253298715582,182.94524533692336,183.1620179856705,50730800
2023-06-28,186.47271728515625,187.11317238738192,184.84693738882143,185.17208134019785,51216800
2023-06-29,186.8077392578125,187.2807060224463,186.16728410364277,186.30522898461155,46347300
2023-06-30,191.12344360351562,191.62595381515632,188.45320690668942,188.81778728912292,85213200
2023-07-03,189.63560485839844,191.03476417603324,188.94586551693624,190.93622568872084,31458200
2023-07-05,188.52218627929688,190.14796610334872,187.82259909124357,188.75866963191964,46920300
2023-07-06,188.99513244628906,189.20205725316632,186.42343432149448,187.0540415419299,45094300
2023-07-07,187.88172912597656,189.84253092683244,187.4481988352347,188.60102706839623,46815000
2023-07-10,185.84214782714844,187.20190113081154,184.2951803689385,186.4826030596721,59922200
2023-07-11,185.31988525390625,186.5219826806886,183.86160879849567,186.384037813756,46638100
2023-07-12,186.98509216308594,188.88676181703667,185.70416691161034,186.89640150427806,60750200
2023-07-13,187.74378967285156,188.38425984411805,186.99494820191867,187.70438329432415,41342300
2023-07-14,187.89161682128906,188.37441642370476,186.847174781534,187.4383607296714,41616200
2023-07-17,191.1431884765625,191.46834750746484,188.9951723122315,189.08384794751433,50520200
2023-07-18,190.88697814941406,191.47817907078496,189.5962050071137,190.5125649317522,48288200
2023-07-19,192.23684692382812,195.32090288181368,189.82278948215546,190.2661976064536,80507300
2023-07-20,190.29579162597656,193.58677299126168,189.67503216410122,192.22701989757815,59581200
2023-07-21,189.12326049804688,192.10879369152832,188.42367321559357,191.25156585425083,71951700
2023-07-24,189.92132568359375,192.04963052919288,189.4286633601603,190.57164355889253,45377800
2023-07-25,190.778564453125,191.58653792745972,190.08884016702333,190.49282690419068,37283200
2023-07-26,191.6456756591797,192.7689453418544,190.48299959942145,190.82785426220883,47471900
2023-07-27,190.3844757080078,194.30606454519102,189.72430983845956,193.14338839624878,47460200
2023-07-28,192.9561309814453,193.74439372054138,191.29092989175592,191.81315076149906,48291400
2023-07-31,193.5670623779297,193.60648379116893,192.39452340931743,193.1827862905988,38824100
2023-08-01,192.73941040039062,193.8429695122176,192.41425136889904,193.36016991822595,35175100
2023-08-02,189.75384521484375,192.3156805851802,189.03456234552243,192.17773571935334,50389300
2023-08-03,188.3645477294922,189.54693452970886,187.8915960163783,188.75868668614032,61235200
2023-08-04,179.3192596435547,184.6301595328746,179.25027969317492,182.79745486603875,115956800
2023-08-07,176.22535705566406,180.44254624962392,174.74736976708382,179.4572213905704,97576100
2023-08-08,177.16139221191406,177.62449604499406,174.97397007455905,177.05300588853657,67823000
2023-08-09,175.57504272460938,178.2748232727554,174.41235154839882,178.21570618554995,60378500
2023-08-10,175.35826110839844,178.09746293161143,174.99369573264087,176.8460961883882,54686900
2023-08-11,175.41744995117188,176.2363757071569,174.1940069392339,174.95373578240464,52036700
2023-08-14,177.06517028808594,177.2920967961584,174.9438523177461,175.59504844195268,43675600
2023-08-15,175.08200073242188,177.08491002448199,174.68734458769583,176.4929258073929,43622600
2023-08-16,174.2137451171875,176.15744233651847,174.14467201512105,174.76626971305478,46964900
2023-08-17,171.6780548095703,175.1412101505236,171.1649897406694,174.77615243783515,66062900
2023-08-18,172.16151428222656,172.76337470680727,169.6652772069575,170.0007364455324,61172200
2023-08-21,173.49346923828125,173.77960771425435,171.4215020828672,172.7337554755455,46311900
2023-08-22,174.8649444580078,175.30893640777694,173.89802631437342,174.69721483499137,42038900
2023-08-23,178.70303344726562,179.1273031269572,175.95027131734813,176.13773826499084,52722800
2023-08-24,174.0262908935547,178.68330576322634,173.66121814414575,178.25903609639087,54945800
2023-08-25,176.2265167236328,176.7593040006282,173.4737548580186,175.0129348306344,51449600
2023-08-28,177.7854461669922,178.1801023209798,176.1673318473753,177.68677460091166,43820700
2023-08-29,181.66299438476562,182.43258442181371,177.10465107991652,177.3019791564373,53003900
2023-08-30,185.14585876464844,185.34320186637345,182.27470331859433,182.47203136515444,60813900
2023-08-31,185.36294555664062,186.59626480914432,184.97815055206615,185.33334709899387,60794500
2023-09-01,186.9317169189453,187.3855699191495,185.76745585396847,186.96131537308187,45766500
2023-09-05,187.1685028076172,187.44476508042712,185.10639689444145,185.76745412260553,45280000
2023-09-06,180.46914672851562,186.32988234003622,179.04836051297525,185.88587535630464,81755800
2023-09-07,175.1905059814453,175.83184093509863,171.22414761118458,172.8422616393004,112488800
2023-09-08,175.80223083496094,177.83475336123297,175.4174358773743,175.96997548136457,65551300
2023-09-11,176.96649169921875,177.89395007164453,174.9734438173143,177.66702357259294,58953100
2023-09-12,173.94735717773438,177.72624932161176,172.4871113411862,177.09479044187466,90370200
2023-09-13,171.88522338867188,174.93398459835862,171.6582818339781,174.15451849429098,84267900
2023-09-14,173.3948211669922,173.75001770449512,171.26364194197464,171.67803539320033,60895800
2023-09-15,172.674560546875,174.14468255030425,171.5004532372104,174.12494522635322,109259500
2023-09-18,175.5950469970703,176.9862345995646,173.81906442528665,174.12492516303394,67257600
2023-09-19,176.68035888671875,177.2328834055171,174.76624533576447,175.15104027243933,51826900
2023-09-20,173.1481475830078,177.30195805066697,173.0593371622532,176.86782730089922,58436200
2023-09-21,171.6089630126953,173.94734650075085,171.53990496478352,172.22069958579337,63149100
2023-09-22,172.45748901367188,174.7169382879251,171.7273736602944,172.33909518451154,56725400
2023-09-25,173.7303009033203,174.60842368932387,171.82604797435675,171.8753837600089,46172700
2023-09-26,169.66526794433594,172.8620217812148,169.3692683155077,172.4871029695211,64588900
2023-09-27,168.15567016601562,170.73084132501634,166.7940959712009,170.3164478696235,66921800
2023-09-28,168.41220092773438,169.73431545858824,165.38316183381656,167.0802102082604,56294400
2023-09-29,168.92529296875,170.76047278128746,168.0668924554359,169.72448150635748,51861100
2023-10-02,171.43136596679688,171.9740294168616,168.6489906711008,168.93512915166482,52164500
2023-10-03,170.0994110107422,171.31300817848214,168.54050848834052,169.96127983577614,49594600
2023-10-04,171.3425750732422,171.88523853747708,168.68846972057472,168.80686354725646,53020300
2023-10-05,172.57589721679688,173.10868450108188,170.3756448658088,171.47083294671847,48527900
2023-10-06,175.12144470214844,175.6147723242181,170.86894795356997,171.48068444244805,57266700
2023-10-09,176.6014404296875,176.6606373398207,173.45400756283908,174.45052401213385,42390800
2023-10-10,176.00946044921875,177.32171396949087,175.57532965392068,175.72333700059065,43698000
2023-10-11,177.400634765625,177.4499705441094,175.22999600880442,175.82198018511957,47551100
2023-10-12,178.2985076904297,179.90674578858014,176.6507798893927,177.6670488234186,56743100
2023-10-13,176.46334838867188,179.5022341867499,175.76281633481818,178.99904528395493,51427100
2023-10-16,176.33505249023438,176.69024903281087,174.15453745424634,174.39134016768617,52517000
2023-10-17,174.78598022460938,176.03903666999224,172.46734930467605,174.29265257502803,57549400
2023-10-18,173.49346923828125,175.21025492862336,172.77321506438722,173.23694427289632,54764400
2023-10-19,173.1185760498047,175.466805839834,172.85217485644313,173.69082297603654,59302900
2023-10-20,170.57298278808594,173.07908076842247,170.33618008275127,172.97054807703984,64244000
2023-10-23,170.69140625,171.68792291287053,167.6623665542272,168.62929981085605,55980100
2023-10-24,171.12550354003906,171.35243005141567,169.1620540054936,170.74070856198063,43816600
2023-10-25,168.81671142578125,170.75054719472178,168.37270453985215,169.58630128048503,57157000
2023-10-26,164.66290283203125,169.09299056011605,163.45918215856796,168.0964590692853,70625300
2023-10-27,165.9751739501953,166.70530437202822,164.60372353518264,164.6826577744484,58499100
2023-10-30,168.0175323486328,168.8857938712959,166.61648356307745,166.76449089816728,51131000
2023-10-31,168.4911346435547,168.61938959873203,165.6594236135805,167.09008588386948,44846000
2023-11-01,171.6484375,171.90496247869652,167.849808268541,168.71806981976965,56934900
2023-11-02,175.2003936767578,175.40758286457637,173.11855033416663,173.17774724497193,77334800
2023-11-03,174.2926788330078,174.46042350768224,171.0367278993792,171.91485064572058,79829200
2023-11-06,176.83822631835938,177.03555436857033,173.858538133294,174.02626772873157,63841300
2023-11-07,179.39370727539062,180.00542885763969,176.5817331247381,176.78892234542403,70530000
2023-11-08,180.44937133789062,181.00189584845015,179.16671654971245,179.91658414704074,49340300
2023-11-09,179.97581481933594,181.6629871195562,179.3838155582821,180.51847829944086,53763500
2023-11-10,184.1548309326172,184.32279657138264,181.31940452226758,181.75410719319203,66133400
2023-11-13,182.5741424560547,183.7893232540613,181.9912524470517,183.58186108306094,43627500
2023-11-14,185.18234252929688,185.8442707665973,184.05607409829287,185.43920547847273,60108400
2023-11-15,185.74546813964844,187.21752694473682,185.51824264456812,185.5874067506803,53790500
2023-11-16,187.42501831054688,188.65996251273407,186.37777296409004,187.286705162902,54412900
2023-11-17,187.40524291992188,188.08693448765234,186.29873780998344,187.9584954748911,50922700
2023-11-20,189.14404296875,189.59850904887813,187.592960955599,187.6028350817968,46505100
2023-11-21,188.34381103515625,189.21321658430173,187.454657232623,189.10454089065857,38134500
2023-11-22,189.00570678710938,190.60618938615343,188.53149251239262,189.18354656200316,39617700
2023-11-24,187.68186950683594,188.60066069963858,186.97054048498805,188.57102324664504,24048300
2023-11-27,187.5040283203125,188.37343380166539,186.6247487130357,187.63246733233092,40552600
2023-11-28,188.106689453125,188.77850691885152,187.11873411970524,187.4941619704054,38415400
2023-11-29,187.08909606933594,189.77633577367203,186.6939199672285,188.60066651864972,43014200
2023-11-30,187.66207885742188,188.02763251612237,185.92328320995222,187.55340318726755,48794400
2023-12-01,188.93655395507812,189.2526917735191,186.95075439627809,188.0375111237308,45704800
2023-12-04,187.1483612060547,187.76090372984268,185.1922139752508,187.69173962433385,43389500
2023-12-05,191.0902862548828,192.0584780958342,187.88930609245244,187.91895861640964,66628400
2023-12-06,190.00355529785156,192.4141533735728,189.79607806848605,192.10788966712872,41089700
2023-12-07,191.93006896972656,192.6512720749557,191.2582515665674,191.29777821822415,47477700
2023-12-08,193.35272216796875,193.62934842275146,191.33728508312288,191.86090014217592,53406400
2023-12-11,190.85317993164062,191.15945870925907,189.11438419177532,190.78403090604945,60943700
2023-12-12,192.36476135253906,192.3746354774224,189.41076991243543,190.75438957156285,52696900
2023-12-13,195.57562255859375,195.61513413450965,192.50308121236986,192.74018081786602,70404200
2023-12-14,195.72384643554688,197.21565367427257,193.79733640540357,195.63493406684867,66831600
2023-12-15,195.19029235839844,196.01028180866058,194.6271507268951,195.1507657132062,128538400
2023-12-18,193.53054809570312,194.26164038796966,192.0486152607036,193.72813612536964,55751900
2023-12-19,194.56793212890625,194.57780625556214,193.53057597994234,193.7973281496765,40714100
2023-12-20,192.48330688476562,195.29897006409448,192.48330688476562,194.52836624027822,52242800
2023-12-21,192.3351287841797,194.70623052718972,191.16934877699248,193.73803856316968,46482500
2023-12-22,191.26812744140625,193.05632389177538,190.64571085868127,192.82908334808235,37149600
2023-12-26,190.7247772216797,191.55465607108982,190.50742584564344,191.2780297879531,28919300
2023-12-27,190.8235321044922,191.16932243864449,188.78834689776542,190.17149315937536,48087700
2023-12-28,191.24838256835938,192.31537606668746,190.84331729052167,191.80163510638113,34049900
2023-12-29,190.21102905273438,192.0585006042798,189.4206618129017,191.56452296375952,42672100
2024-01-02,183.40399169921875,186.1702691079172,181.6750702031571,184.89579853453512,82488700
2024-01-03,182.03074645996094,183.64111826756874,181.22061595613366,182.0011090098209,58414500
2024-01-04,179.71893310546875,180.88471299934187,178.70134046081682,179.95603270422265,71983600
2024-01-05,178.9977264404297,180.55869755734878,177.99989705667167,179.79798286255345,62379700
2024-01-08,183.32498168945312,183.36450834315934,179.313885613353,179.89677561800764,59144500
2024-01-09,182.9100341796875,182.9199083051763,180.52905841182087,181.7047275700206,42841800
2024-01-10,183.9473876953125,184.1548498527509,181.70472508990332,182.12955368013527,46792900
2024-01-11,183.35459899902344,184.7970202008086,181.40832608034748,184.293153408918,49128400
2024-01-12,183.68063354492188,184.49076406507768,182.95943045197853,183.81894667336306,40477800
2024-01-16,181.41822814941406,182.04062970854807,178.7507369031224,179.96593271976667,65603000
2024-01-17,180.4796600341797,180.72664884969066,178.12833676151584,179.08665457169852,47317400
2024-01-18,186.35801696777344,186.86186875433015,183.59173905481111,183.84860201119264,78005800
2024-01-19,189.252685546875,189.6379874512041,186.54569809210085,187.04954979006996,68903000
2024-01-22,191.5546112060547,192.9772689432648,189.94423959032406,189.98376623580117,60133900
2024-01-23,192.82907104492188,193.39221269336167,191.4953406920358,192.67100968439368,42355600
2024-01-24,192.1573028564453,194.01466361551059,191.99922639290756,193.06621990928542,53631300
2024-01-25,191.83126831054688,193.90598035718745,190.78403816176663,192.86862433386716,54822100
2024-01-26,190.1023406982422,192.41415228379137,189.6281264159501,191.93006387634745,44594000
2024-01-29,189.42063903808594,189.8849791703456,187.2965414692382,189.6972652775173,47145600
2024-01-30,185.77511596679688,189.48983770252025,185.21198926058483,188.64019550498801,55859400
2024-01-31,182.17893981933594,184.846431021382,182.12955411744667,184.7871410441138,55467800
2024-02-01,184.60931396484375,184.6982263171025,181.6059367135455,181.77388729281213,64885400
2024-02-02,183.61146545410156,185.0736348136651,177.09095561888776,177.69360884630905,102551700
2024-02-05,185.41943359375,186.97053056814926,183.60159955655655,185.88377376602236,69668800
2024-02-06,187.01992797851562,187.02980210381148,184.5204024536245,184.60931480628852,43490800
2024-02-07,187.1286163330078,188.74886241631054,186.33824908078662,188.3437971267345,53439000
2024-02-08,186.05174255371094,187.25703410679802,185.09342474162452,187.1088468471974,40962000
2024-02-09,186.8134307861328,187.94113632063826,185.97259122428568,186.61557552858977,45155200
2024-02-12,185.13174438476562,186.63535673641036,184.77562606711913,186.3880527684402,41781900
2024-02-13,183.0445098876953,184.2019058140478,181.53101071537256,183.76664838776776,56529500
2024-02-14,182.1641082763672,183.5292310959524,180.472557481369,183.3215042025078,54630500
2024-02-15,181.87725830078125,182.50046922442786,179.39433152096026,181.57060374922136,65434500
2024-02-16,180.343994140625,182.8566116178717,179.71089640751978,181.4420246724119,49752500
2024-02-20,179.6020050048828,180.4626178573417,178.05883088561825,179.82952039574,53665600
2024-02-21,180.35386657714844,180.91771184255438,178.71176441081158,179.97795967071906,41371400
2024-02-22,182.38172912597656,182.9653779737103,180.49233824441416,181.50132758611662,52292200
2024-02-23,180.55169677734375,183.04451006700117,180.2648157032703,183.0148347964746,45119700
2024-02-26,179.20639038085938,180.78912706737802,178.70188051494486,180.27474556873526,40867400
2024-02-27,180.66050720214844,181.93658908973126,177.62360710096542,179.1470080612827,54318900
2024-02-28,179.4635467529297,181.14521076395337,178.1874648834917,180.54178846123017,48953900
2024-02-29,178.80075073242188,180.6011306821249,177.59390628342499,179.31514716008485,136682600
2024-03-01,177.72254943847656,178.58316252471684,175.46713817545924,177.61373507516265,73563100
2024-03-04,173.21170043945312,174.9922768844708,171.91581500377694,174.25036500096815,81510100
2024-03-05,168.285400390625,170.1846930657021,167.7907924514621,168.91849794898403,95132400
2024-03-06,167.2961883544922,169.39333632878757,166.86093094295472,169.21526961759642,68587700
2024-03-07,167.177490234375,168.88882954707424,166.67299554984157,167.32586658446218,71765100
2024-03-08,168.88882446289062,171.82679686006907,167.11813466346086,167.1774852017091,76267000
2024-03-11,170.88705444335938,172.49948126334272,170.1946063009313,171.07500788792643,60139500
2024-03-12,171.3618621826172,172.15323790323208,169.16580172767317,171.28272310113206,59825400
2024-03-13,169.28451538085938,171.32229764254458,168.91849524765144,170.90682879160028,52488700
2024-03-14,171.13433837890625,172.43020869953008,170.1945863604126,171.04531257693264,72913500
2024-03-15,170.75845336914062,170.75845336914062,168.45357838204507,169.3240932528417,121752700
2024-03-18,171.8466033935547,175.79358063684148,171.6487632139381,173.67665901704393,75604200
2024-03-19,174.18113708496094,174.70542030322298,171.16402557801365,172.45989598897214,55215200
2024-03-20,176.74319458007812,176.74319458007812,173.20180001631465,173.82501083363408,53423100
2024-03-21,169.52191162109375,175.57592275278003,168.9976284397713,175.1406653733646,106181300
2024-03-22,170.422119140625,171.18381963278856,168.22605856941686,169.90772263085663,71160100
2024-03-25,169.00755310058594,170.085794876263,167.6226416976105,168.73057383883838,54288300
2024-03-26,167.8798370361328,169.57138777241732,167.7512341389727,168.16670300567833,57388400
2024-03-27,171.4409942626953,171.72787530814264,168.27550660374618,168.57227437363676,60273300
2024-03-28,169.6307373046875,170.37264922530974,168.67119667981044,169.89782982249778,65672700
2024-04-01,168.19639587402344,169.40324060587884,167.6523240532299,169.3438900607447,46240500
2024-04-02,167.0192108154297,167.51381877100314,166.41578850586058,167.25662806803024,49329500
2024-04-03,167.82046508789062,168.83935621904524,166.76201196368757,166.96973884210524,47691700
2024-04-04,166.9994354248047,170.06599565718972,166.9994354248047,168.4535689105981,53704400
2024-04-05,167.75120544433594,168.5524677712254,167.12799470376228,167.76109216771988,42104800
2024-04-08,166.6334228515625,167.37533481002382,166.4256959559663,167.20716991074772,37425500
2024-04-09,167.8402862548828,168.24586846008486,166.53452891117558,166.8807454739117,42373800
2024-04-10,165.97064208984375,167.2665125006067,165.30786924976792,166.97964653177021,49709300
2024-04-11,173.15237426757812,173.56785829994772,166.34657796942244,166.52462961680425,91070300
2024-04-12,174.64608764648438,176.43656618963917,172.33132583138607,172.38077455594663,101670900
2024-04-15,170.8276824951172,174.72519524382946,170.6397290741028,173.46888692512982,73531800
2024-04-16,167.5533905029297,171.88614579113815,166.45536027289515,169.8978273072319,73711200
2024-04-17,166.18826293945312,168.80967890645843,166.18826293945312,167.780901063059,50901200
2024-04-18,165.2386474609375,166.82139922758353,164.75394124175978,166.21797681465168,43122900
2024-04-19,163.2206268310547,164.60552308162337,162.31054999578998,164.41758473594675,68149400
2024-04-22,164.0515594482422,165.45624419964858,162.99310629576294,163.73501821268977,48116400
2024-04-23,165.10012817382812,165.24851961582092,163.14148491226467,163.56685559955991,49537800
2024-04-24,167.19728088378906,167.47426013692973,164.41758653276062,164.74401450706145,48251800
2024-04-25,168.0579071044922,168.7701438382538,166.33666581552853,167.7017887376114,50558300
2024-04-26,167.4742431640625,169.49223681731962,167.35552700029277,168.04799015720317,44838400
2024-04-29,171.62896728515625,174.13168243053624,171.2332869429431,171.5003643815301,68169400
2024-04-30,168.49314880371094,173.10289859543835,168.1667057400835,171.46079655206535,65934800
2024-05-01,167.4742431640625,170.84747276952126,167.28628974114312,167.75122238913238,50383100
2024-05-02,171.1640167236328,171.5498103000238,169.04709541575278,170.64962025703286,94214900
2024-05-03,181.4024200439453,184.98337684032407,180.69018337477516,184.637145231003,163224100
2024-05-06,179.7504425048828,182.2135806366563,178.47434543693257,180.383540128798,78569700
2024-05-07,180.43296813964844,182.9060078076493,179.36462828599997,181.47164781905605,77305800
2024-05-08,180.76934814453125,181.09579125547057,179.4932509750194,180.87816251484435,45057100
2024-05-09,182.57958984375,182.66861565405213,180.14611203583203,180.5912561815798,48983000
2024-05-10,181.32156372070312,183.34229448527321,180.4102525825865,183.1540861312051,50759500
2024-05-13,184.52108764648438,185.33335221774516,182.8767582325011,183.68902280376187,72044800
2024-05-14,185.6602020263672,186.52199740854093,184.53096697721375,185.73944844741243,52393600
2024-05-15,187.9285888671875,188.849800179078,185.6007724639543,186.13568203158255,70400000
2024-05-16,188.04745483398438,189.29556710780693,187.86916171755817,188.67151097089564,52845200
2024-05-17,188.07717895507812,189.00830557822601,187.39369174809892,187.72057759120682,41282900
2024-05-20,189.2361297607422,190.10782534306233,187.22529890901677,187.54228461702792,44361300
2024-05-21,190.5337677001953,190.91016932460286,189.11726241831752,189.28565540299905,42309400
2024-05-22,189.09744262695312,190.99932654838926,188.47340160760692,190.45451683728567,34648500
2024-05-23,185.1154022216797,189.1964945447871,184.86776283091424,189.17667916140735,51005900
2024-05-24,188.18614196777344,188.78048261582597,186.26445766907554,187.03710655742805,36327000
2024-05-28,188.196044921875,191.1776178733189,187.31444925751387,189.70168159973719,52280100
2024-05-29,188.4932098388672,190.43470949642946,187.72057607583483,187.81963788738682,53068000
2024-05-30,189.48374938964844,190.365345015264,188.82999288588945,188.95875509095092,49889100
2024-05-31,190.4346923828125,190.7516780595243,188.1167913020161,189.6323431713606,75158300
2024-06-03,192.19790649414062,193.14884852262287,190.7021698304424,191.07857147290113,50080500
2024-06-04,192.51487731933594,193.47571940906454,191.2073340206378,192.80213237542046,47471400
2024-06-05,194.02052307128906,195.04079624688396,193.02996541617088,193.5549597642067,54156800
2024-06-06,192.64366149902344,194.64459232913165,192.33659102362645,193.84224299284628,41181800
2024-06-07,195.0308837890625,195.08041469163098,192.30685040959915,192.81202934049514,53103900
2024-06-10,191.29649353027344,195.43703247512377,190.33565137548777,195.04080033594326,97010200
2024-06-11,205.1940155029297,205.2039307530545,191.80168667352532,191.82148694435384,172373300
2024-06-12,211.05812072753906,218.1207863262847,204.94636687125956,205.41193016487838,198134300
2024-06-13,212.21707153320312,214.70336573665497,209.60200000148347,212.71235034689784,97862700
2024-06-14,210.4835968017578,213.13828400218216,209.3048308005582,211.83075578674166,70122700
2024-06-17,214.62413024902344,216.88260054537645,210.71143044440285,211.35528688913016,93728300
2024-06-18,212.26661682128906,216.56564900877095,210.98880395485267,215.5354604688841,79943300
2024-06-20,207.70010375976562,212.21705896960654,206.87795427864972,211.90997342693947,86172500
2024-06-21,205.53082275390625,209.8892705909824,205.15440599094305,208.40343403997312,241805100
2024-06-24,206.17466735839844,210.69160779538842,204.63929998769706,205.75863496180304,80727000
2024-06-25,207.09591674804688,209.3841027399326,206.64025353103247,207.17514806736853,55549700
2024-06-26,211.23638916015625,212.8311873569971,208.65103345259956,209.5029135164035,66213200
2024-06-27,212.07839965820312,213.70291360533915,210.34492376459474,212.66282504623206,49772700
2024-06-28,208.63125610351562,214.02980761283354,208.3142855019514,213.73263728250333,82542700
2024-07-01,214.70338439941406,215.45620282037203,209.91898882948186,210.08738182701015,60402900
2024-07-02,218.19012451171875,218.29908645117231,213.0689435868198,214.1090169642201,58046200
2024-07-03,219.4580535888672,219.4580535888672,216.9618440422543,217.92268618597842,37369800
2024-07-05,224.20281982421875,224.3117817727132,219.55710192478037,219.55710192478037,60412400
2024-07-08,225.66883850097656,225.69855401964364,221.14198303770854,224.94572057418634,59085900
2024-07-09,226.5207061767578,227.23390886254342,224.23252052432466,225.77778797195694,48076100
2024-07-10,230.7801055908203,230.8791673967792,227.0853299721382,227.13486087511765,62627700
2024-07-11,225.4212188720703,230.19569903805672,223.63821202212716,229.2051413563895,64710600
2024-07-12,228.36314392089844,230.44332094014862,226.5207061684713,226.7584454352943,53046500
2024-07-15,232.1867218017578,234.99000194235262,230.88909361652622,234.2470836578572,62631300
2024-07-16,232.6027374267578,234.03904289009895,230.13624361936286,232.7810305355119,43234300
2024-07-17,226.7188262939453,229.27446669281912,224.49997184852458,227.28343626123907,57345900
2024-07-18,222.0631866455078,228.2640866473074,220.1712331922365,228.10559381010606,66034600
2024-07-19,222.1919708251953,224.65846466815103,221.17169771561296,222.6971648700337,49151500
2024-07-22,221.84527587890625,225.6291978658938,220.98348053112068,224.86646431913928,48201800
2024-07-23,222.88534545898438,224.7971293607533,220.57734458918785,222.25138924131514,39960300
2024-07-24,216.4764404296875,222.67734036905603,215.07976577070053,221.88489130573666,61777600
2024-07-25,215.4364013671875,218.76467587085634,212.59349046705276,216.86279177043605,51391200
2024-07-26,215.9019317626953,217.4174836156479,213.97033243488113,216.63493468142264,41601300
2024-07-29,216.17929077148438,217.22927938341869,213.7127969665886,214.91137828370984,36311800
2024-07-30,216.73402404785156,218.24957609355639,214.07932159795172,217.1203409396055,41643800
2024-07-31,219.98304748535156,221.70662325926872,218.54674189777583,219.34909118598728,50036300
2024-08-01,216.29815673828125,222.36036437427163,214.97081319041698,222.2514024343897,62501000
2024-08-02,217.78399658203125,223.46980270062375,215.65430376795194,217.08069402896655,105568600
2024-08-05,207.29400634765625,211.4840610296135,194.14930192882554,197.21012147966275,119548600
2024-08-06,205.2732391357422,208.00718767754023,199.1714160471065,203.3614702980554,69660500
2024-08-07,207.8388214111328,211.62274392073394,204.4412006806638,204.94637966039352,63516400
2024-08-08,211.29586791992188,212.1774636990054,206.85817350164743,211.0977593959716,47161100
2024-08-09,214.19818115234375,214.7330756065884,209.96849596255686,210.09727328743648,42201600
2024-08-12,215.7254180908203,217.68898821235913,213.81143620679725,214.27753840147545,38028100
2024-08-13,219.43438720703125,220.04923895369578,217.19312608520667,217.19312608520667,44155300
2024-08-14,219.8806610107422,221.17979111862692,217.8774142480331,218.7402072098891,41960600
2024-08-15,222.85577392578125,223.48055242779947,220.9120269929499,222.73677426147512,46414000
2024-08-16,224.17474365234375,224.94827173921567,221.7946444270254,222.0624088054674,44340200
2024-08-19,224.01608276367188,224.11525924613042,221.18971946787656,223.84749484925766,40687800
2024-08-20,224.63092041015625,225.28544883578485,223.57971634413767,223.8970689622142,30299000
2024-08-21,224.52183532714844,226.08872985229075,223.1830436738614,224.64085012661386,34765500
2024-08-22,222.66734313964844,226.4457337259973,222.04256465043304,225.90029338876204,43695300
2024-08-23,224.9581756591797,226.32673228874265,222.46900358067504,223.78797197411373,38677300
2024-08-26,225.29534912109375,225.39452559231563,222.0326490158817,224.87883517993083,30602200
2024-08-27,226.13832092285156,226.95152567852384,223.02437015551794,224.1251624880706,35934600
2024-08-28,224.61106872558594,227.95310672511408,223.8077756875659,226.0291983356657,38052200
2024-08-29,227.8837127685547,230.98775191089825,226.9812734022471,228.1911537968638,51906300
2024-08-30,227.10025024414062,228.4886300006117,225.59285569982603,228.28038060324323,52990800
2024-09-03,220.92193603515625,227.10024860517055,219.33520335446548,226.65398476754012,50190600
2024-09-04,219.0178680419922,219.94014563997789,215.67581475954933,219.82114598403248,43840200
2024-09-05,220.53518676757812,223.60946073514918,219.6823205428289,219.79140861107143,36615400
2024-09-06,218.9881591796875,223.37149053776395,217.94686659835045,222.0921834677133,48423000
2024-09-09,219.07737731933594,219.4343914347755,214.91222272734436,218.98812757352732,67180000
2024-09-10,218.2840118408203,219.6426417511051,214.9320468059923,217.10388142289187,51591000
2024-09-11,220.8128662109375,221.2392917639212,216.08243282408242,219.6228241682371,44587100
2024-09-12,220.92193603515625,221.69546405563682,217.99641184157417,220.65417167969628,37455600
2024-09-13,220.6541748046875,222.18139254741286,220.06907298412548,221.72521710949164,36766600
2024-09-16,214.5254669189453,215.4179946756504,212.14536768072225,214.74362792854853,59357400
2024-09-17,214.99154663085938,215.1006346980314,212.72055067344832,213.96018092212807,45519300
2024-09-18,218.8592071533203,220.86245391858552,215.7353297749969,215.7452565018275,59894900
2024-09-19,226.97132873535156,227.91345980340301,222.7665127356472,223.12352684243388,66781300
2024-09-20,226.306884765625,231.1563174701668,225.73169454082358,228.0622053540531,318679900
2024-09-23,224.59124755859375,227.54652178723228,223.9367191660146,225.4540253555904,54146000
2024-09-24,225.4837646484375,227.44734973367454,223.85737047004787,226.75314473243895,43556100
2024-09-25,224.4920654296875,225.40443143928672,222.16156973744518,223.06400902085235,42308700
2024-09-26,225.63253784179688,226.60440369502516,223.54004142995942,225.41436171300208,36636700
2024-09-27,225.90029907226562,227.6159582791164,225.41437368594384,226.56475422029098,34026000
2024-09-30,231.06707763671875,231.06707763671875,227.74486252768645,228.13162655878588,54541900
2024-10-01,224.33340454101562,227.74485413807125,221.88389405688537,227.615942887257,63285000
2024-10-02,224.898681640625,225.48378349827837,221.16987922367838,224.0160654907427,32880600
2024-10-03,223.79786682128906,224.92840891217833,221.4673712198949,223.27226484855484,34044200
2024-10-04,224.91851806640625,226.10856009308668,222.27066963907552,226.00938361911108,37245100
2024-10-07,219.85089111328125,223.81770763530983,219.49387702101052,222.63757729885364,39505400
2024-10-08,223.89706420898438,224.10531361949606,221.3979653574062,222.43925780658088,31855700
2024-10-09,227.6357879638672,227.84405251552317,222.96486939830248,223.36154504729694,33591100
2024-10-10,227.13990783691406,227.59609839600836,225.2854259515482,225.8903660776275,28183500
2024-10-11,225.6623077392578,227.5068782710055,225.45404318616428,227.39779019694814,31759200
2024-10-14,229.38119506835938,229.80762063057296,226.70359663127624,226.80275797652766,39882100
2024-10-15,231.91004943847656,235.51985237359267,230.4423162246621,231.67203496624026,64751400
2024-10-16,229.85719299316406,230.19436878170097,227.93328446814013,229.67869350471682,34082200
2024-10-17,230.22413635253906,231.91004568892726,228.6076687095473,231.49351658619665,32993800
2024-10-18,233.0504913330078,234.2206950473064,232.0686987091599,234.2206950473064,46431500
2024-10-21,234.51820373535156,234.88514457730523,232.5050454306036,232.5050454306036,36254500
2024-10-22,233.9033203125,234.26033437956457,230.67037052289513,231.9496621027581,38846600
2024-10-23,228.8456573486328,233.18932661738793,225.87054472777703,232.13812257917175,52287000
2024-10-24,228.65725708007812,228.9051831435476,226.51517225997247,228.0721400698136,31109500
2024-10-25,229.49026489257812,231.28524701350278,227.665532857223,227.83412074973037,38802300
2024-10-28,231.4637451171875,232.78271346714027,230.62080565968694,231.38442210065006,36087100
2024-10-29,231.73150634765625,232.38603471678388,230.39271482775456,231.1662428522856,35417200
2024-10-30,228.1911163330078,231.5331542618632,227.64567605904836,230.68028814227299,47070900
2024-10-31,224.035888671875,227.92336713292326,223.5003599556127,227.43742665071557,64370100
2024-11-01,221.06077575683594,223.4805363045207,218.44267740554844,219.1368672842602,65276700
2024-11-04,220.16822814941406,220.94175615916865,217.88732075932978,219.15670083339904,44944500
2024-11-05,221.5962677001953,222.0921197268828,219.30543375805163,219.9599620650078,28111300
2024-11-06,220.87234497070312,224.19455985797964,219.3550388628842,220.76325691115125,54561100
2024-11-07,225.59286499023438,225.9895557457087,222.7070172967094,222.7665171269793,42137700
2024-11-08,225.32479858398438,227.0125473442273,224.7787582103861,225.5332770864524,38328800
2024-11-11,222.6144561767578,224.07386628495595,219.9041296110407,223.3789126974454,42005600
2024-11-12,222.6144561767578,223.964658210572,221.750729228627,222.93215790182094,40398300
2024-11-13,223.498046875,225.01702229393592,221.15504963584843,222.39604361529624,48566200
2024-11-14,226.5757293701172,227.2210402122622,223.3789275067786,223.3987876531247,44923900
2024-11-15,223.37893676757812,225.28510187679902,222.65420045885568,224.76884409236825,47923700
2024-11-18,226.377197265625,228.08480645929455,223.5477244921184,223.6271499370396,44633700
2024-11-19,226.63531494140625,228.501774994788,225.02699136706502,225.34467799276683,36211800
2024-11-20,227.35009765625,228.2733899080337,224.2625040209905,226.4168677573381,35169600
2024-11-21,226.87356567382812,228.50174921258224,224.08381355701644,227.2309725554499,42108300
2024-11-22,228.21383666992188,229.05771868234922,226.4168797117104,226.4168797117104,38168300
2024-11-25,231.19223022460938,231.5694972757357,228.08479132337303,229.79240040372403,90152800
2024-11-26,233.366455078125,233.87279036398945,231.6489234928732,231.6489234928732,45986200
2024-11-27,233.2373809814453,233.99191506726265,232.12545514826604,232.78070364946953,33498400
2024-11-29,235.6201171875,236.09665470361549,232.28432427698263,233.11826871739834,28481400
2024-12-02,237.8638153076172,239.0551666028684,235.45133007089746,235.5605381566453,48137100
2024-12-03,240.90176391601562,241.01097200063165,237.17878168890522,238.08222901174219,38861000
2024-12-04,241.25917053222656,242.35125137710352,239.51185632927692,241.12017980186528,44383900
2024-12-05,241.2889404296875,242.77813324010052,240.3855083044983,242.23210799536452,40033900
2024-12-06,241.0904083251953,242.86752040520184,240.33588934668637,241.1599112680226,36870600
2024-12-09,244.9722442626953,245.4587194212017,240.00826768189094,240.08769312504634,44649200
2024-12-10,245.98487854003906,246.4217108653419,243.57237825215392,245.11121388943334,36914800
2024-12-11,244.71409606933594,248.9930409884295,244.48574226451257,246.17350623578653,45205800
2024-12-12,246.17352294921875,246.9479020514793,243.9099357862414,245.11122473397327,32777500
2024-12-13,246.34230041503906,247.4939314395242,244.46591792091505,246.03453629863122,33155300
2024-12-16,249.23129272460938,249.56885459541954,245.86571770543418,246.20327957624434,51694800
2024-12-17,251.65374755859375,252.00123197197036,247.98040799068028,248.27824960945253,51356400
2024-12-18,246.26284790039062,252.44795764195715,245.95508381781758,250.3432367039591,56774100
2024-12-19,247.99034118652344,250.18442555229956,245.3097967996626,245.71684652457995,60882300
2024-12-20,252.65647888183594,253.16279902630112,243.919877297432,246.2529371403228,147495300
2024-12-23,253.43087768554688,253.80812962394884,251.62398284537375,252.93448000183187,40858800
2024-12-24,256.33978271484375,256.34969006633503,253.4507293352449,253.64930053302467,23234700
2024-12-26,257.15380859375,258.2260444048055,255.77383898408218,256.32980188696064,27237100
2024-12-27,253.74851989746094,256.8361287043752,251.2367492695516,255.9723714358678,42355300
2024-12-30,250.3829803466797,251.67361731138075,248.9434301413362,250.41276299480816,35557500
2024-12-31,248.6157989501953,251.4551941340452,247.63292614272083,250.6212497119267,39480700
