Price,Close,High,Low,Open,Volume,Daily_Return,SMA_20,SMA_50,EMA_20,RSI,Volatility,Target
Ticker,AAPL,AAPL,AAPL,AAPL,AAPL,,,,,,,
Date,,,,,,,,,,,,
2014-03-17,16.391328811645508,16.49184077314359,16.3636331793974,16.421203200201884,199544800,0.003906622813242722,16.491034317016602,16.49500118255615,16.47934670298525,47.2118598325491,0.008920441802597942,16.536346435546875
2014-03-18,16.536346435546875,16.554083945267156,16.343412585790784,16.365195171746343,209647200,0.008847215840020128,16.468333625793456,16.491042289733887,16.4847752489435,51.667950362341834,0.009152466495102637,16.531993865966797
2014-03-19,16.531993865966797,16.686963193694535,16.461665365507997,16.563113039157663,224756000,-0.00026321228797687723,16.45882730484009,16.48517116546631,16.489272260088576,51.5273568985088,0.008495000950766779,16.452322006225586
2014-03-20,16.452322006225586,16.57586298304866,16.41031239039318,16.48935255690118,208398400,-0.004819252921767991,16.45501527786255,16.480113334655762,16.4857531882921,48.90414437051441,0.008160753176799096,16.58208656311035
2014-03-21,16.58208656311035,16.60947142380225,16.37857307417913,16.55283538377802,374046400,0.007887309574640122,16.466871547698975,16.475534934997558,16.49492779541765,53.0927670800699,0.007926370866820714,16.778757095336914
2014-03-24,16.778757095336914,16.819521950207786,16.650237036560398,16.75479575661425,355700800,0.011860421273164112,16.484982872009276,16.479183540344238,16.521959157314722,58.628270594425935,0.008275493502742629,16.959243774414062
2014-03-25,16.959243774414062,16.982894337737964,16.79120362197433,16.850641637382903,282293200,0.010756856306556095,16.520660305023192,16.488656730651854,16.563605311324185,62.94945198186525,0.008074097295023494,16.79711151123047
2014-03-26,16.79711151123047,17.084024282419488,16.76848355265457,17.006850445638513,299768000,-0.009560111602865073,16.55555925369263,16.49316116333008,16.585843997029546,57.17254565372279,0.008114223498724931,16.724924087524414
2014-03-27,16.724924087524414,16.850643857749567,16.65210773107857,16.804587491523762,222031600,-0.004297609363240307,16.570791912078857,16.48962692260742,16.59908971993382,54.762828739136225,0.007058651474181548,16.70624542236328
2014-03-28,16.70624542236328,16.770971598744435,16.625026510356623,16.751678554822984,200564000,-0.001116816139994703,16.587315559387207,16.478932342529298,16.6092950249271,54.127113906367924,0.007024159682246876,16.7025146484375
2014-03-31,16.7025146484375,16.8291667070271,16.677306885250907,16.779999270722026,168669200,-0.0002233161210948298,16.601287841796875,16.4700870513916,16.618173084309042,53.992296474310336,0.007015123927900225,16.85530662536621
2014-04-01,16.85530662536621,16.86215367135132,16.703448452080956,16.73425517330085,200760000,0.009147842713791876,16.61748504638672,16.472699241638182,16.640757231076392,58.546181126618656,0.007146855793176061,16.88331413269043
2014-04-02,16.88331413269043,16.912254537184985,16.81205333078839,16.878024290752553,180420800,0.0016616433000435915,16.633339595794677,16.470674629211427,16.663857888372966,59.340638528098566,0.007143887353059696,16.766307830810547
2014-04-03,16.766307830810547,16.881756999872728,16.73052204516225,16.84721598055753,162344000,-0.006930292296897345,16.645849418640136,16.464800338745118,16.673615025747974,54.63022997348228,0.007310341796508317,16.54941177368164
2014-04-04,16.54941177368164,16.803960683472724,16.510825677541288,16.79804928955545,275251200,-0.012936423410426001,16.647996044158937,16.45169902801514,16.6617861445988,47.157426725013494,0.007927197567227411,16.289575576782227
2014-04-07,16.289575576782227,16.520786399475462,16.240409789581193,16.431164867350322,289850400,-0.015700630357909695,16.63640441894531,16.43965572357178,16.62633751909246,40.08366232283673,0.008679011356098318,16.288644790649414
2014-04-08,16.288644790649414,16.372042497752773,16.141142429365317,16.34310208741644,243888400,-5.713998676182275e-05,16.61672239303589,16.424853248596193,16.594176306859787,40.06048028656298,0.008330136980831213,16.50273895263672
2014-04-09,16.50273895263672,16.50802879540999,16.244455690065102,16.263748742140166,206169600,0.01314376762087699,16.60693597793579,16.441553916931152,16.58546798740997,47.57138383384388,0.008918015396147238,16.28988265991211
2014-04-10,16.28988265991211,16.56247980452374,16.280235306583265,16.513933923716007,239652000,-0.012898240306382647,16.595779991149904,16.457554626464844,16.557317003838744,41.94390192189598,0.009037809718795045,16.16945457458496
2014-04-11,16.16945457458496,16.26965575960938,16.09259150909843,16.150470643837878,271717600,-0.007392814782116952,16.5878755569458,16.47174690246582,16.520377724862193,39.12397855671216,0.008839681025266095,16.23387336730957
2014-04-14,16.23387336730957,16.248808902741715,16.094773625445207,16.240718751803282,205674000,0.0039839805620816016,16.580002784729004,16.486720447540282,16.493091595571467,41.39374882084292,0.008841703966635113,16.118114471435547
2014-04-15,16.118114471435547,16.232629679876776,15.911798968624062,16.189998499327412,266490000,-0.007130700927304834,16.55909118652344,16.498803272247315,16.457379488510902,38.608015150275264,0.008678214045428859,16.15078353881836
2014-04-16,16.15078353881836,16.215509720358057,15.9992361598566,16.120909149536576,214765600,0.00202685416093229,16.540030670166015,16.50704797744751,16.428179874254468,39.838539601391744,0.008706899831482618,16.33531379699707
2014-04-17,16.33531379699707,16.42306897954934,16.156694009376146,16.18158933235609,284334400,0.011425467856416516,16.53418025970459,16.516632442474364,16.419335485944238,46.37659366533377,0.00909371666564667,16.52918815612793
2014-04-21,16.52918815612793,16.559371666881383,16.304822730003615,16.347766344025704,182548800,0.011868419642266037,16.531535339355468,16.52824592590332,16.42979764500935,52.2482050954242,0.00932343744343333,16.54567527770996
2014-04-22,16.54567527770996,16.549720352053242,16.383859008746615,16.440182597312024,202563200,0.0009974550126903292,16.51988124847412,16.535726776123045,16.440833610028456,52.722303361831926,0.008895460363455534,16.329408645629883
2014-04-23,16.329408645629883,16.52794476751907,16.32007206499175,16.463529341115706,394940000,-0.013070885802492938,16.488389492034912,16.533088035583496,16.430221708657164,46.237427199688675,0.008881313051005068,17.668119430541992
2014-04-24,17.668119430541992,17.737513903905114,17.449045551980817,17.681811859559108,759911600,0.08198158389957233,16.531939888000487,16.552885551452636,16.54811672978905,70.45937057308538,0.0205816939344113,17.797889709472656
2014-04-25,17.797889709472656,17.799443590412977,17.54956457806681,17.567300425548193,390275200,0.0073448835027873915,16.5855881690979,16.575303535461426,16.667142727854156,71.78634178490034,0.02053723968748338,18.487157821655273
2014-04-28,18.487157821655273,18.53881479238126,17.816865292331496,17.824646328169063,669485600,0.038727519016805934,16.6746337890625,16.60621021270752,16.84047749869236,77.55377633620384,0.02196829262934999,18.432390213012695
2014-04-29,18.432390213012695,18.545973074003655,18.34463667129193,18.476267814825313,337377600,-0.0029624677395475585,16.76112756729126,16.63629566192627,16.992088233389534,76.2205145700105,0.02201302179911266,18.362686157226562
2014-04-30,18.362686157226562,18.653333325194748,18.35366201536396,18.44203877705265,456640800,-0.0037816069961954524,16.836496543884277,16.663742179870606,17.122621368993062,74.4658718162284,0.022079543898201378,18.405935287475586
2014-05-01,18.405935287475586,18.509247546759692,18.24660855543075,18.422115584369177,244048000,0.0023552725281428266,16.912627601623534,16.697418479919435,17.244841742181872,74.85269482261076,0.022075370429888146,18.440168380737305
2014-05-02,18.440168380737305,18.49058224952968,18.35085930227897,18.43270144444312,191514400,0.0018598942529701734,16.99632062911987,16.73565059661865,17.358682374425246,75.17329502601221,0.02192174968346793,18.70094108581543
2014-05-05,18.70094108581543,18.70218751408408,18.359883411520904,18.36424092474811,287067200,0.014141557695890095,17.103897094726562,16.782770195007323,17.486516537414786,77.5239701613044,0.021590050571391912,18.49711036682129
2014-05-06,18.49711036682129,18.808293539711123,18.49711036682129,18.727074640182167,374564400,-0.01089948992720724,17.214273834228514,16.824381790161134,17.582763568786834,71.80130841886458,0.02135748805034901,18.432390213012695
2014-05-07,18.432390213012695,18.586737928744267,18.28924539531229,18.523256501805463,282864400,-0.0034989332130862527,17.32146110534668,16.868115692138673,17.66368039204644,70.03355045572945,0.021427560193187555,18.399534225463867
2014-05-08,18.399534225463867,18.600430931454202,18.349779652453318,18.407669562741017,230297200,-0.0017825136712672496,17.41630086898804,16.914123725891113,17.733761709514766,69.1034077673466,0.021440655499251653,18.32286834716797
2014-05-09,18.32286834716797,18.34508510408532,18.15983405065607,18.291575374903985,291597600,-0.004166729296320892,17.51795015335083,16.952175674438475,17.789867103576974,66.87159683898926,0.02112941783558265,18.55098533630371
2014-05-12,18.55098533630371,18.57695724520641,18.381067452146844,18.383885072532273,213208800,0.012449851454125582,17.637026691436766,16.995679931640623,17.862354554312855,69.97851818207798,0.020927341201065222,18.58009147644043
2014-05-13,18.58009147644043,18.60449916238883,18.484339146820464,18.525017509276474,159737200,0.0015689808174101927,17.75433759689331,17.03882038116455,17.93071045165834,70.36047360826403,0.020953178421180482,18.583532333374023
2014-05-14,18.583532333374023,18.69399444022596,18.516880389176382,18.538472122973577,166404000,0.00018519052707333117,17.877608489990234,17.079863777160643,17.99288396420269,70.40840451270925,0.02075694682088643,18.42550277709961
2014-05-15,18.42550277709961,18.668956210186177,18.401095098535187,18.609502079915185,230846000,-0.008503741562125411,17.991344451904297,17.117049369812012,18.03408575590716,65.19395928871668,0.02103053502947338,18.697431564331055
2014-05-16,18.697431564331055,18.698056588019583,18.31848170740069,18.419555056818115,276256400,0.014758283153576413,18.109450340270996,17.160675773620607,18.097261547185628,69.39432510812281,0.021082155978851064,18.918981552124023
2014-05-19,18.918981552124023,19.004721770632962,18.691798801040825,18.70807114306639,317755200,0.011849220414616557,18.2289400100708,17.208925819396974,18.175520595275,72.32471752761182,0.021081922042704922,18.922740936279297
2014-05-20,18.922740936279297,18.975623970696134,18.798197412803116,18.916482341794055,234836000,0.0001987096474995731,18.347793292999267,17.256952476501464,18.24668443727541,72.37305526746066,0.02109459986980005,18.97280502319336
2014-05-21,18.97280502319336,18.985008027121378,18.839813671565366,18.895200135025007,196859600,0.0026457101052457244,18.479963111877442,17.302762870788573,18.315838778791406,73.0481688284695,0.02059686603938632,19.00284767150879
2014-05-22,19.00284767150879,19.08358270506476,18.90365270873197,18.981882633298074,200760000,0.0015834584437410815,18.54669952392578,17.348850479125975,18.38126819714544,73.46717846035001,0.010907844890440114,19.217512130737305
2014-05-23,19.217512130737305,19.23628791313253,18.977813824645,19.00222150616545,232209600,0.011296436352029815,18.617680644989015,17.402940673828127,18.460910476535144,76.3021650879091,0.011012556441507372,19.577373504638672
2014-05-27,19.577373504638672,19.58456963440153,19.264450487087355,19.272273311848142,348866000,0.01872570036398158,18.672191429138184,17.46793727874756,18.56724028873548,80.1342292236943,0.008243474196046771,19.526674270629883
2014-05-28,19.526674270629883,19.708795128496703,19.519476471692194,19.5895710342284,315481600,-0.002589685179004042,18.726905632019044,17.530644187927248,18.658614953677805,78.21526676848379,0.008229928653840467,19.88247299194336
2014-05-29,19.88247299194336,19.92909910205374,19.64433890828498,19.646842346024957,376474000,0.018221163336996637,18.80289497375488,17.597566719055177,18.775172862084048,81.55371728132131,0.008741674269178693,19.80799674987793
2014-05-30,19.80799674987793,20.15753044454473,19.67969808204498,19.963831559611904,564020800,-0.003745823876919574,18.872998046875,17.663086776733397,18.87353704187394,78.83048339979922,0.008907699302853806,19.6718692779541
2014-06-02,19.6718692779541,19.865255592206996,19.47942217029491,19.838031970478486,369350800,-0.006872349265943156,18.93458309173584,17.72747772216797,18.949568683405385,73.96863416126268,0.009212207471880087,19.950061798095703
2014-06-03,19.950061798095703,19.987613359787737,19.65935722720603,19.665928332705498,292709200,0.014141641356541834,18.997039127349854,17.794837226867674,19.04485374194732,77.07971732386329,0.009212212664272261,20.177871704101562
2014-06-04,20.177871704101562,20.27393987276232,19.905316190575398,19.946935424676944,335482000,0.011419007535485637,19.08107719421387,17.86281951904297,19.15276021453344,79.26510433984339,0.008744291551805968,20.257036209106445
2014-06-05,20.257036209106445,20.320247161216756,20.10871173671859,20.22105055365511,303805600,0.0039233327560899145,19.172309494018556,17.928775367736815,19.257929356873728,79.9794794796638,0.008546947858385591,20.201339721679688
2014-06-06,20.201339721679688,20.379394635656645,20.166919960752097,20.33683619558177,349938400,-0.0027494884667146335,19.262399768829347,17.9968599319458,19.347777963045726,77.94481091317493,0.008588570896551618,20.52459716796875
2014-06-09,20.52459716796875,20.56402549106555,20.097458393742887,20.305551299917056,301660000,0.016001782591782643,19.372486209869386,18.072853393554688,19.459855982562203,80.97064183751122,0.008674211509840707,20.645065307617188
2014-06-10,20.645065307617188,20.820302604697645,20.496114106454815,20.750208020102807,251108000,0.005869452085346838,19.477190208435058,18.151629791259765,19.57273306113887,81.96373247904455,0.008529311609883107,20.559640884399414
2014-06-11,20.559640884399414,20.75678245745669,20.47421314793909,20.6187825207231,182724000,-0.004137764736750649,19.57616767883301,18.228772315979004,19.66672428240178,78.82243454736928,0.008756519992431325,20.215736389160156
2014-06-12,20.215736389160156,20.616590590496042,20.1303086637852,20.599066526012265,218996000,-0.01672716450510625,19.657777881622316,18.295980911254883,19.719011149712102,67.59140973927643,0.009987352649480181,19.99449348449707
2014-06-13,19.99449348449707,20.248587327334622,19.906874860374252,20.19601515014918,218100000,-0.010944093274866673,19.736227416992186,18.358204498291016,19.745247562548766,61.51856827224001,0.010164895630569657,20.196027755737305
2014-06-16,20.196027755737305,20.316503648000907,20.031743359661824,20.044887247755227,142244000,0.010079488705052597,19.8111572265625,18.42679889678955,19.7881790095191,64.63553240381215,0.009959506405163902,20.169740676879883
2014-06-17,20.169740676879883,20.3055480235994,20.108408111111448,20.220120282538065,118904000,-0.0013015964909215416,19.873695182800294,18.499205474853515,19.824518215934415,63.90839481725238,0.009841135716404268,20.191631317138672
2014-06-18,20.191631317138672,20.215726476191893,20.009822997441095,20.211344626626243,134056000,0.0010853208580852147,19.93713970184326,18.577246589660646,19.859481368430057,64.26888435083143,0.009828647411303423,20.121549606323242
2014-06-19,20.121549606323242,20.217930304046224,20.007644841525714,20.21573937786515,142112000,-0.0034708295587758675,19.994576930999756,18.653904685974123,19.88444024822941,62.129374178496214,0.009944432881159069,19.9134578704834
2014-06-20,19.9134578704834,20.272692909949075,19.911266944178077,20.119359821131653,403592000,-0.010341735100484084,20.040107440948486,18.722119064331054,19.887203831301218,56.15196016814591,0.01038115442796874,19.89592933654785
2014-06-23,19.89592933654785,20.068975709709612,19.84554806995676,20.00326130479719,174776000,-0.0008802355698117603,20.074028301239014,18.79423999786377,19.888034831800898,55.666131827037496,0.010186823430477828,19.775449752807617
2014-06-24,19.775449752807617,20.095256342578587,19.755736437766004,19.878401521188728,156144000,-0.006055489125552871,20.08393211364746,18.866359901428222,19.877312443325348,52.315687472700894,0.009501943869465396,19.792978286743164
2014-06-25,19.792978286743164,19.867453055313167,19.63745597191745,19.760121083061833,147476000,0.0008863785225949883,20.097247314453124,18.937541999816894,19.869280618888947,52.76116658784432,0.009473312316322466,19.9112606048584
2014-06-26,19.9112606048584,19.944117804228753,19.67031059478677,19.79516661544485,130516000,0.0059759737216735775,20.098686695098877,19.01340492248535,19.8732787127908,55.76435839374294,0.008641904665133504,20.14783477783203
2014-06-27,20.14783477783203,20.152214958805168,19.882787871316282,19.893740830529538,256116000,0.011881426177301257,20.115678596496583,19.093345947265625,19.899426909461393,61.092215783340265,0.00897518631250975,20.355924606323242
2014-06-30,20.355924606323242,20.531161900554732,20.171925280261508,20.174116206015743,197929200,0.010328148447999341,20.14988136291504,19.17375816345215,19.942902880591095,65.07663107080006,0.009016319362758934,20.485164642333984
2014-07-01,20.485164642333984,20.605640513521692,20.399736905014336,20.485164642333984,152892000,0.006349013297612505,20.176636505126954,19.25287769317627,19.994546857899945,67.31536576587874,0.008611911466776267,20.476398468017578
2014-07-02,20.476398468017578,20.603443739261163,20.390969083759266,20.561826181089355,113860000,-0.00042792794051016436,20.191562843322753,19.33149215698242,20.040437487434957,67.0016260089137,0.008284799572391635,20.596878051757812
2014-07-03,20.596878051757812,20.612211192209497,20.415069621268575,20.518021423381445,91567200,0.005883826881392995,20.20855493545532,19.41684154510498,20.093431826894278,69.13106421805772,0.008335550676214365,21.02182960510254
2014-07-07,21.02182960510254,21.026209786595395,20.612213281254448,20.620975315427295,225872000,0.020631842955853186,20.249579429626465,19.483915748596193,20.181850662914112,75.2081131056365,0.009376525635779545,20.886022567749023
2014-07-08,20.886022567749023,21.203640069757473,20.572786918837128,21.087544359320887,260888000,-0.006460286278819005,20.26765069961548,19.54567840576172,20.24891465385077,70.43576776310529,0.008951051738348469,20.894779205322266
2014-07-09,20.894779205322266,21.017444321342865,20.756780949799094,20.90573216404705,145744000,0.0004192582644606535,20.280136394500733,19.59383083343506,20.31042556351472,70.56546304036411,0.008874794564748474,20.8181095123291
2014-07-10,20.8181095123291,20.9298233193713,20.485159016764342,20.53773120312923,158744000,-0.0036693229557378526,20.293059825897217,19.64154521942139,20.358776415782756,67.76249604417751,0.00886213437555611,20.857540130615234
2014-07-11,20.857540130615234,21.00430040699693,20.778683513505456,20.88820640713718,136072000,0.001894053745023383,20.32515001296997,19.69144229888916,20.406277721957277,68.45645038674814,0.007860644125177466,21.126964569091797
2014-07-14,21.126964569091797,21.223345245960996,20.95172894982294,20.997728362550514,171240000,0.012917364022284383,20.38177356719971,19.745862884521486,20.474914564541518,72.76974634989949,0.007666026139196305,20.879446029663086
2014-07-15,20.879446029663086,21.214585843343908,20.81592254578046,21.20363455582496,181911600,-0.011715764402370654,20.415944480895995,19.7946484375,20.51344137074357,64.09814001688387,0.008110927985598943,20.761159896850586
2014-07-16,20.761159896850586,21.26934606740592,20.752397864628815,21.240870716075243,213585200,-0.005665194979045607,20.445515441894532,19.835852813720702,20.537033611325192,60.39427421958619,0.008253259548909991,20.390966415405273
2014-07-17,20.390966415405273,20.870677103869376,20.27706336994372,20.815915670800372,229192000,-0.017831059694380036,20.45548219680786,19.87372993469238,20.523122449809012,50.54948983235004,0.009316128341858056,20.68449592590332
2014-07-18,20.68449592590332,20.75239959229165,20.375640531323686,20.50706935440509,199952000,0.014395075962475579,20.483629512786866,19.918772048950196,20.538491352294184,56.59163990687531,0.009758128956314428,20.577159881591797
2014-07-21,20.577159881591797,20.80934785977378,20.528969545474048,20.807156934172088,156316000,-0.005189202806586413,20.516814613342284,19.962324562072755,20.542174069370144,53.99362455494099,0.00949558573668391,20.748018264770508
2014-07-22,20.748018264770508,20.785255649365094,20.61659112013933,20.73925623230352,220788000,0.008303302504421906,20.559419059753417,20.010827560424804,20.561778278455893,57.35009546112066,0.009586698422513315,21.289060592651367
2014-07-23,21.289060592651367,21.440201049411705,20.846587166644802,20.901348613444554,371672000,0.026076819529291306,20.635099601745605,20.06558906555176,20.631043260760226,65.84719773424534,0.010761057368145267,21.254003524780273
2014-07-24,21.254003524780273,21.317526976891486,21.12038551709566,21.256194449663013,182916000,-0.0016467174640479865,20.70815086364746,20.119067306518556,20.690372809714518,64.94433221502784,0.010811314828180603,21.394197463989258
2014-07-25,21.394197463989258,21.4314348394691,21.168580614546624,21.214580020348738,173876000,0.0065961191285928145,20.782297706604005,20.17528060913086,20.757403729169255,66.8989671139943,0.010819306189710222,21.689910888671875
2014-07-28,21.689910888671875,21.73810122430328,21.36791501830911,21.427056639465295,221272000,0.013822132154307942,20.859401512145997,20.240568771362305,20.846213934836168,70.62016862284088,0.010905344381603482,21.549720764160156
2014-07-29,21.549720764160156,21.781910400747233,21.521245417651976,21.75781523401474,172572000,-0.006463379459292096,20.919091320037843,20.297614555358887,20.913214585247974,66.78694392397603,0.011018087462626353,21.499345779418945
2014-07-30,21.499345779418945,21.6198199676885,21.394203059240013,21.562869262478966,132040000,-0.002337616588749092,20.96980037689209,20.349221839904786,20.96903660374045,65.4129604104453,0.01104660437890695,20.940776824951172
2014-07-31,20.940776824951172,21.34601119515419,20.881635198003654,21.282489387805153,227372000,-0.025980741935063167,20.99301929473877,20.389582557678224,20.966345196236706,52.51264345429362,0.012747057430593097,21.056873321533203
2014-08-01,21.056873321533203,21.164206972747305,20.767732916326462,20.787447908438267,194044000,0.005544039629117314,21.01601905822754,20.43126392364502,20.97496692245542,54.52026348554423,0.012740709722898626,20.938581466674805
2014-08-04,20.938581466674805,21.1554379523451,20.846582657037548,21.109438547526473,159832000,-0.005617731229708767,21.011856651306154,20.46997859954834,20.971501640952503,52.10319853268418,0.011959752331153192,20.835630416870117
2014-08-05,20.835630416870117,20.958295490758882,20.669155194316584,20.888200924081545,223732000,-0.004916811101484675,21.00933704376221,20.502340965270996,20.958561524373227,50.024581597789634,0.011921676691093576,20.80059051513672
2014-08-06,20.80059051513672,20.91449527547649,20.745829061062164,20.754591094256526,154232000,-0.001681729855652847,21.00462760925293,20.526805305480956,20.943516666350703,49.30363057791991,0.011926549382054643,20.79838752746582
2014-08-07,20.79838752746582,21.121985064390376,20.71473502392806,20.89744775802445,186844000,-0.00010590986199621177,21.003641510009764,20.552239570617676,20.929694843599762,49.25556750950826,0.011897920473596751,20.85562515258789
2014-08-08,20.85562515258789,20.87323638583276,20.53422770361742,20.749961112117962,167460000,0.002752022244343788,21.0035457611084,20.571702613830567,20.92264058731292,50.602940727064706,0.01190657720992961,21.130786895751953
2014-08-11,21.130786895751953,21.150599946015525,20.87763096582242,20.97228921163958,146340000,0.01319364637362197,21.003736877441405,20.598158416748046,20.942464045259495,56.5726595180418,0.011922425921333173,21.126386642456055
2014-08-12,21.126386642456055,21.326708907598295,21.047137793971448,21.141796047466997,135180000,-0.00020823896987876012,21.016083908081054,20.627248764038086,20.959980483087737,56.45516144599327,0.011596599961702855,21.405961990356445
2014-08-13,21.405961990356445,21.405961990356445,21.14180022948719,21.16601525350848,127664000,0.013233467352081307,21.048324012756346,20.656366767883302,21.00245491235142,61.87339979531983,0.011822530013478435,21.463193893432617
2014-08-14,21.463193893432617,21.478603298791523,21.309099839843558,21.425771291775163,112464000,0.00267364312344176,21.101935386657715,20.682073211669923,21.046334815311535,62.89133640083948,0.010902353132239032,21.568866729736328
2014-08-15,21.568866729736328,21.615094961122043,21.322314482846075,21.551255495065643,195804000,0.0049234441448178234,21.146153926849365,20.70830982208252,21.09609975954247,64.76207390232389,0.010564520022308985,21.828617095947266
2014-08-18,21.828617095947266,21.874845307284097,21.568857375460027,21.681125168921312,190288000,0.012042837923089689,21.208726787567137,20.74085536956787,21.165863315390542,68.91088267332921,0.010637026944480122,22.13020133972168
2014-08-19,22.13020133972168,22.163221970471444,21.86383782947191,21.883650879721387,277596000,0.01381600320573706,21.2778359413147,20.77296745300293,21.25770503199351,72.90034206813208,0.010850685718230502,22.13901710510254
2014-08-20,22.13901710510254,22.25348677409306,22.002532552517852,22.110400107729863,210796000,0.0003983590228362477,21.320333766937257,20.802846488952635,21.341639515146753,73.00937424160968,0.009439407893800001,22.141206741333008
2014-08-21,22.141206741333008,22.22045557604857,22.03774289159331,22.13900491828566,133912000,9.890394953271375e-05,21.364693927764893,20.834477806091307,21.41778877478354,73.03838995908013,0.009411926459937383,22.304107666015625
2014-08-22,22.304107666015625,22.337128295638077,22.05535539125793,22.07736858450657,176736000,0.00735736432913181,21.41018943786621,20.876245231628417,21.50220009775802,75.17645279066183,0.009432628734460673,22.352542877197266
2014-08-25,22.352542877197266,22.491227538341366,22.29530721789203,22.407576712817853,161080000,0.002171582558106122,21.44332103729248,20.923406219482423,21.583185124371283,75.79116365213093,0.009023240852296478,22.20944595336914
2014-08-26,22.20944595336914,22.34372859455345,22.20284216437626,22.32611737090662,132608000,-0.006401818558822825,21.47630729675293,20.963674583435058,21.64282901284727,70.25583715496617,0.009020375387180667,22.482418060302734
2014-08-27,22.482418060302734,22.57927813179283,22.16762450745902,22.238067737770244,209476000,0.012290811193882423,21.52546091079712,21.009928131103514,21.722789874509694,74.13633457099036,0.009278141917859436,22.50884246826172
2014-08-28,22.50884246826172,22.62551395023301,22.356948519544563,22.3635523121845,273840000,0.0011753365624689316,21.603864192962646,21.056272354125976,21.7976520262956,74.48337538255072,0.006494201152913356,22.56386947631836
2014-08-29,22.56386947631836,22.651923937003822,22.497828210929477,22.643118322985362,178380000,0.002444684045135981,21.679214000701904,21.10511875152588,21.87062511677396,75.22878185274163,0.006483268342002411,22.739986419677734
2014-09-02,22.739986419677734,22.836844849051275,22.612307490617457,22.687152716928814,214256000,0.007805263345642688,21.76928424835205,21.161649322509767,21.953421431336228,77.4947969168052,0.006179334988454932,21.78019142150879
2014-09-03,21.78019142150879,22.717966775500823,21.700942563495463,22.695953577052542,501684000,-0.042207369013131824,21.816512298583984,21.199334564208986,21.936923335162184,50.423444007192984,0.011971464233897097,21.599681854248047
2014-09-04,21.599681854248047,22.03334709717585,21.527036783288253,21.760379724492992,342872000,-0.008287786078981951,21.856466865539552,21.235819206237792,21.904805098884648,47.09158116741126,0.012176158297420166,21.786794662475586
2014-09-05,21.786794662475586,21.87925110132135,21.641504533289947,21.74937205810935,233828000,0.008662757604031013,21.90588722229004,21.27569553375244,21.89356600970283,50.72619819488158,0.012255529113651615,21.652509689331055
2014-09-08,21.652509689331055,21.86163756650681,21.584268279210388,21.8594374225991,185426800,-0.006163594747409795,21.945731449127198,21.310520515441894,21.87060826490552,48.16874447306338,0.012403184394614715,21.57106590270996
2014-09-09,21.57106590270996,22.691555885534616,21.163815776419938,21.811014345664432,759385200,-0.0037614016938287698,21.9677453994751,21.338985137939453,21.842080420886894,46.633119514490794,0.012171580879395969,22.233665466308594
2014-09-10,22.233665466308594,22.257880483849647,21.520427559233283,21.57546138464494,403478400,0.03071705248999268,22.023109340667723,21.37653995513916,21.87937423473658,58.284872778744884,0.013845465103176597,22.32831573486328
2014-09-11,22.32831573486328,22.33051755735273,21.929871518694323,22.10377854639474,249412400,0.004257069923900403,22.069227027893067,21.413402976989747,21.922130568081982,59.64044064891971,0.013628097702751588,22.378963470458984
2014-09-12,22.378963470458984,22.49563495279234,22.251284547358473,22.279901542053558,250504400,0.0022683186764786978,22.115015506744385,21.451454277038575,21.96563846354646,60.38233059212608,0.013627658680029348,22.372350692749023
2014-09-15,22.372350692749023,22.68494410576447,22.33052612639063,22.632110422734215,245266000,-0.00029549079512503074,22.15518970489502,21.4869637298584,22.00437296156575,60.226665776030195,0.013622335232059952,22.202852249145508
2014-09-16,22.202852249145508,22.2909067278762,21.769185326983912,21.96950930808373,267632400,-0.007576246498694927,22.17390146255493,21.510584182739258,22.023275750859057,56.22555292865435,0.013561229458121191,22.361347198486328
2014-09-17,22.361347198486328,22.409777239749918,22.14341201280018,22.293104104206144,243706000,0.007138494980838406,22.185458755493165,21.540090675354005,22.055473031585464,58.970432616763766,0.013307323277002391,22.407573699951172
2014-09-18,22.407573699951172,22.5308489377262,22.35694183900834,22.438392509394927,149197600,0.002067250289283784,22.198886585235595,21.57034656524658,22.089006428572677,59.762914678516736,0.013311193756394673,22.224864959716797
2014-09-19,22.224864959716797,22.53085296495814,22.123602899230406,22.517645381264096,283609600,-0.008153883266476702,22.203069496154786,21.598481674194336,22.101945336300687,55.22282817311955,0.013457529924736969,22.246883392333984
2014-09-22,22.246883392333984,22.484630031750342,22.141219338926614,22.409784800545108,211153600,0.0009907116491865153,22.200208282470705,21.62626853942871,22.11574896068481,55.65998768038351,0.013356110590900605,22.59469223022461
2014-09-23,22.59469223022461,22.660733507143007,22.132408330294144,22.145615913878046,253608800,0.015634047779046423,22.21231575012207,21.655623092651368,22.161362605402886,61.97521429812997,0.013805279918283137,22.39876937866211
2014-09-24,22.39876937866211,22.640917900909958,22.27769427778856,22.489025668313165,240687200,-0.008671189214094155,22.221781921386718,21.686009559631348,22.18397277428472,57.046315587671515,0.013875268456653997,21.54465103149414
2014-09-25,21.54465103149414,22.169834727350445,21.511630387389115,22.125808321543563,400368000,-0.0381323782895695,22.17489356994629,21.70167938232422,22.123084989257045,41.53720825791165,0.016036043773283784,22.178640365600586
2014-09-26,22.178640365600586,22.178640365600586,21.661322539126722,21.689939534978564,249482000,0.0294267627347351,22.158383464813234,21.737432861328124,22.12837597748024,51.97433924792177,0.01750765307161914,22.03774642944336
2014-09-29,22.03774642944336,22.110391486177914,21.711945425587857,21.716349072389495,199065200,-0.006352685910167688,22.132077312469484,21.764497871398927,22.119744591952916,49.84465503021613,0.01753783500403809,22.178640365600586
2014-09-30,22.178640365600586,22.352547523853453,22.13021031146691,22.191847951455323,221056400,0.006393300540430413,22.104010009765624,21.796527481079103,22.125353713252693,51.964355710549285,0.01750319739821159,21.83302116394043
2014-10-01,21.83302116394043,22.165425968300916,21.727355471074457,22.143411092641898,205965200,-0.015583426033464964,22.106651496887206,21.8182275390625,22.097512518080094,46.74536940406094,0.015053434210069558,21.99151611328125
2014-10-02,21.99151611328125,22.06195933988269,21.58206433381693,21.852829803769755,191031200,0.007259414450739854,22.12624320983887,21.832276649475098,22.087417622384965,49.261981948497436,0.014991788382755672,21.92988395690918
2014-10-03,21.92988395690918,22.059763005977832,21.80220505207939,21.890259527117156,173878400,-0.0028025424011056677,22.13339767456055,21.845794258117675,22.07241441614918,48.306028092944324,0.014902547756000225,21.92988395690918
2014-10-06,21.92988395690918,22.156623096469318,21.885855879640587,22.002527345278374,148204800,0.0,22.147266387939453,21.856507987976073,22.05884008669775,48.306028092944324,0.014822468454309954,21.73835563659668
2014-10-07,21.73835563659668,22.039941529541636,21.733953670637028,21.88804767170458,168376800,-0.008733667751678054,22.15563087463379,21.85747688293457,22.028317758116696,45.14839022181424,0.014943171240779875,22.18964385986328
2014-10-08,22.18964385986328,22.25788528064072,21.641505631394743,21.740567546183968,229618800,0.020759998171474114,22.153429794311524,21.870275344848633,22.043682148759228,52.952189548208274,0.014020587568777162,22.23807144165039
2014-10-09,22.23807144165039,22.537455640212052,22.1478168250469,22.352542759658927,309506000,0.0021824406958916853,22.148917579650877,21.88504985809326,22.062195414748864,53.71321158040938,0.013995043893650675,22.17423439025879
2014-10-10,22.17423439025879,22.46040933556879,22.079576123237157,22.1654287747801,265326400,-0.0028706199437797952,22.13868112564087,21.909719009399414,22.072865793368855,52.507498802239326,0.01399627373049341,21.971710205078125
2014-10-13,21.971710205078125,22.40537714209542,21.971710205078125,22.306316899817162,214333600,-0.009133311284453383,22.118649101257326,21.92801574707031,22.06323192781736,48.767415769602955,0.014132779306960578,21.73835563659668
2014-10-14,21.73835563659668,22.127994284723865,21.698731224965215,22.099377307239507,254754400,-0.010620682973850215,22.095424270629884,21.94401123046875,22.032291328653486,44.807091355977036,0.01422560788977657,21.47199821472168
2014-10-15,21.47199821472168,21.826416196131255,20.952478751767234,21.566656464654034,403734400,-0.012252878107605558,22.050956821441652,21.956738586425782,21.9789300797076,40.74024440424374,0.01430518653167455,21.190217971801758
2014-10-16,21.190217971801758,21.51161521003184,21.003103359890215,21.033922158111007,288618000,-0.013123149513245003,21.99008903503418,21.96453113555908,21.903814640859423,36.92229487895557,0.014483947856681645,21.5006160736084
2014-10-17,21.5006160736084,21.793396449187387,21.311299566053503,21.463193472684548,272718800,0.014648178806829337,21.95387659072876,21.978575706481934,21.865414777311706,43.23323289993824,0.014921963338868797,21.9606990814209
2014-10-20,21.9606990814209,22.004725471792778,21.621690501160188,21.64370369634613,310069200,0.021398596497764766,21.939567375183106,22.000677185058592,21.874489472941153,51.05070425792335,0.015777992986540382,22.557270050048828
2014-10-21,22.557270050048828,22.678343487354812,22.29310661688223,22.678343487354812,378495600,0.027165390610567552,21.937696266174317,22.029206848144533,21.939516194570455,58.94553980663641,0.01658952681099335,22.67173194885254
2014-10-22,22.67173194885254,22.9182840663317,22.585879324270284,22.63871132105193,273052400,0.005074279757690148,21.951344394683836,22.06011375427246,22.009251028311606,60.26958631875403,0.016493748886643296,23.076784133911133
2014-10-23,23.076784133911133,23.125214169117513,22.81262076355789,22.91168265725251,284298800,0.017865956865244836,22.027951049804688,22.093530197143554,22.110920847892512,64.61825981094398,0.014132493901361875,23.162639617919922
2014-10-24,23.162639617919922,23.22207541785189,23.010745703261485,23.153834003207912,188215600,0.0037204267072301622,22.077151012420654,22.1275191116333,22.211084540276076,65.48071637769048,0.012755667465413827,23.138427734375
2014-10-27,23.138427734375,23.219878421879475,23.04817143096468,23.081192070736737,136750800,-0.0010452989790589173,22.132185077667238,22.158910331726073,22.299402939714067,64.99952982919834,0.012621787790371366,23.49724578857422
2014-10-28,23.49724578857422,23.49724578857422,23.191257799458626,23.202265238289865,192243600,0.01550745185966762,22.198115348815918,22.19228290557861,22.413483211034084,68.67355072549871,0.012929948961999607,23.629329681396484
2014-10-29,23.629329681396484,23.63593515324029,23.4135979604871,23.47743741898057,210751600,0.00562124999715885,22.28793077468872,22.222265472412108,22.52927811297336,69.92505639687184,0.012175839986638265,23.550079345703125
2014-10-30,23.550079345703125,23.631528346393623,23.312332776094383,23.545675698395915,162619200,-0.003353896905325837,22.365858936309813,22.25048671722412,22.62649727799524,68.16542488946416,0.012258732099113748,23.774620056152344
2014-10-31,23.774620056152344,23.783425672527905,23.600712911609055,23.776821880121133,178557200,0.009534605261964257,22.458095741271972,22.283154983520507,22.735842304486393,70.43548971462793,0.01223525563061322,24.082807540893555
2014-11-03,24.082807540893555,24.28092969109412,23.77681953983357,23.823047761630466,209130400,0.012962877388295269,22.56574192047119,22.318728981018065,22.864124707953742,73.25448738518193,0.012348491497383799,23.90669822692871
2014-11-04,23.90669822692871,24.102618550404095,23.712979727171984,24.074001560059166,166297600,-0.007312657117148902,22.674159049987793,22.349812088012694,22.963417424046597,69.19429752479604,0.012270575160170116,23.963930130004883
2014-11-05,23.963930130004883,24.06079020444703,23.803230613725788,24.01676213447372,149743600,0.0023939693609260626,22.762873363494872,22.38490177154541,23.05870434842358,69.78048977883358,0.011689657996758774,24.032470703125
2014-11-06,24.032470703125,24.052369670628885,23.833491148778272,24.010362051173367,139874000,0.002860155773626527,22.852593326568602,22.415902824401854,23.151444001252287,70.5043604872441,0.011685343231820683,24.101009368896484
2014-11-07,24.101009368896484,24.16954669499126,23.999308221962238,24.04352552522687,134766000,0.0028519192478437816,22.948932075500487,22.44774616241455,23.24187879817078,71.24608588598271,0.01157906908338995,24.06121826171875
2014-11-10,24.06121826171875,24.171763230279307,24.02584306212384,24.10322420275976,108782000,-0.0016510141367392928,23.05340747833252,22.477693138122557,23.319911128032494,70.14326152550842,0.011240221194727746,24.253562927246094
2014-11-11,24.253562927246094,24.26461809767545,23.966147050686903,24.032473012916476,109769200,0.00799397035657834,23.17916784286499,22.507964668273925,23.408830347005217,72.36969548694766,0.010668637023942383,24.59625244140625
2014-11-12,24.59625244140625,24.636048692602955,24.180604018626756,24.182813703239464,187769600,0.014129450389954279,23.33538055419922,22.564285888671876,23.5219181655196,75.82815438575986,0.009959942506803866,24.943359375
2014-11-13,24.943359375,25.082645387584417,24.6736294603727,24.717848446989723,238091600,0.014112187798553277,23.52303762435913,22.631159439086915,23.65729351880345,78.73198371972936,0.008887817730481942,25.244043350219727
2014-11-14,25.244043350219727,25.246254721387373,24.587406116332485,25.016321036629357,176254400,0.012054670371349108,23.7102089881897,22.700304412841795,23.808412550366903,80.87530586910917,0.008807711493661465,25.20203399658203
2014-11-17,25.20203399658203,25.92941987670985,25.049483132158237,25.2639388907577,186986800,-0.0016641293573650406,23.872275733947752,22.771294898986817,23.94113840238739,79.66732213342414,0.008477723391676182,25.529247283935547
2014-11-18,25.529247283935547,25.57788732469698,25.179924888268733,25.19098005636245,176896000,0.012983606299312722,24.02087459564209,22.850458526611327,24.092386867296742,81.93115869360217,0.007192822698327952,25.352380752563477
2014-11-19,25.352380752563477,25.58894689978137,25.16003360146897,25.522620935769627,167476800,-0.006927996325350572,24.154907035827637,22.912832832336427,24.212386284941193,76.94430764598475,0.007771877310517551,25.714963912963867
2014-11-20,25.714963912963867,25.836564024088,25.392172884176674,25.40543942425146,173582000,0.01430174009846108,24.286816024780272,22.98056579589844,24.355488916181447,79.67545308200086,0.007513139658652845,25.750337600708008
2014-11-21,25.750337600708008,25.99353612197536,25.653057517488325,25.98027126945699,228717200,0.0013756071314690033,24.41620092391968,23.04799327850342,24.488331648041118,79.92529949840286,0.007559760551564225,26.22789192199707
2014-11-24,26.22789192199707,26.258844370331033,25.783502476581468,25.834352204509297,189803200,0.018545555739662767,24.57067413330078,23.12510410308838,24.654004055084542,82.9691047042196,0.007948566002905246,26.000173568725586
2014-11-25,26.000173568725586,26.475517221541857,25.967009744244045,26.325176012436764,275361600,-0.00868229722574465,24.69582052230835,23.201050529479982,24.78221067543131,76.975600617985,0.008308592970400751,26.3096981048584
2014-11-26,26.3096981048584,26.331806757506065,26.05102332663833,26.075343350585385,163073200,0.011904710378746186,24.829838943481445,23.28001754760742,24.927685668710076,79.17741532841623,0.008446732462184086,26.29421615600586
2014-11-28,26.29421615600586,26.398128656292105,26.099657693559976,26.36938589600255,99257600,-0.0005884502661654967,24.967045783996582,23.357750396728516,25.057831429404914,78.77164749315708,0.008317175364322945,25.440805435180664
2014-12-01,25.440805435180664,26.364960947173387,24.600663447266747,26.267680886927376,335256000,-0.032456214543983175,25.050355052948,23.422069206237794,25.0943051442407,60.397330954353386,0.011822182515809937,25.34353256225586
2014-12-02,25.34353256225586,25.591153837296684,24.927884191405624,25.09370160287839,237395600,-0.003823498166071859,25.113391304016112,23.48400218963623,25.118041088813573,58.71613981318654,0.011707287033184997,25.630956649780273
2014-12-03,25.630956649780273,25.723814019165996,25.449662967596662,25.59116039336034,172253600,0.011341121716886171,25.19960422515869,23.544727478027344,25.166890189858023,62.07534893843066,0.011617025932264121,25.53367042541504
2014-12-04,25.53367042541504,25.911733927521862,25.489453122990906,25.59557532352161,168178000,-0.003795653267825605,25.2780912399292,23.607425498962403,25.201821640863454,60.2872358348421,0.011731404692939089,25.42533302307129
2014-12-05,25.42533302307129,25.664110468463395,25.34574054127392,25.644211504623197,153275600,-0.004242923188822689,25.347734355926512,23.685039138793947,25.22310843916896,58.274144518520224,0.011850527238050244,24.850502014160156
2014-12-08,24.850502014160156,25.34795422744137,24.6780521834411,25.226354122815437,230659600,-0.022608593106313468,25.385208988189696,23.738476371765138,25.187622112977646,48.93685884717206,0.013150813484474612,25.23078155517578
2014-12-09,25.23078155517578,25.270577807107532,24.176181722375464,24.361898126984364,240832000,0.015302690496913796,25.443687152862548,23.802337074279784,25.191732536044135,54.16869808114684,0.013471696433061496,24.75101661682129
2014-12-10,24.75101661682129,25.392177741542184,24.66037062401034,25.29489932081608,178261200,-0.01901506448800727,25.46855983734131,23.8537845993042,25.149759591356244,47.54953118918617,0.014220953238437127,24.678049087524414
2014-12-11,24.678049087524414,25.16002501673208,24.616142514074525,24.819546453275137,165606800,-0.0029480619089918836,25.472649669647218,23.91068515777588,25.104834781467495,46.61653316458357,0.013907464601670779,24.260196685791016
2014-12-12,24.260196685791016,24.733328960575214,24.22703286177149,24.421591376286717,224112400,-0.016932148900888455,25.438491535186767,23.956058769226075,25.024393058069734,41.58449566853135,0.014011906561409314,23.928564071655273
2014-12-15,23.928564071655273,24.673636062615536,23.512913920143735,24.47465478654962,268872400,-0.013669823803612258,25.372717571258544,23.996032371520997,24.920028392696928,38.07190517683214,0.013902357875554007,23.60135269165039
2014-12-16,23.60135269165039,24.355270247709058,23.493019086020603,23.51733911600846,243162800,-0.01367450963731176,25.29268350601196,24.02946174621582,24.794440230692498,34.93625053069536,0.014118432542701299,24.18944549560547
2014-12-17,24.18944549560547,24.284512528291458,23.616821807615015,23.68314944883713,213647200,0.024917758386074684,25.22569341659546,24.078483543395997,24.736821684493734,43.88219928379623,0.015058457051370865,24.905773162841797
2014-12-18,24.905773162841797,24.905773162841797,24.465804812036247,24.733323341258806,236024800,0.029613232240750076,25.203363037109376,24.132806129455567,24.752912301479263,52.45700685147327,0.01663762287970648,24.713428497314453
2014-12-19,24.713428497314453,25.036219545572564,24.686898789128506,24.819552390404407,353719200,-0.007722894779043088,25.153286266326905,24.182313270568848,24.749151939177853,50.23726323152501,0.01631420856342443,24.969890594482422
2014-12-22,24.969890594482422,25.09148901158005,24.755433149521437,24.79744076482196,180670000,0.010377439018460777,25.114263916015624,24.23822639465332,24.77017466825448,53.08771454602506,0.01653085191450826,24.881454467773438
2014-12-23,24.881454467773438,25.056115669562008,24.86376687313569,25.034007019655757,104113600,-0.003541710620411198,25.046942043304444,24.296421279907225,24.780772744399144,51.98197372359869,0.015851504076092014,24.764286041259766
2014-12-24,24.764286041259766,24.919048333230755,24.764286041259766,24.890307246659706,57918400,-0.004709066612863411,24.98514766693115,24.35693988800049,24.779202582195396,50.48173908035083,0.015794903570716626,25.20203399658203
2014-12-26,25.20203399658203,25.319211358669097,24.7642769953216,24.784174274114413,134884000,0.017676582906243743,24.929764461517333,24.431540603637696,24.819472240708407,55.63354363357867,0.01611779294460064,25.184349060058594
2014-12-29,25.184349060058594,25.374484805167228,25.137918700854364,25.15781766719645,110395600,-0.0007017265561118924,24.87427110671997,24.511423225402833,24.854222413979855,55.382855715954356,0.016117281468862907,24.87703514099121
2014-12-30,24.87703514099121,25.18656134251796,24.78638915789659,25.12465643956903,119526000,-0.01220257543026082,24.846082592010497,24.57895160675049,24.856395054647603,51.07584777749327,0.014676890539981832,24.403898239135742
2014-12-31,24.403898239135742,25.011895356616602,24.366313367610005,24.943358039507107,165613600,-0.01901902293315716,24.799100875854492,24.627815589904785,24.81330011983695,45.24228195331126,0.015213278277872177,24.171754837036133
2015-01-02,24.171754837036133,24.638254577319934,23.733996171356562,24.62719940958966,212818400,-0.0095125540938098,24.726140785217286,24.66010528564453,24.752200569094015,42.66733524431195,0.014979655670338196,23.490795135498047
2015-01-05,23.490795135498047,24.021411080620908,23.30508048243492,23.9418186045134,257142000,-0.02817171140982755,24.623997020721436,24.67648654937744,24.63206671827535,36.165093832094584,0.016018801995663596,23.493009567260742
2015-01-06,23.493009567260742,23.75168430492422,23.132632007155845,23.554914459681218,263188400,9.426806329559945e-05,24.527380847930907,24.684811058044435,24.52358508484539,36.199144030657884,0.016045235595013807,23.822433471679688
2015-01-07,23.822433471679688,23.921923238379996,23.590288433669837,23.700833368573225,160423600,0.014022209605619063,24.475977420806885,24.69800693511963,24.45680874073437,41.222031918517075,0.0158777542481207,24.73773956298828
2015-01-08,24.73773956298828,24.79522338787858,24.032462504884148,24.14964152514014,237458000,0.038422023190733956,24.45132532119751,24.729993171691895,24.483564057139507,52.42852071936619,0.017914073272546672,24.764286041259766
2015-01-09,24.764286041259766,25.03843710994372,24.366323452216545,24.91020453272063,214798000,0.0010731165717017266,24.451988792419435,24.755333976745604,24.510299484198576,52.71013089923407,0.01739677905524722,24.154067993164062
2015-01-12,24.154067993164062,24.901351137106996,24.05457822763035,24.894718710975656,198603200,-0.02464105151584095,24.425789737701415,24.765828742980958,24.476372675528623,45.97310323281934,0.018256400865652823,24.3685302734375
2015-01-13,24.3685302734375,24.938942648952615,24.078903029641708,24.636048863477807,268367600,0.008878930055762568,24.43120641708374,24.782197761535645,24.466101970567564,48.46607856621247,0.017974681444274686,24.27566909790039
2015-01-14,24.27566909790039,24.428219965569937,23.988251583933135,24.10764031957575,195826400,-0.0038107007068182153,24.448561668395996,24.792218742370604,24.447965506504026,47.44521358672312,0.017702346558210517,23.6168212890625
2015-01-15,23.6168212890625,24.33315203933582,23.581447784827517,24.319887186095446,240056000,-0.027140253320345087,24.4493350982666,24.782899017333985,24.36880891436674,40.867902482630555,0.01852169506744517,23.433319091796875
2015-01-16,23.433319091796875,23.784852925871537,23.258657860459195,23.66325280064209,314053200,-0.007769978652910847,24.41152877807617,24.77343143463135,24.279714645550563,39.23640635163005,0.017646857126727596,24.036890029907227
2015-01-20,24.036890029907227,24.092162495323024,23.546070267129856,23.842329872103278,199599600,0.025756954691136258,24.368084621429443,24.774890632629393,24.256588491679768,46.76437484960788,0.017307517295031542,24.220396041870117
2015-01-21,24.220396041870117,24.554240532584878,23.93739959010379,24.087740769849525,194303600,0.007634349191370848,24.343432998657228,24.778649139404298,24.253141591697897,48.839644596991235,0.017363648612722906,24.850502014160156
2015-01-22,24.850502014160156,24.86597823776874,24.25798108820281,24.377369821804127,215185600,0.02601551069605823,24.337463569641113,24.79363899230957,24.310033060503827,55.285344321859355,0.01822714466933629,24.978734970092773
2015-01-23,24.978734970092773,25.14897343268383,24.658153637343272,24.828393786716223,185859200,0.005160175672086931,24.34232759475708,24.81198932647705,24.373718956655154,56.486855261148925,0.018244072570626633,25.005266189575195
2015-01-26,25.005266189575195,25.283839922916894,24.938940234729454,25.14676358405117,222460000,0.0010621522472691325,24.354376602172852,24.827023391723632,24.43386631217135,56.74582446348955,0.018205397022765604,24.129749298095703
2015-01-27,24.129749298095703,24.868190372275148,24.105429276423866,24.854923832502017,382274800,-0.03501330019212112,24.300762367248534,24.817693328857423,24.40490278702129,46.8391356667109,0.01938465925698686,25.49387550354004
2015-01-28,25.49387550354004,26.115139261615074,25.49387550354004,26.006803997515984,585908400,0.05653296221987647,24.316238689422608,24.828703651428224,24.508614474308786,58.88353369211268,0.023395213062578024,26.287588119506836
2015-01-29,26.287588119506836,26.35170438968202,25.549147013680603,25.717175801492044,337745600,0.03113346246068338,24.386766338348387,24.849574546813965,24.678040535756217,63.99503909358848,0.024116593658332245,25.902894973754883
2015-01-30,25.902894973754883,26.530789515977578,25.834355953826734,26.177045993120977,334982000,-0.014634022109715317,24.461716175079346,24.863591766357423,24.794693339375137,60.09552054106527,0.023924707994708846,26.22789192199707
2015-02-02,26.22789192199707,26.347280659906044,25.664113738672494,26.099661073234326,250956400,0.012546742307046221,24.564523029327393,24.87756465911865,24.931188442481986,62.19157602503874,0.023813367829242066,26.232318878173828
2015-02-03,26.232318878173828,26.329597294229444,26.00238516305495,26.199155053408013,207662800,0.0001687881050418394,24.701599216461183,24.89516342163086,25.055105626833587,62.220686266814575,0.02258747273297942,26.433502197265625
2015-02-04,26.433502197265625,26.643538568988248,26.157139881931943,26.19914749363281,280598800,0.00766929222026147,24.848623847961427,24.909534187316893,25.186381490684255,63.59257421321908,0.02255069020588367,26.622177124023438
2015-02-05,26.622177124023438,26.68654643853191,26.469022489729515,26.639932833229228,168984800,0.007137719601049586,24.988611030578614,24.926970977783203,25.323123931954655,64.88058286371724,0.022476677290127634,26.39798927307129
2015-02-06,26.39798927307129,26.690979584136734,26.291446572029862,26.639927485141328,174826400,-0.008421093808659408,25.071623516082763,24.930372924804686,25.42549205968005,62.070639330107134,0.021309752255361553,26.57334327697754
2015-02-09,26.57334327697754,26.599977685665074,26.287011529513478,26.31364763164002,155559200,0.006642703051824128,25.16207637786865,24.941836318969727,25.534811223232193,63.40565132544974,0.02131321410705057,27.08385467529297
2015-02-10,27.08385467529297,27.112710874686844,26.67100611784984,26.67322452285019,248034000,0.019211410208881174,25.3085657119751,24.957319450378417,25.682339171047506,67.04259891498864,0.020478561128661334,27.71867561340332
2015-02-11,27.71867561340332,27.727554316367186,27.19040548784902,27.250334616055827,294247200,0.02343909113828846,25.476072978973388,24.98580863952637,25.87627597508139,70.91375876977585,0.020844151561988662,28.069374084472656
2015-02-12,28.069374084472656,28.295776754872342,27.87182761931487,27.980588756736296,297898000,0.012652064476693647,25.665758228302003,25.038380012512206,26.085142461690083,72.81355852110566,0.020733410331892195,28.206993103027344
2015-02-13,28.206993103027344,28.251384922813383,27.889586680582962,28.251384922813383,217088800,0.00490281750282473,25.895266819000245,25.095649223327637,26.28722347515077,73.54381711417659,0.019089487123036857,28.373451232910156
2015-02-17,28.373451232910156,28.606512407569543,28.17146465574688,28.297983143677776,252609600,0.005901307143048484,26.142273426055908,25.150499114990236,26.485911833032617,74.43820696700845,0.018694620004874325,28.571008682250977
2015-02-18,28.571008682250977,28.584325888211506,28.289115404198853,28.329068715519657,179566800,0.006962757111185436,26.368979358673094,25.211245880126953,26.684492485339128,75.49695547434047,0.01831753624887155,28.511075973510742
2015-02-19,28.511075973510742,28.639814600703073,28.484441563359987,28.517734576048433,149449600,-0.002097675633603635,26.58351335525513,25.27296073913574,26.85845281754595,74.48898288807915,0.01847966382605313,28.74413299560547
2015-02-20,28.74413299560547,28.74413299560547,28.42228816839701,28.548804984884658,195793600,0.00817426260276033,26.778194904327393,25.35083335876465,27.03804140593257,75.83981833260883,0.01800651669008178,29.52100372314453
2015-02-23,29.52100372314453,29.52100372314453,28.7796500064065,28.859556618124714,283896400,0.02702710593698665,27.00530834197998,25.436637802124025,27.274514007571806,79.6987620397933,0.018516396813079556,29.336776733398438
2015-02-24,29.336776733398438,29.6541847994094,29.114814282465368,29.507688768942803,276912400,-0.006240539497702091,27.221883869171144,25.528353004455568,27.470919981460057,76.57523156033835,0.01874244652877687,28.5865421295166
2015-02-25,28.5865421295166,29.21025945210493,28.44448629856083,29.20137905755122,298846800,-0.02557317767727807,27.444723510742186,25.60652286529541,27.577169709846395,65.3439773471427,0.01768641505703099,28.94834327697754
2015-02-26,28.94834327697754,29.04822570539494,28.1026668564968,28.58654338774827,365150000,0.012656345276799597,27.617446899414062,25.70028579711914,27.70775766862079,67.79695928983764,0.013709366280186085,28.51329803466797
2015-02-27,28.51329803466797,28.98163894321465,28.46446602434532,28.855118720048274,248059200,-0.01502832953675659,27.72873239517212,25.791980476379393,27.78447579872052,62.10464485291678,0.013214196462939434,28.65312957763672
2015-03-02,28.65312957763672,28.917265414019177,28.477780746316142,28.688644379661472,192386800,0.004904081695450868,27.86624412536621,25.89301601409912,27.867204730045874,63.174877693988016,0.012452301462279596,28.71306037902832
2015-03-03,28.71306037902832,28.74857518104854,28.43116714166947,28.624276760855707,151265200,0.0020915970532717765,27.990502548217773,25.983488311767577,27.947762410901344,63.648728384964855,0.012343615526754788,28.531047821044922
2015-03-04,28.531047821044922,28.75745043653652,28.48221920483862,28.65534962054463,126665200,-0.006339016307587264,28.10543899536133,26.055993804931642,28.00331340234359,61.078216484724294,0.012550861550637034,28.05827522277832
2015-03-05,28.05827522277832,28.577666563390302,27.91399928590638,28.53993335182909,226068400,-0.016570460406220233,28.186677646636962,26.12289073944092,28.00854786143261,54.87855236672535,0.013351543932622646,28.100444793701172
2015-03-06,28.100444793701172,28.715280012385133,28.024978376338545,28.499976172884985,291368400,0.0015029281232732394,28.26059103012085,26.185501823425295,28.017299950220092,55.31424725112553,0.0133206432355025,28.220304489135742
2015-03-09,28.220304489135742,28.759674979569876,27.75862220746112,28.4023136222176,354114000,0.00426540207155135,28.351706790924073,26.25227882385254,28.03663371583111,56.59710013291838,0.013058158020437721,27.636545181274414
2015-03-10,27.636545181274414,28.238063218815654,27.478952044658584,28.058274175841376,275426400,-0.020685790547939176,28.404866886138915,26.309724006652832,27.99853004587333,49.190271045797935,0.014092526432765358,27.132688522338867
2015-03-11,27.132688522338867,27.69425323143729,27.103834014425015,27.68981472769633,275756000,-0.01823153565797153,28.40730857849121,26.34833709716797,27.916068948393857,43.85545298911628,0.014180601073131908,27.62322235107422
2015-03-12,27.62322235107422,27.72310645562932,26.997288397596602,27.148222910166183,193450800,0.018079071977385786,28.402535915374756,26.397114562988282,27.88817879626818,49.58768407494693,0.013762487439678332,27.432334899902344
2015-03-13,27.432334899902344,27.83408803493527,27.208154073139987,27.612125613115115,207309200,-0.00691039766272783,28.37068395614624,26.448220558166504,27.844765091852384,47.553044289904705,0.013502510485024242,27.734209060668945
2015-03-16,27.734209060668945,27.734209060668945,27.27252842487255,27.496709293114733,143497200,0.011004318876541408,28.34704475402832,26.514826774597168,27.83423594602539,50.97861199483559,0.013711644727845333,28.198104858398438
2015-03-17,28.198104858398438,28.260254062443913,27.889577243002098,27.945067845676817,204092400,0.016726483770087563,28.338277435302736,26.595353775024414,27.86889012815616,55.76052247172318,0.014193437759911174,28.515512466430664
2015-03-18,28.515512466430664,28.668667078657883,28.049391721515192,28.18922743695817,261083600,0.011256345404279555,28.33550262451172,26.695848121643067,27.930473207991827,58.72714268068125,0.014339423339104677,28.300209045410156
2015-03-19,28.300209045410156,28.688643287209903,28.27801314170938,28.57766207526712,183238000,-0.007550396342130283,28.32495927810669,26.791992111206056,27.965686144888814,55.98468772367469,0.014432948079031806,27.945072174072266
2015-03-20,27.945072174072266,28.499976593329478,27.780820438877107,28.46668358131895,274780400,-0.012548913358485847,28.28500623703003,26.874444885253908,27.96372290957295,51.696340426832656,0.014538147711329717,28.23584747314453
2015-03-23,28.23584747314453,28.37790332786566,28.08269281681357,28.215871662374074,150838800,0.010405244161153071,28.22074842453003,26.94440704345703,27.989639534675007,54.75240562000891,0.013251209435093239,28.120420455932617
2015-03-24,28.120420455932617,28.420067700654457,28.091564256583325,28.24028036988471,131369200,-0.004087960077050923,28.159930610656737,27.01152973175049,28.002094860509064,53.31052215596863,0.013224861093923655,27.385730743408203
2015-03-25,27.385730743408203,28.149282232419186,27.385730743408203,28.087133007674453,206620800,-0.02612655503056016,28.09989004135132,27.07616298675537,27.94339351602327,45.158781727346444,0.013277181881747965,27.57661247253418
2015-03-26,27.57661247253418,27.71866829557392,27.21259421431497,27.2481090167944,190291600,0.0069701163322772874,28.031303501129152,27.140324630737304,27.908461988071927,47.40884733061278,0.01300354248375324,27.356868743896484
2015-03-27,27.356868743896484,27.678713581155,27.281402332626065,27.649859075687882,158184800,-0.007968481584043619,27.973482036590575,27.201948623657227,27.855929298150457,45.114088316535366,0.01273411565453057,28.04939079284668
2015-03-30,28.04939079284668,28.056049394298906,27.523339263415995,27.534438061462257,188398800,0.025314375538856293,27.943295097351076,27.29060001373291,27.87435420240724,52.858415046342664,0.014064131853400056,27.618785858154297
2015-03-31,27.618785858154297,28.07602793240956,27.603248555439965,27.98724261971094,168362400,-0.01535166798710641,27.888581371307374,27.37430934906006,27.850014360097436,48.2953353736819,0.01440108839629696,27.57883071899414
2015-04-01,27.57883071899414,27.771938634270164,27.323573596991732,27.705349230812534,162485600,-0.0014466653011236952,27.840970516204834,27.445148162841797,27.824187346659027,47.88229057147286,0.014362185990508302,27.81633186340332
2015-04-02,27.81633186340332,27.86960237283021,27.565514925306033,27.751962555019634,128880400,0.008611719141725871,27.828873348236083,27.517066879272463,27.82343920539658,50.58753338137866,0.014081563670702457,28.26691246032715
2015-04-06,28.26691246032715,28.30242725863393,27.596586729955135,27.627661331754176,148776000,0.0161984189409472,27.83719673156738,27.5853950881958,27.8656747534852,55.32530369982225,0.014558055639868575,27.96949577331543
2015-04-07,27.96949577331543,28.43783510163955,27.962837169105256,28.331294047397687,140049200,-0.010521725265507653,27.824656295776368,27.645210304260253,27.87556246965951,51.795070260858516,0.01472573619713914,27.878480911254883
2015-04-08,27.878480911254883,28.056051532897612,27.738645189782524,27.933971518838366,149316800,-0.003254075897477615,27.83675308227539,27.702674598693847,27.875840416478116,50.728322389450334,0.013953980359560351,28.091562271118164
2015-04-09,28.091562271118164,28.096002467676044,27.66983504381536,27.933969162089646,129936000,0.0076432198921303485,27.884696769714356,27.781910858154298,27.896385355015266,53.16054339235263,0.013307633032526831,28.211423873901367
2015-04-10,28.211423873901367,28.23583987612223,27.80301382482314,27.956166746508018,160752000,0.0042668186847847345,27.914106845855713,27.83626182556152,27.92638902348061,54.520547491161,0.012766976505969982,28.155929565429688
2015-04-13,28.155929565429688,28.53770685055236,28.10265906460641,28.49331166189537,145460400,-0.0019670864086734907,27.95028657913208,27.87362865447998,27.948250027475762,53.74251205405098,0.012650411448527866,28.033855438232422
2015-04-14,28.033855438232422,28.2535977686083,27.947290226464986,28.189228461035782,102098400,-0.0043356454246550324,27.965268898010255,27.91624786376953,27.956402923738302,51.98508309018009,0.012500231683195825,28.140399932861328
2015-04-15,28.140399932861328,28.218086453862202,27.9694895866594,28.05827490784861,115881600,0.003800565172480841,27.962383651733397,27.954498023986815,27.973926448416687,53.416876924777,0.01194502347429481,28.005001068115234
2015-04-16,28.005001068115234,28.211426208146708,27.991683863416124,28.029417072356306,113476000,-0.004811547279681028,27.936858081817626,27.989951667785643,27.976885936007022,51.32237972262904,0.01168312432804725,27.689817428588867
2015-04-17,27.689817428588867,27.99834511857055,27.625448110712508,27.867388077450492,207828000,-0.011254548384403207,27.906338500976563,28.015077972412108,27.949546078157677,46.729108274305766,0.011823648417308083,28.322402954101562
2015-04-20,28.322402954101562,28.43782266127886,27.78303423431481,27.871819536302848,188217200,0.022845420600699606,27.925205039978028,28.04908248901367,27.985056256819,55.36373288691736,0.01262913717137785,28.16926383972168
2015-04-21,28.16926383972168,28.455593996367906,28.115991616375748,28.433399776799853,129740400,-0.005406995819812854,27.921875858306883,28.08450798034668,28.002599836143062,53.11904820116381,0.01248679247170812,28.548805236816406
2015-04-22,28.548805236816406,28.60429584154471,28.03829268937934,28.187007103625863,150618000,0.013473600135745611,27.943295097351076,28.124017219543457,28.054619398111953,57.696882385256245,0.012800977056256947,28.78187370300293
2015-04-23,28.78187370300293,28.948345559115147,28.442271387484293,28.47778619630576,183083600,0.008163860597779404,28.01310224533081,28.157977600097656,28.123881712863476,60.262951188914755,0.0111956323584996,28.91727066040039
2015-04-24,28.91727066040039,28.994958880564557,28.68420938678644,28.9638842698746,178103600,0.004704244025062643,28.080135154724122,28.181949501037597,28.199442565009846,61.71581658727453,0.011159940702510439,29.443317413330078
2015-04-27,29.443317413330078,29.5498618270703,29.110373740867793,29.367850993756058,387816800,0.01819143857342187,28.1844575881958,28.209428367614745,28.317906836278443,66.79540050583417,0.011406708921318141,28.979408264160156
2015-04-28,28.979408264160156,29.862817602661448,28.759667671972956,29.845063592423386,475696000,-0.015756008151441958,28.230958461761475,28.224876670837403,28.38090697226718,59.32047837366453,0.011008873712715916,28.553251266479492
2015-04-29,28.553251266479492,29.20803985866045,28.477784841483107,28.890635160475313,253544400,-0.014705510678342804,28.277681732177733,28.22847267150879,28.397320714573112,53.40777649777637,0.010957056330190328,27.778600692749023
2015-04-30,27.778600692749023,28.553249161739682,27.652082165186428,28.553249161739682,332781600,-0.027130030359795887,28.28767023086548,28.21262451171875,28.338394998208912,44.68820481526103,0.012712407423692075,28.622060775756836
2015-05-01,28.622060775756836,28.883978260196198,27.811899088213334,27.989468054022616,234050400,0.03036366346660424,28.327956676483154,28.214844207763672,28.36541078654681,53.57570019159865,0.014282096735849955,28.566572189331055
2015-05-04,28.566572189331055,28.981644354574506,28.468908150450243,28.74414286121627,203953200,-0.0019386649640819043,28.34293966293335,28.211292991638185,28.384569015383406,52.9726724009008,0.013871292137056557,27.922870635986328
2015-05-05,27.922870635986328,28.511069642048692,27.918430439654504,28.44448024458113,197085600,-0.02253338444243358,28.340608406066895,28.17933032989502,28.34059774115511,46.44215732855374,0.014618903577065405,27.747528076171875
2015-05-06,27.747528076171875,28.133742289053895,27.38128967218274,28.091568879027747,288564000,-0.006279532004437871,28.334060764312746,28.147545356750488,28.28411491591861,44.821218301297286,0.01467010754428129,27.919147491455078
2015-05-07,27.919147491455078,28.10191686741155,27.642763205462412,27.80993037983159,175763600,0.006185034386201105,28.32544002532959,28.134197463989256,28.24935611358875,46.7791600933672,0.014633001286722921,28.445171356201172
2015-05-08,28.445171356201172,28.445171356201172,28.108607584152075,28.235654588095912,222201600,0.018840971591524758,28.33712739944458,28.12413402557373,28.268005184313743,52.35912090569373,0.015218646472436769,28.155414581298828
2015-05-11,28.155414581298828,28.431797212859163,28.00162021107372,28.393906388474424,168143200,-0.010186501296613804,28.337101650238036,28.11697635650635,28.257282269740895,49.29327759131902,0.015399322285383803,28.055112838745117
2015-05-12,28.055112838745117,28.280230096530865,27.821078092933593,27.994931698159256,192640000,-0.003562431739873362,28.33816452026367,28.105016021728517,28.23802803821749,48.240280916134864,0.01538853666983106,28.086320877075195
2015-05-13,28.086320877075195,28.349330690934128,28.0551164669998,28.117525287150592,138776800,0.0011123832760699948,28.335460567474364,28.092481231689455,28.22357973715632,48.60813565289221,0.01536669908524337,28.741615295410156
2015-05-14,28.741615295410156,28.741615295410156,28.34264437932672,28.398366783312017,180814000,0.023331443844246236,28.37229127883911,28.096692581176757,28.27291645699002,55.72371544951248,0.016168991536440927,28.701496124267578
2015-05-15,28.701496124267578,28.861976916065597,28.576678486430353,28.76836368768768,152832000,-0.0013958565212924823,28.422875213623048,28.109556999206543,28.31373356815931,55.2196237685284,0.015910369033844567,29.01799774169922
2015-05-18,29.01799774169922,29.136128958323642,28.610109363136893,28.614568107450665,203531600,0.011027356067478067,28.45765495300293,28.127908058166504,28.380806346591683,58.415634363904594,0.015299890726623008,28.991254806518555
2015-05-19,28.991254806518555,29.171794856426565,28.895410500391332,29.129445284023305,178532800,-0.0009215982239269005,28.498754501342773,28.14332706451416,28.438944295156144,58.03870841848065,0.015228726970382168,28.98902130126953
2015-05-20,28.98902130126953,29.19407932846709,28.828540514588756,28.97564846921704,145819600,-7.704065463631782e-05,28.52076530456543,28.170376586914063,28.49133258145266,58.00504522645606,0.014969515288644824,29.285463333129883
2015-05-21,29.285463333129883,29.33895805953567,28.937756114055425,28.991250840461213,158921600,0.010226010349903447,28.54594478607178,28.213432083129884,28.566964081612397,61.220054547460094,0.015029368264338469,29.541778564453125
2015-05-22,29.541778564453125,29.637622836578668,29.287684621201585,29.332265250669018,182384000,0.008752302410502732,28.577170181274415,28.25180320739746,28.659803556168658,63.800568353718965,0.015109282186612274,28.89095115661621
2015-05-26,28.89095115661621,29.624259903389834,28.77950634777134,29.55516466607012,282790400,-0.022030745590248202,28.54955186843872,28.280975532531738,28.681817613354138,53.97863479311055,0.015399506409990191,29.430334091186523
2015-05-27,29.430334091186523,29.479370063278186,28.986786072299996,29.05142254404379,183332800,0.01866961498243347,28.572098159790038,28.31489803314209,28.753104896957225,59.53811971465099,0.015566856228028211,29.372398376464844
2015-05-28,29.372398376464844,29.41028920957901,29.220835044008183,29.39022995693496,122933200,-0.001968571425053245,28.613055515289307,28.338383903503416,28.812085228338905,58.71762201375993,0.015150334596432113,29.03805160522461
2015-05-29,29.03805160522461,29.298831982306186,28.953352484095202,29.24979600702335,203538000,-0.011383025892367615,28.676028060913087,28.348834686279297,28.833605835661356,54.08531765615312,0.013943971755780465,29.09600830078125
2015-06-01,29.09600830078125,29.285465830393612,28.98679456813284,29.038058226335675,128451200,0.001995887890295478,28.699725437164307,28.36475067138672,28.858596546625158,54.75169785047613,0.012284341486375316,28.966732025146484
2015-06-02,28.966732025146484,29.122754054775914,28.824082826481696,28.944441706188638,134670400,-0.004443093165851675,28.719733428955077,28.385183868408202,28.86889516362719,52.90717118658309,0.012327416470117635,29.002389907836914
2015-06-03,29.002389907836914,29.185160988660087,28.953353930105084,29.12275218082411,123934000,0.0012309943234007914,28.77370939254761,28.40051471710205,28.88160894879002,53.3737651296368,0.01104146049197582,28.832992553710938
2015-06-04,28.832992553710938,29.104918078958935,28.73269293561692,28.882028527183504,153800400,-0.00584080672883458,28.82798261642456,28.414766159057617,28.876978815925344,50.798787736269574,0.01102466032856197,28.67475128173828
2015-06-05,28.67475128173828,28.906558415600355,28.610114781561506,28.86420883916251,142507200,-0.005488201464966869,28.865762805938722,28.440546569824217,28.857719050764672,48.44745353371288,0.011098966508224957,28.485294342041016
2015-06-08,28.485294342041016,28.799569524978804,28.269091136844867,28.730470885369396,210699200,-0.006607099668826888,28.867768955230712,28.458720207214355,28.82225003088623,45.7189015266828,0.010432282367684774,28.40058708190918
2015-06-09,28.40058708190918,28.54769500648522,27.999386897679972,28.240106328012548,224301600,-0.0029737189693286314,28.88002758026123,28.47959457397461,28.78209165479318,44.51183399034783,0.010178755279689295,28.726011276245117
2015-06-10,28.726011276245117,28.82853858245965,28.496433571483404,28.512035774669872,156349200,0.011458361526027305,28.91357250213623,28.49312698364258,28.77675066636003,49.97604763966478,0.010415967654007114,28.661375045776367
2015-06-11,28.661375045776367,29.015768720708497,28.63685705185508,28.792879103615235,141563600,-0.0022500941689109766,28.94232521057129,28.51397876739502,28.765762512018732,48.94507494132478,0.010445125413267774,28.344871520996094
2015-06-12,28.344871520996094,28.603424286898427,28.33149868845383,28.572219877291285,147544800,-0.011042859048973397,28.922488021850587,28.52929958343506,28.725677655730863,44.14294632082548,0.009360274414929462,28.28914451599121
2015-06-15,28.28914451599121,28.360469112134883,28.019448333681943,28.106375132091024,175955600,-0.0019660348420914575,28.901870441436767,28.538755836486818,28.68410307099375,43.33672785273985,0.009363523432439158,28.440710067749023
2015-06-16,28.440710067749023,28.496432462748732,28.16655683663748,28.31366307517019,125976400,0.005357728356618852,28.873006057739257,28.542231788635252,28.66092278497044,46.21399507413929,0.009071651175095594,28.373838424682617
2015-06-17,28.373838424682617,28.503113062315318,28.249019129002765,28.46745162105836,131672400,-0.002351264891316318,28.84213523864746,28.5503186416626,28.63358141732398,45.1252545568413,0.009076921604878328,28.50311851501465
2015-06-18,28.50311851501465,28.598961101213874,28.35601227835567,28.358241650270774,141628800,0.004556313051376604,28.817840099334717,28.562811393737793,28.62115637900881,47.6909327547267,0.009161435119306142,28.217823028564453
2015-06-19,28.217823028564453,28.489748612730004,28.17324578875584,28.465230620681456,218867600,-0.010009272715191142,28.764458084106444,28.565336608886717,28.58274367896649,42.9216407067296,0.008994944551759941,28.442935943603516
2015-06-22,28.442935943603516,28.543235562069555,28.32480475280634,28.416188585106813,136157200,0.007977685408657731,28.709515953063963,28.56996685028076,28.56942865655097,47.39216751561593,0.008948589204795115,28.31366729736328
2015-06-23,28.31366729736328,28.44294368116358,28.280233515275235,28.41396864362743,121075600,-0.00454484187203974,28.68065176010132,28.573121604919432,28.545070431866428,45.202745366603736,0.007630854155970528,28.554386138916016
2015-06-24,28.554386138916016,28.93107009846418,28.333725916106733,28.353785163401824,221123600,0.008501860215583967,28.636854362487792,28.583532218933104,28.54595764206163,49.849010698873414,0.006509002821144367,28.418418884277344
2015-06-25,28.418418884277344,28.797330455862753,28.418418884277344,28.721548821750627,127752400,-0.00476169419217054,28.589155387878417,28.589092597961425,28.53381109370122,47.404062319320985,0.006549660056840617,28.251253128051758
2015-06-26,28.251253128051758,28.527635719985458,28.197760107148053,28.45631112527636,176267200,-0.005882303195906213,28.549815464019776,28.594017639160157,28.506900811258415,44.513373569128824,0.00622601210245305,27.756437301635742
2015-06-29,27.756437301635742,28.188843602589348,27.745293843675427,27.963724665436832,196645600,-0.017514827543161027,28.4828369140625,28.595350036621095,28.435428096056256,37.26880974754537,0.007135580661788533,27.957042694091797
2015-06-30,27.957042694091797,28.11083706279536,27.82999568966663,27.988247102160244,177482800,0.007227346589046224,28.432352447509764,28.5880428314209,28.38986758158345,41.43056442574379,0.0074249703091210295,28.217823028564453
2015-07-01,28.217823028564453,28.29360637685433,28.081860236481678,28.284690588790067,120955200,0.009327894131226033,28.393124103546143,28.589014015197755,28.37348238605783,46.40804387989518,0.007806766143461394,28.182165145874023
2015-07-02,28.182165145874023,28.23788755294795,28.032827802526082,28.17993577344745,108844000,-0.0012636652605814147,28.360582733154295,28.581681213378907,28.355261696516518,45.83446128328745,0.0077346766410936975,28.084087371826172
2015-07-06,28.084087371826172,28.135352723984397,27.827764012060165,27.847824958735146,112241600,-0.0034801362329753838,28.331049537658693,28.56772548675537,28.329435570355532,44.21571391153782,0.0076877766633279675,28.014989852905273
2015-07-07,28.014989852905273,28.11751884831885,27.58704059748947,28.05956708551555,187787200,-0.0024603797163164076,28.307534313201906,28.54967987060547,28.299488359169793,43.06184592563465,0.007584157477177292,27.319580078125
2015-07-08,27.319580078125,27.780961513755635,27.312893661748337,27.745300059575833,243046400,-0.024822774465797504,28.253483963012695,28.507205123901368,28.20616376097505,33.567560502804355,0.0092939251684869,26.762348175048828
2015-07-09,26.762348175048828,27.6516770025603,26.572892397831318,27.60487040116626,314380000,-0.020396796051867283,28.15530080795288,28.46286392211914,28.06865751469636,28.20185137723496,0.009608914855893214,27.477827072143555
2015-07-10,27.477827072143555,27.604874064361603,27.016445710876685,27.179155852039294,245418000,0.02673453362219491,28.09612340927124,28.44135543823242,28.012387948738947,41.198742935811616,0.01175241928919857,28.00830841064453
2015-07-13,28.00830841064453,28.03059703090678,27.709635457489693,27.867886872018197,165762000,0.019305796528531483,28.079295253753664,28.44594959259033,28.011999421301383,48.62449311861134,0.012466477731769884,27.997159957885742
2015-07-14,27.997159957885742,28.166556512881268,27.87011296676723,28.093002544204097,127072400,-0.00039804091683570686,28.064696025848388,28.433451576232912,28.01058613907132,48.48591378154994,0.012461856257967172,28.266855239868164
2015-07-15,28.266855239868164,28.340409206196515,27.990472648815775,28.021677052619474,134596800,0.009632951427505754,28.056003284454345,28.42745723724365,28.03499272009959,52.04639033889029,0.01260250097805601,28.643543243408203
2015-07-16,28.643543243408203,28.656919477190332,28.384992173876547,28.471918987819443,144889600,0.013326137638712376,28.069488525390625,28.44187068939209,28.09294991279565,56.56227014137866,0.012946553150246698,28.89095115661621
2015-07-17,28.89095115661621,28.89095115661621,28.598966301606755,28.77059225951504,184658800,0.00863747585644603,28.088880157470705,28.464739151000977,28.16895003125475,59.27495371100805,0.01304476642502052,29.437034606933594
2015-07-20,29.437034606933594,29.6376339103909,29.131673505904224,29.191854657351737,235600800,0.018901539355942187,28.14984073638916,28.495096893310546,28.28971999084321,64.53893042668759,0.013386327349134844,29.142810821533203
2015-07-21,29.142810821533203,29.626480772742738,29.04696994042469,29.610880271619788,307025600,-0.009995021214911692,28.184834480285645,28.50904968261719,28.37096673662321,60.0362668482889,0.013580080735125418,27.910232543945312
2015-07-22,27.910232543945312,27.97264135217095,27.190298476456775,27.190298476456775,461802400,-0.04229441988749949,28.164662742614745,28.50414604187012,28.327087289701502,45.66355121411871,0.016700608762642826,27.8968563079834
2015-07-23,27.8968563079834,28.32703149795129,27.874565993041987,28.128659938661126,203998000,-0.0004792592086380054,28.131786251068114,28.50098091125488,28.286112910490253,45.53614649216979,0.016563635400547554,27.749755859375
2015-07-24,27.749755859375,28.0261384937987,27.616022436299836,27.93252526769736,168649200,-0.005273011660683169,28.098353099822997,28.49424961090088,28.235031286574515,44.07961982419717,0.016570087229360906,27.36415672302246
2015-07-27,27.36415672302246,27.551384880041798,27.219279836659762,27.435481330336312,177822000,-0.013895586624495193,28.053998279571534,28.466700439453124,28.152090851950508,40.42903627183097,0.016788312885087035,27.500118255615234
2015-07-28,27.500118255615234,27.618251172130954,27.315121179871685,27.500118255615234,134472400,0.004968599396976359,28.04118232727051,28.44267288208008,28.089998223728102,42.24529009562234,0.016404991699192212,27.413190841674805
2015-07-29,27.413190841674805,27.526865011387642,27.252710061024363,27.448853993158306,148046800,-0.0031609832776875457,28.01398973464966,28.41057674407959,28.025540377818263,41.37668377075868,0.016317178279292216,27.275001525878906
2015-07-30,27.275001525878906,27.31957876659184,27.12789357060331,27.26385636544431,134513200,-0.005040978870136326,27.96684865951538,28.376251678466797,27.95406048715737,39.96973479530245,0.016160844552467142,27.03650665283203
2015-07-31,27.03650665283203,27.335177872887087,26.94957985293466,27.326262085652413,171540000,-0.008744082848926249,27.909565734863282,28.337201385498048,27.866674407697815,37.593832723532074,0.016239685663973654,26.3990421295166
2015-08-03,26.3990421295166,27.31957547332252,26.19398242562316,27.08108369318085,279904000,-0.023577917498770362,27.8253134727478,28.279472961425782,27.72689990501389,32.10120396276817,0.016946015901061325,25.552064895629883
2015-08-04,25.552064895629883,26.23410656183663,25.242248472058005,26.17169774277363,496554400,-0.03208363507021794,27.702167224884032,28.199678688049318,27.51977276126303,26.55061965403449,0.01815248033439098,25.721458435058594
2015-08-05,25.721458435058594,26.17615339227184,24.985922124755167,25.175377931799204,397250400,0.006629348356800735,27.622261142730714,28.136288833618163,27.34850473019594,29.187773236702938,0.017648460368905324,25.777429580688477
2015-08-06,25.777429580688477,26.084171091744317,25.551293361649588,25.96550517897526,211612000,0.002176048678234954,27.573015213012695,28.0632307434082,27.198878525480946,30.08106662229403,0.01718360354197817,25.864749908447266
2015-08-07,25.864749908447266,26.028196539403755,25.636374225907357,25.654286513066097,154681600,0.003387472264659186,27.49236135482788,27.99307777404785,27.071818657192026,31.532202463934823,0.01589253671972046,26.805124282836914
2015-08-10,26.805124282836914,26.86557611627786,26.09088763872919,26.09088763872919,219806400,0.03635737355738078,27.4322021484375,27.9484192276001,27.04641919296773,44.81536682720983,0.017520438679232173,25.410234451293945
2015-08-11,25.410234451293945,26.460318721771483,25.374411587789787,26.377475680840618,388331200,-0.052038178104479194,27.30285587310791,27.87470375061035,26.890592074713084,34.21249071123748,0.020768758974569864,25.802061080932617
2015-08-12,25.802061080932617,25.84236287679192,24.545990436229246,25.195296388091382,404870000,0.015420032050067034,27.179616165161132,27.811410331726073,26.786922456257802,38.60647051626045,0.021016739596477714,25.781911849975586
2015-08-13,25.781911849975586,26.06178496665311,25.645333632380158,25.981181372393188,194143200,-0.0007809155591806949,27.036534595489503,27.747000770568846,26.691207160421403,38.46419816614884,0.02062575969369515,25.96326446533203
2015-08-14,25.96326446533203,26.04162858242252,25.526663164249566,25.59607113821405,171718000,0.0070341026845384125,26.890150260925292,27.68960620880127,26.621879284698604,40.58644538868794,0.02057283026912623,26.231952667236328
2015-08-17,26.231952667236328,26.341662468940665,25.860280286468257,25.981185697987623,163538800,0.0103487834614584,26.72989616394043,27.64075023651123,26.584743416368863,43.68528742773197,0.020131280272720785,26.084178924560547
2015-08-18,26.084178924560547,26.294644090836634,25.974469122404177,26.068506095681066,138242800,-0.005633348937090443,26.576964569091796,27.592727928161622,26.537070607625214,42.37619818815498,0.0201042237068141,25.750566482543945
2015-08-19,25.750566482543945,26.0886519813208,25.67667956895299,25.99461502304684,193146000,-0.012789838736402603,26.46898126602173,27.539727516174317,26.46216545285557,39.498505774481785,0.01824599296669096,25.222166061401367
2015-08-20,25.222166061401367,25.602792823510995,24.99378863756761,25.542340980854984,274006400,-0.02051995327950462,26.335246753692626,27.46965061187744,26.344070272717072,35.39825995629454,0.01859753837329221,23.67950439453125
2015-08-21,23.67950439453125,25.054240964055126,23.654875424376108,24.72510991580904,513102000,-0.061162933552757925,26.13173418045044,27.37001319885254,26.090302093842233,26.687903885279837,0.022460576746985608,23.088411331176758
2015-08-24,23.088411331176758,24.360154736085217,20.5986596770011,21.24124891448916,648825200,-0.0249622227520524,25.917946910858156,27.264883995056152,25.804407735493143,24.22788029362205,0.022756765182113607,23.227224349975586
2015-08-25,23.227224349975586,24.8773565148094,23.173489201141187,24.8773565148094,414406400,0.00601223777624682,25.70430221557617,27.16364559173584,25.558961698777185,25.95405639139186,0.022789743978774046,24.55942726135254
2015-08-26,24.55942726135254,24.604206278523865,23.5205383474457,23.977289788865253,387098400,0.057355235016634865,25.56161403656006,27.08601993560791,25.463767942831982,40.06565692868363,0.02709806295489555,25.282615661621094
2015-08-27,25.282615661621094,25.354263106070857,24.6333097354271,25.128126873775873,338464400,0.029446468460874398,25.46199474334717,27.02419548034668,25.44651534462142,46.0738038702391,0.028179776680930736,25.36546516418457
2015-08-28,25.36546516418457,25.369942383259534,24.97364272903055,25.11469819073031,212657600,0.0032769355699711067,25.378442668914794,26.96144241333008,25.438796279817915,46.73259759256334,0.02818813191695436,25.246789932250977
2015-08-31,25.246789932250977,25.64308944077971,25.07662663038893,25.0833433106371,224917200,-0.0046786144533694785,25.320830059051513,26.902021751403808,25.42050996100202,45.8681947618705,0.027768773883230447,24.11834144592285
2015-09-01,24.11834144592285,25.049758115006753,24.03773786680285,24.662414750878053,307383600,-0.044696711516841736,25.249143886566163,26.815529861450194,25.29649391194686,38.563825780380434,0.02862143606116756,25.152753829956055
2015-09-02,25.152753829956055,25.152753829956055,24.434039931094258,24.68032961985265,247555200,0.04288903473534944,25.220708656311036,26.75231159210205,25.282804380328688,46.9098836071818,0.030327136717046597,24.71167755126953
2015-09-03,24.71167755126953,25.251272036892868,24.637790637820085,25.18634126824426,212935600,-0.01753590408701955,25.167421054840087,26.675457420349122,25.22841134898972,44.155366977715865,0.030548999876473994,24.465383529663086
2015-09-04,24.465383529663086,24.729583776008354,24.295221933054687,24.398215017804926,199985200,-0.009966705865899095,25.09745273590088,26.596396713256837,25.155742032863373,42.64938870646444,0.030578715865996295,25.146038055419922
2015-09-08,25.146038055419922,25.202012676117203,24.700480552968315,25.020655451685165,219374400,0.027821126324530043,25.01449842453003,26.5342924118042,25.154817844535422,47.93437475368918,0.030065553064327226,24.662418365478516
2015-09-09,24.662418365478516,25.52890440569898,24.577335848265434,25.470692029743567,340043200,-0.019232440867048117,24.97710762023926,26.472412033081056,25.107922656053812,44.77702325417747,0.028063721726022724,25.204254150390625
2015-09-10,25.204254150390625,25.363221880870384,24.606445563612514,24.68928691560042,251571200,0.02197009948020945,24.94721727371216,26.417356262207033,25.11709708408589,48.84269157950264,0.0283040659804431,25.571449279785156
2015-09-11,25.571449279785156,25.571449279785156,25.022898599461048,25.02961528162018,199662000,0.014568775858373906,24.936694145202637,26.364428787231446,25.160368721771533,51.45127011729396,0.028511680593710814,25.817729949951172
2015-09-14,25.817729949951172,26.17148991403295,25.716976329848844,26.102081940549553,233453600,0.00963107986064382,24.929417419433594,26.31714008331299,25.222974553026738,53.17585350444438,0.028551396821830107,26.034921646118164
2015-09-15,26.034921646118164,26.09089628044787,25.61847023004835,25.956557499698636,173364800,0.008412501664090133,24.919565868377685,26.276156768798828,25.300302847606872,54.70399578458579,0.028518104067610153,26.064029693603516
2015-09-16,26.064029693603516,26.093135888660495,25.846847837887562,26.028205107493125,148694000,0.0011180386052627167,24.918558406829835,26.237137565612795,25.37303873770179,54.91635323449274,0.02848772679280341,25.50651741027832
2015-09-17,25.50651741027832,26.08193650274731,25.461738392332965,25.896102040885058,256450400,-0.02139010313750589,24.906355953216554,26.200876312255858,25.38575099223289,50.074106990291085,0.028760079982648748,25.401287078857422
2015-09-18,25.401287078857422,25.591602192431484,25.047528706192068,25.12365338505354,297141200,-0.004125625216812034,24.915312004089355,26.17365509033203,25.387230619530463,49.19241976518541,0.028378003650314166,25.795347213745117
2015-09-21,25.795347213745117,25.83117179539932,25.448305547072934,25.450543302268766,200888000,0.01551339243812122,25.02110414505005,26.14000549316406,25.426098866598526,52.56097256488871,0.02448803039775577,25.390090942382812
2015-09-22,25.390090942382812,25.564731503889117,25.193059163690542,25.385612015661604,201384800,-0.015710440646690027,25.136188125610353,26.087641143798827,25.422669540482744,48.96549238249035,0.023982942110477596,25.5960750579834
2015-09-23,25.5960750579834,25.685634794748932,25.367699352030687,25.4415845547681,143026800,0.008112775809587358,25.254630661010744,26.03961944580078,25.439184351673283,50.80745768421209,0.023992049529441783,25.748323440551758
2015-09-24,25.748323440551758,25.860272672901985,25.159471093345076,25.35650112732597,200878000,0.005948114397362314,25.314075469970703,25.989248809814452,25.46862616966171,52.181244748038694,0.020620288519644595,25.683391571044922
2015-09-25,25.683391571044922,26.126711263608605,25.528901090449907,26.070736649852112,224607600,-0.002521790191767348,25.334114265441894,25.930045776367187,25.489080017412494,51.52041526247993,0.019643028504361296,25.175148010253906
2015-09-28,25.175148010253906,25.65205120264022,25.175148010253906,25.49084400853499,208436000,-0.019788802401159544,25.324598407745363,25.855729713439942,25.45918173101644,46.55102724858081,0.020170504106179866,24.418367385864258
2015-09-29,24.418367385864258,25.4147166346998,24.149689896408503,25.26246560181892,293461600,-0.03006062264584941,25.283177280426024,25.755356369018553,25.36005655528766,40.315435028420914,0.021238469774237913,24.696001052856445
2015-09-30,24.696001052856445,24.973634667561083,24.34448053568865,24.666893159529305,265892000,0.011369870172110996,25.312060260772704,25.66642017364502,25.296813174103736,43.31529600670157,0.018789029777429175,24.53479766845703
2015-10-01,24.53479766845703,24.543753813306612,24.02654712455552,24.420608956887314,255716400,-0.006527509618030614,25.281162452697753,25.598911476135253,25.22424026880405,41.99543590981372,0.016095275105643354,24.71391487121582
2015-10-02,24.71391487121582,24.854972014083216,24.080283438653904,24.18327653973538,232079200,0.00730053718719148,25.28127431869507,25.5352526473999,25.175637849986124,44.0359680271671,0.01571567496598146,24.80347442626953
2015-10-05,24.80347442626953,24.93557542351823,24.420608213703833,24.60196544381129,208258800,0.0036238514019493184,25.29817886352539,25.47632701873779,25.14019371439407,45.0763668155272,0.015549427271979173,24.922136306762695
2015-10-06,24.922136306762695,25.01841271007408,24.577332483466336,24.769885290089103,192787200,0.0047840830060279504,25.28698377609253,25.427486610412597,25.1194263422387,46.495633634658574,0.01424075155034364,24.80347442626953
2015-10-07,24.80347442626953,25.025133452868637,24.496734588503575,25.018416771488347,187062400,-0.004761304529939725,25.29403657913208,25.373553733825684,25.08933568357497,45.23676330292498,0.013583328663874268,24.516883850097656
2015-10-08,24.516883850097656,24.671374349752824,24.228054602494883,24.671374349752824,247918400,-0.011554452866020415,25.25966806411743,25.31562759399414,25.034816461339034,42.26070824565732,0.012825319086282101,25.10349464416504
2015-10-09,25.10349464416504,25.139317507632345,24.514640631745525,24.62882931870366,211064400,0.02392680887400167,25.236270332336424,25.272197456359862,25.041357240655795,49.57346890063997,0.013583148449850153,24.987071990966797
2015-10-12,24.987071990966797,25.244555604853414,24.951249119619337,25.240078386513723,121868800,-0.004637707014441661,25.194737434387207,25.23120876312256,25.03618721687589,48.266902570577805,0.013377669782305633,25.029611587524414
2015-10-13,25.029611587524414,25.17738369784618,24.78108413505567,24.812429785978768,132197200,0.0017024642412282187,25.14447193145752,25.203820152282717,25.035560966461468,48.79792186148228,0.013197639333135,24.67584991455078
2015-10-14,24.67584991455078,24.969156360543135,24.53031556893734,24.917660669581448,177849600,-0.014133726036322458,25.075062942504882,25.186295852661132,25.001302771041402,44.68972198481936,0.013453215498726013,25.04528045654297
2015-10-15,25.04528045654297,25.099015605606812,24.738538968726402,24.837054832184776,150694000,0.01497134012694512,25.052001094818117,25.17277229309082,25.00549112204155,49.47355168261385,0.01324217687889053,24.8616886138916
2015-10-16,24.8616886138916,25.07663095999206,24.747499905328574,25.027373018721345,156930400,-0.007330396757581736,25.025021171569826,25.15445747375488,24.991795645074887,47.284799038429725,0.013303423031487757,25.01618003845215
2015-10-19,25.01618003845215,25.020657256818605,24.65346385520979,24.80795436610727,119036800,0.0062140358589408695,24.986062812805176,25.137486076354982,24.994117968253672,49.3167972696634,0.012851125531471115,25.47292709350586
2015-10-20,25.47292709350586,25.562486819326818,24.812427318469453,24.92885376628992,195871200,0.018258065554039415,24.99020462036133,25.110842132568358,25.03971883732531,54.857094086397176,0.013109818267048922,25.470693588256836
2015-10-21,25.470693588256836,25.878188785928117,25.457258516805933,25.524428749430527,167180800,-8.768153109472987e-05,24.983935546875,25.112051315307617,25.08076405169974,54.825533304681905,0.012978367002203204,25.860273361206055
2015-10-22,25.860273361206055,25.860273361206055,25.546815160640392,25.598312560504443,166616400,0.015295216504384257,24.989533042907716,25.113215560913087,25.155003033557485,59.23143208432796,0.013372411524371087,26.661832809448242
2015-10-23,26.661832809448242,26.695417924855107,26.046111957092148,26.128953305791157,237467600,0.03099578403701786,25.038455104827882,25.130813980102538,25.298510631261365,66.47612134123474,0.01500098587662558,25.81101417541504
2015-10-26,25.81101417541504,26.449124444276887,25.730410593220945,26.437930546211405,265335200,-0.031911483359527204,25.070248413085938,25.1277689743042,25.347320492609335,55.25251779065871,0.016129275796296437,25.647571563720703
2015-10-27,25.647571563720703,26.093129060560045,25.522187253355433,25.837884930052294,279537600,-0.006332281660207495,25.13170862197876,25.116081352233888,25.37591583271518,53.3877645681532,0.014484326205088735,26.704374313354492
2015-10-28,26.704374313354492,26.711092703494916,25.985660307234276,26.180452624265197,342205600,0.04120478802479188,25.232127285003664,25.128485260009764,25.502435688014163,62.25754325626673,0.016792104989328132,26.986480712890625
2015-10-29,26.986480712890625,27.022305285903467,26.480469722447047,26.57674612715698,204909200,0.010564052024804704,25.35471143722534,25.153203544616698,25.64377330943097,64.21510849396182,0.016659853038728325,26.755870819091797
2015-10-30,26.755870819091797,27.140976513399856,26.74467521077889,27.089479106654476,197461200,-0.008545385975010533,25.45680923461914,25.183877639770508,25.749687357970096,61.411079556336105,0.01691475577385304,27.132015228271484
2015-11-02,27.132015228271484,27.17231701906884,26.78049471728719,27.04693442912581,128813200,0.014058387847772469,25.57323627471924,25.25292785644531,25.88133763133213,64.16007324456677,0.01705920391465075,27.443239212036133
2015-11-03,27.443239212036133,27.64922542308177,27.024548400015334,27.04470015338393,182076000,0.011470728626171267,25.69929141998291,25.3400244140625,26.030090162827747,66.29928306430423,0.017127685640029547,27.315614700317383
2015-11-04,27.315614700317383,27.72310986768225,27.230533892435876,27.5686193690615,179544400,-0.004650490080003955,25.824898433685302,25.421792221069335,26.15252107116009,64.59657007911525,0.017124390089358694,27.189695358276367
2015-11-05,27.189695358276367,27.58769302350806,27.023301736159723,27.39881233945184,158210800,-0.0046097934614501845,25.95853900909424,25.474397583007814,26.251299574694976,62.880666854929494,0.016839645035896446,27.221176147460938
2015-11-06,27.221176147460938,27.389818824830183,27.12224027662596,27.232419678827696,132169200,0.0011578205923143958,26.064423084259033,25.51316879272461,26.343668772101257,63.14425530185355,0.01627581359886182,27.110994338989258
2015-11-09,27.110994338989258,27.389816393813046,26.994069514554077,27.198688386196107,135485600,-0.0040476505451053635,26.170619201660156,25.548079376220702,26.416747397519163,61.49822525958925,0.01625951018091347,26.256540298461914
2015-11-10,26.256540298461914,26.5488549640257,26.09689210021531,26.28577279433153,236511600,-0.03151688314502443,26.231965637207033,25.56827438354492,26.40148957856133,50.50340640958789,0.01811970928617761,26.10813331604004
2015-11-11,26.10813331604004,26.402695289372794,25.9057617744091,26.166596587071624,180872000,-0.0056521910630612515,26.303579807281494,25.608070220947265,26.373550886892634,48.8691849778157,0.01780518123171901,26.02044677734375
2015-11-12,26.02044677734375,26.267789081604864,26.00470685931411,26.14186973736773,130102400,-0.003358590889468771,26.352338123321534,25.62542407989502,26.339921924078453,47.88327479873595,0.01762605568024654,25.260417938232422
2015-11-13,25.260417938232422,25.986706325252037,25.2446780272083,25.90350867239789,183249600,-0.029208908118099397,26.372274589538574,25.63639888763428,26.237112020664547,40.295114796737295,0.018874179160917052,25.674163818359375
2015-11-16,25.674163818359375,25.687654684920247,24.959118726755754,25.044563740844946,152426800,0.016379217522792366,26.405173778533936,25.660574493408202,26.183497906159293,45.37049086111266,0.01915771085772143,25.563974380493164
2015-11-17,25.563974380493164,25.869779816449597,25.48077673310803,25.84054732966809,110467600,-0.004291841348594061,26.4097261428833,25.66893321990967,26.124495665619662,44.29064605586918,0.018777668724096128,26.37346076965332
2015-11-18,26.37346076965332,26.418431454514298,25.970966792717437,26.029430055454036,186698800,0.03166512284482037,26.454864501953125,25.703154067993164,26.148206627908582,53.11830314327436,0.020039075217516324,26.7085018157959
2015-11-19,26.7085018157959,26.926613279263847,26.25429164098788,26.45216509175698,173183200,0.012703719434807415,26.49727592468262,25.73323902130127,26.20156807437404,56.21112076257005,0.019956335765172598,26.82543182373047
2015-11-20,26.82543182373047,26.96484201921842,26.72424517822365,26.80294475882527,137148400,0.00437800700095492,26.505455875396727,25.758318672180177,26.260983669550843,57.2705951894818,0.018758683200008258,26.476900100708008
2015-11-23,26.476900100708008,26.92211751965151,26.384707947819734,26.81868183550105,129930000,-0.012992585741495533,26.538750171661377,25.77150207519531,26.28154713918486,53.14320604706785,0.017472615613766597,26.73098373413086
2015-11-24,26.73098373413086,26.836666736115248,26.33523688334568,26.382456619557942,171212800,0.009596426789254542,26.592920780181885,25.785423316955566,26.32435062441781,55.65239273583403,0.017463741331034982,26.539857864379883
2015-11-25,26.539857864379883,26.809687155716535,26.515123469785976,26.805189057323886,85553200,-0.007149975161854671,26.584694957733156,25.794939880371093,26.34487512346182,53.33857431018665,0.014947754803194376,26.490385055541992
2015-11-27,26.490385055541992,26.62530053849919,26.443165322715622,26.598317098803424,52185600,-0.0018640947171119082,26.55989017486572,25.814617233276365,26.358733212231357,52.727471673045784,0.014733403512507293,26.600574493408203
2015-11-30,26.600574493408203,26.850165813456325,26.476902500403398,26.53086768120451,156721200,0.004159601215126818,26.55212535858154,25.838602981567384,26.38176571520058,53.991817599290215,0.014656657774151368,26.38470458984375
2015-12-01,26.38470458984375,26.715244466828874,26.276774251759907,26.701753603448843,139409600,-0.008115234639685998,26.514759826660157,25.850390129089355,26.382045608023738,51.107905750111236,0.014357836204096662,26.146360397338867
2015-12-02,26.146360397338867,26.557848941412235,26.10138970296319,26.38470816546962,133546400,-0.009033422818636727,26.449915885925293,25.865515518188477,26.35959939748232,48.05581699518692,0.01412836361176127,25.903514862060547
2015-12-03,25.903514862060547,26.26103823435552,25.683156055067965,26.207073057309465,166278000,-0.009287928858466965,26.379310894012452,25.87166431427002,26.3161627750612,45.100521769432305,0.014206418245907845,26.76471710205078
2015-12-04,26.76471710205078,26.814185895586963,25.88327844701967,25.923752758501813,231108000,0.03324653988372783,26.35806198120117,25.8919921875,26.358882234774494,55.54204968735792,0.01628763837057151,26.596073150634766
2015-12-07,26.596073150634766,26.951347454917414,26.49039013596013,26.7534740057645,128336800,-0.0063009801588036485,26.326806831359864,25.9102458190918,26.381471845808807,53.40019984132425,0.016329124942968388,26.58482551574707
2015-12-08,26.58482551574707,26.668021450389926,26.276771020780824,26.425175646278795,137238000,-0.0004229058486939774,26.300498390197752,25.93843936920166,26.400838861993403,53.25270260047986,0.016314031316542108,25.997961044311523
2015-12-09,25.997961044311523,26.463414859822418,25.87653808606663,26.45217132617067,185445600,-0.022075167320091182,26.287569427490233,25.970031242370606,26.362469546023704,46.09810263718654,0.015496112613804493,26.121625900268555
2015-12-10,26.121625900268555,26.294766675544988,25.9732212369822,26.092395120589035,116850800,0.004756713641745014,26.28824405670166,25.998543739318848,26.339532055951786,47.69287148328517,0.01548455835635124,25.449308395385742
2015-12-11,25.449308395385742,25.946242024141817,25.37510519387569,25.901271322602433,187544800,-0.02573796544861706,26.25968713760376,26.01683395385742,26.254748850183592,40.65114324067224,0.016524320337432053,25.291900634765625
2015-12-14,25.291900634765625,25.336871321031932,24.68703512601002,25.224442889844447,257274800,-0.006185148852558053,26.26126127243042,26.02839366912842,26.163049020143784,39.19212407892477,0.01520338907527466,24.844432830810547
2015-12-15,24.844432830810547,25.363853319917258,24.81295300910973,25.17047629202846,213292400,-0.017692138302172533,26.21977472305298,26.029212837219237,26.037466525921573,35.31211857655438,0.015200567626972913,25.035564422607422
2015-12-16,25.035564422607422,25.181721739036185,24.464429451891355,24.974853819286913,224954000,0.007693135645255866,26.193354225158693,26.031481399536133,25.94204727798689,38.12966682873231,0.01532180453914698,24.504898071289062
2015-12-17,24.504898071289062,25.240179150051315,24.504898071289062,25.18846132435762,179091200,-0.021196500400812224,26.09992609024048,26.025509872436523,25.80517592496805,33.73610151864209,0.013895587243500134,23.841571807861328
2015-12-18,23.841571807861328,24.626321743127676,23.792103025803446,24.48916064131487,385813200,-0.027069129669423653,25.95657958984375,26.012003631591796,25.618166009053127,29.205922808530175,0.014283711429253304,24.133893966674805
2015-12-21,24.133893966674805,24.142888449460955,23.738145301695116,24.122650434311574,190362400,0.012261027132325575,25.822002696990968,25.99261161804199,25.476806766921857,33.44728577202265,0.0146758930047446,24.11140251159668
2015-12-22,24.11140251159668,24.221581895661817,23.93601271496503,24.149627767116172,131157600,-0.0009319447209464871,25.703727817535402,25.97509822845459,25.3467682664147,33.28206703248567,0.014585071541250253,24.421709060668945
2015-12-23,24.421709060668945,24.475674238564384,24.10465999504882,24.120399910081744,130629600,0.012869701334172534,25.588264083862306,25.96294017791748,25.258667389677008,37.84390854391237,0.014769572349500817,24.291292190551758
2015-12-24,24.291292190551758,24.509403672024874,24.27330322567267,24.509403672024874,54281600,-0.005340202431910246,25.4758358001709,25.9552490234375,25.16653641833175,36.70789221688236,0.014757400739357567,24.01921272277832
2015-12-28,24.01921272277832,24.214838833050326,23.87530445160877,24.19235177181853,106816800,-0.011200699643276413,25.352277183532713,25.934727668762207,25.05726749494571,34.38862855019329,0.01482337356034454,24.45093536376953
2015-12-29,24.45093536376953,24.606087151769415,24.028205069209697,24.05069041292171,123724800,0.017974054602621914,25.24479522705078,25.926512603759765,24.999521577690835,40.78210913886937,0.01556515661159562,24.13163948059082
2015-12-30,24.13163948059082,24.441941346956686,24.10015965569233,24.414959620199003,100855200,-0.013058636752679487,25.132141971588133,25.908821792602538,24.916866139871786,37.844875500091725,0.015671337919171864,23.668437957763672
2015-12-31,23.668437957763672,24.066433919018245,23.569500372029918,24.06193753581308,163649200,-0.019194780495527586,25.008245849609374,25.872732009887695,24.797968217766254,34.01725066417437,0.015993039509671136,23.68866729736328
2016-01-04,23.68866729736328,23.693165394769228,22.935397240889355,23.07256004790502,270597600,0.0008546968598310833,24.897503471374513,25.837091484069823,24.69232051106121,34.32963419438079,0.016005533719438674,23.09505271911621
2016-01-05,23.09505271911621,23.80110327006872,23.027596676308974,23.778617922466307,223164000,-0.025059011163246936,24.714020252227783,25.781787071228027,24.54019976897121,29.86194145953816,0.013981580477640683,22.643089294433594
2016-01-06,22.643089294433594,23.018601623728564,22.456459369988686,22.61160946546592,273829600,-0.01956970742519759,24.516371059417725,25.701412200927734,24.359522580920007,26.98267091718232,0.014246337864296249,21.687442779541016
2016-01-07,21.687442779541016,22.514916066969125,21.682946397311802,22.188874316419493,324377600,-0.04220477614454787,24.27150192260742,25.618940773010255,24.105038790312484,22.125015624901067,0.016040201017972783,21.802120208740234
2016-01-08,21.802120208740234,22.285562784635363,21.75714952445672,22.15964349622422,283192000,0.005287734029546298,24.061709880828857,25.542031745910645,23.885713211115128,23.895600984533402,0.01612326369539736,22.155147552490234
2016-01-11,22.155147552490234,22.27432142139755,21.887567323079747,22.254085126159012,198957600,0.016192340027942675,23.863385963439942,25.45104721069336,23.720897434103236,29.229973430256024,0.01681134170277375,22.476696014404297
2016-01-12,22.476696014404297,22.640842309858193,22.224855663255948,22.609362480404904,196616800,0.014513487718926132,23.71475534439087,25.36085151672363,23.602402060798575,33.782663212824076,0.016992692578296876,21.898813247680664
2016-01-13,21.898813247680664,22.753270149750488,21.878576950229252,22.557644030110175,249758400,-0.0257103075271069,23.545100975036622,25.26371036529541,23.4401555071683,30.042176750607794,0.01755235467997396,22.37775230407715
2016-01-14,22.37775230407715,22.593616383436196,21.5277937103666,22.026976177281448,252680400,0.02187054846212777,23.42176694869995,25.168625106811522,23.338974249731045,36.33387407437967,0.018491599190630228,21.84034538269043
2016-01-15,21.84034538269043,21.97076276836972,21.44234951010831,21.63122844203972,319335600,-0.02401523236490577,23.2620059967041,25.05656723022461,23.196247690965272,32.77226923605073,0.018699573484924324,21.73467254638672
2016-01-19,21.73467254638672,22.18213737463392,21.473837673705663,22.128172189622163,212350800,-0.0048384233148374145,23.123494720458986,24.944948387145995,23.057050058148267,32.105826749886546,0.01838429349952355,21.76390266418457
2016-01-20,21.76390266418457,22.078702712234268,21.006134185406925,21.383893899962114,289337600,0.00134486119979349,23.019611263275145,24.83643253326416,22.93389316348506,32.514633124930654,0.017742333173157366,21.65372085571289
2016-01-21,21.65372085571289,22.00899346539293,21.347915324592353,21.824610870057498,208646000,-0.00506259424937594,22.89560260772705,24.725083427429198,22.811971991316284,31.738849951203022,0.017303693920747296,22.80498695373535
2016-01-22,22.80498695373535,22.813981435821805,22.119174420983356,22.177635981262224,263202000,0.05316712567294046,22.830281829833986,24.63896327972412,22.811306749641908,46.1866580446626,0.021689224734589063,22.359766006469727
2016-01-25,22.359766006469727,22.82971600568809,22.308048175461344,22.827466956812515,207178000,-0.0195229643484931,22.727184677124022,24.56102779388428,22.768302869339795,42.445195051955515,0.021685909228282667,22.483436584472656
2016-01-26,22.483436584472656,22.683559049368025,22.051711832036922,22.469945722059563,300308000,0.0055309424064253765,22.636791896820068,24.48853385925293,22.741172746971497,43.80690114957869,0.021791248673014185,21.006135940551758
2016-01-27,21.006135940551758,21.727926547050554,20.98814697275507,21.59526176947536,533478800,-0.06570617611638341,22.48613805770874,24.38824764251709,22.57593114636009,33.58495215410373,0.02582262704629823,21.156784057617188
2016-01-28,21.156784057617188,21.253472589399497,20.774528029001694,21.08932801960842,222715200,0.007171624400212018,22.321430492401124,24.306174964904784,22.440774280765527,35.244341901005015,0.025396300951506304,21.887571334838867
2016-01-29,21.887571334838867,21.887571334838867,21.21524963773195,21.31418722953494,257666000,0.03454151043142928,22.209227085113525,24.230443115234376,22.38808828591537,42.72072242825941,0.026970447027039476,21.682947158813477
2016-02-01,21.682947158813477,21.745906805363436,21.45134486663825,21.69194163910943,163774000,-0.009348875345511098,22.109952545166017,24.15282257080078,22.32093198809614,41.28344611573247,0.026777667411200145,21.244482040405273
2016-02-02,21.244482040405273,21.595258278117893,21.19950962818435,21.455846373516206,149428800,-0.020221656917610464,21.987743282318114,24.05024299621582,22.218412945458915,38.30925942770459,0.026989278954659617,21.664960861206055
2016-02-03,21.664960861206055,21.77514025621137,21.154536479203475,21.361404404872772,183857200,0.01979237808674572,21.916238689422606,23.949372177124022,22.165703223149123,42.58133689183528,0.02710512840375207,21.83904457092285
2016-02-04,21.83904457092285,22.004081590600105,21.5202767998081,21.671748022428808,185886800,0.008035265368446565,21.87603645324707,23.849644432067873,22.134592875318052,44.30108392764496,0.026910500405485045,21.255756378173828
2016-02-05,21.255756378173828,21.911379949023637,21.181152287478877,21.820948814280484,185672400,-0.02670850324311491,21.85445213317871,23.74522155761719,22.050894161304317,39.980257543353595,0.02587891131600711,21.479581832885742
2016-02-08,21.479581832885742,21.63557383052428,21.03420975121476,21.054555858581537,216085600,0.0105301100901658,21.838325214385986,23.640193519592284,21.99648346335969,42.30565238259255,0.025968976557078405,21.47505760192871
2016-02-09,21.47505760192871,21.689831825380146,21.235416490857723,21.316804363453706,177324800,-0.00021062937780769175,21.80432071685791,23.53889751434326,21.94682385750912,42.270002768906096,0.02567398354621929,21.312286376953125
2016-02-10,21.312286376953125,21.782527135058476,21.273853685862257,21.685313917996613,169374400,-0.00757954777085057,21.746100234985352,23.435335540771483,21.886391716503788,40.93355066932541,0.02543456269428284,21.183414459228516
2016-02-11,21.183414459228516,21.414013967845996,20.932468848290426,21.203762286379774,200298800,-0.0060468368078973045,21.710330295562745,23.32699234008789,21.81944150152519,39.859033816852985,0.024857420505856098,21.248973846435547
2016-02-12,21.248973846435547,21.36427358364902,21.027419382584206,21.29419027516161,161405600,0.003094845136189628,21.653891372680665,23.224277725219725,21.76511124865951,40.711671063924456,0.0242816282404016,21.848087310791016
2016-02-16,21.848087310791016,21.895563287216117,21.38915114718392,21.481841846443086,196231600,0.028194936314817287,21.654278469085693,23.13831226348877,21.77301373076727,47.97102612089372,0.024628526697547764,22.182674407958984
2016-02-17,22.182674407958984,22.2030205087076,21.737302471158245,21.854861744532556,179452800,0.015314251193179418,21.676678562164305,23.063895454406737,21.81202903335696,51.53964533416128,0.02481841725156568,21.76216697692871
2016-02-18,21.76216697692871,22.356748715008724,21.723732585817004,22.345444177947012,156084000,-0.018956570488155355,21.676591777801512,22.963844451904297,21.807280266078077,47.161485670490066,0.025228921968531607,21.712434768676758
2016-02-19,21.712434768676758,21.875210480764,21.65817677292454,21.70339148191296,141496800,-0.0022852599331986134,21.679527473449706,22.866171684265137,21.798247361563668,46.65669319032443,0.025205481488904967,21.90233612060547
2016-02-22,21.90233612060547,21.906858625887352,21.685302437495494,21.77347231735797,137123200,0.008746202531034086,21.634394931793214,22.772521896362306,21.808160576710506,48.90561110752558,0.022077768783480434,21.4072322845459
2016-02-23,21.4072322845459,21.816431114118785,21.375581641641404,21.79382375844853,127770400,-0.02260506976668042,21.586768245697023,22.68070732116699,21.769976929837686,43.72931339711145,0.022218430731919286,21.725996017456055
2016-02-24,21.725996017456055,21.78929729175872,21.09750232997903,21.246713954975633,145022800,0.01489046919625725,21.54889621734619,22.592794723510742,21.765788271515625,47.57650506402966,0.022480993922747983,21.875215530395508
2016-02-25,21.875215530395508,21.875215530395508,21.53383870678927,21.714701034154015,110330800,0.006868247274811168,21.592350196838378,22.521312866210938,21.776209915218473,49.32318106116843,0.016673467995121993,21.909122467041016
2016-02-26,21.909122467041016,22.16006634526163,21.834516644548906,21.974683277900706,115964400,0.001550016117482178,21.62996711730957,22.453657302856445,21.788868253487287,49.733023348295504,0.016631883200383016,21.85938262939453
2016-02-29,21.85938262939453,22.207541367755613,21.850339343677703,21.897815300068252,140865200,-0.002270279775984152,21.628557682037354,22.393956298828126,21.795583908335594,49.105631012871015,0.014758492707952436,22.727521896362305
2016-03-01,22.727521896362305,22.78177989666207,22.024422246230593,22.076420718272963,201628400,0.039714720295914496,21.680786418914796,22.347795448303224,21.884339907195283,58.86052969917497,0.017020267573823383,22.77725601196289
2016-03-02,22.77725601196289,22.808906651561315,22.52631042312505,22.72299801905567,132678400,0.0021882770953811637,21.757425117492676,22.3132426071167,21.96937953622077,59.341320315870874,0.016162263641322897,22.946823120117188
2016-03-03,22.946823120117188,22.994299098903202,22.709441501355908,22.738832625007632,147822800,0.007444580157734526,21.821518230438233,22.295347633361818,22.062469401353766,61.0142403651281,0.01574206266499034,23.288190841674805
2016-03-04,23.288190841674805,23.455487328583967,22.917424722129894,23.1435017084295,184220400,0.014876469817660443,21.89397554397583,22.278433570861818,22.179204776622438,64.20713036222594,0.015930534794753804,23.030467987060547
2016-03-07,23.030467987060547,23.24750173189665,22.824737058982986,23.14802728536852,143315600,-0.011066675654042513,21.982711124420167,22.256814880371095,22.26027746333083,60.19864904722235,0.014715442650140688,22.840560913085938
2016-03-08,22.840560913085938,23.00559789558876,22.698133012307633,22.784041658436184,126247600,-0.008245905992066982,22.050760078430176,22.225191917419433,22.3155425537837,57.357090496986146,0.014882921040453485,22.860912322998047
2016-03-09,22.860912322998047,22.964907560865505,22.668745447219944,22.903865790375907,108806800,0.0008910205834939955,22.120052814483643,22.19658432006836,22.367482531804114,57.588134807857394,0.01487174294064397,22.872209548950195
2016-03-10,22.872209548950195,23.114111868612827,22.641611769157,22.926469270526752,134054400,0.0004941721394373655,22.198048973083495,22.173644256591796,22.415551771532314,57.72506317028443,0.014670934434544805,23.118633270263672
2016-03-11,23.118633270263672,23.123154051097146,22.94681427647251,23.11411076459966,109632800,0.010773935976150062,22.294809913635255,22.14699821472168,22.482511914268635,60.705201913589406,0.014568197980110116,23.17741584777832
2016-03-14,23.17741584777832,23.265587474386763,23.010119332204216,23.039510449350633,100304400,0.0025426493351687895,22.391232013702393,22.12791374206543,22.548693241269554,61.40415000444854,0.014571485432891856,23.643129348754883
2016-03-15,23.643129348754883,23.77877518241644,23.47809240583258,23.502961009900737,160270800,0.02009341783550056,22.480984115600585,22.127407569885253,22.652925251506254,66.48975221311353,0.013977231707192665,23.95737648010254
2016-03-16,23.95737648010254,24.0342418209997,23.645389161606033,23.649911666853146,153214000,0.013291266427225557,22.569719219207762,22.13278175354004,22.777158701848755,69.41798162871882,0.01389850765027308,23.9189453125
2016-03-17,23.9189453125,24.070416476018195,23.72903975128799,23.855642308875673,137682800,-0.001604147584125415,22.677558135986327,22.149259605407714,22.88590028381554,68.6281640753418,0.012899195493666442,23.946077346801758
2016-03-18,23.946077346801758,24.077202431278902,23.78104208946911,24.041029280458684,176820800,0.001134332385783754,22.789240264892577,22.175319366455078,22.986869527909466,68.89721687350507,0.012822571900887866,23.943817138671875
2016-03-21,23.943817138671875,24.33719065610366,23.769736873745998,23.948337919980663,142010800,-9.438740621892094e-05,22.8913143157959,22.220446853637696,23.078007395601126,68.84424857762801,0.012838472587403576,24.12693977355957
2016-03-22,24.12693977355957,24.25580360555607,23.785562991493798,23.7946062792447,129777600,0.007648013423554367,23.027299690246583,22.266943244934083,23.177905717311454,70.80279504474143,0.01114153123765003,23.993549346923828
2016-03-23,23.993549346923828,24.206062260782247,23.941552607254522,24.072677670053565,102814000,-0.005528692320189044,23.14067735671997,22.303711280822753,23.255586062988822,67.4753702953967,0.011224623265802305,23.889551162719727
2016-03-24,23.889551162719727,24.020676209161945,23.71321141569825,23.84433646214047,104532000,-0.00433442266920947,23.241394138336183,22.33196838378906,23.315963691534623,64.91394541053617,0.011406375480955262,23.78104019165039
2016-03-28,23.78104019165039,24.007117191742648,23.751649077746794,23.96416200977932,77645600,-0.004542193795531446,23.33499002456665,22.369612922668455,23.36025669154565,62.25832289457212,0.011568787712913446,24.343971252441406
2016-03-29,24.343971252441406,24.3688398602475,23.710954967100033,23.71321622003621,124760400,0.023671422959398614,23.459219455718994,22.408937301635742,23.453943792583342,69.27967020156991,0.012243287904911117,24.768999099731445
2016-03-30,24.768999099731445,24.9634254854401,24.551965355765457,24.56326989730956,182404400,0.01745926508385165,23.56129331588745,22.467510375976563,23.579187155168874,73.31608400069794,0.009717656651144659,24.640132904052734
2016-03-31,24.640132904052734,24.845863811631762,24.615264294898548,24.805169880727707,103553600,-0.005202721158002244,23.654437160491945,22.52561958312988,23.68022960744353,70.30007986645224,0.009942314008544144,24.866207122802734
2016-04-01,24.866207122802734,24.868468375607605,24.46152911225637,24.59265417765071,103496000,0.009175040558032643,23.750406360626222,22.587665672302247,23.79317984700155,72.44188014817513,0.009981457567662605,25.121679306030273
2016-04-04,25.121679306030273,25.363581650581384,24.929512457462184,24.963424355728954,149424800,0.010273870155021125,23.842080783843993,22.657024841308594,23.919703605004283,74.66527760168347,0.009770051152646283,24.825517654418945
2016-04-05,24.825517654418945,25.03350982905374,24.737347752331807,24.757695581568516,106314800,-0.011789086549649386,23.931833267211914,22.697435455322264,24.00597160971044,67.83281523297553,0.009829224626009337,25.08551025390625
2016-04-06,25.08551025390625,25.090032760990617,24.687614147204815,24.92047496677951,105616400,0.010472796704846354,24.04408073425293,22.751950340270994,24.108784813919563,70.39407726683322,0.009507233653747716,24.538394927978516
2016-04-07,24.538394927978516,24.963419017519364,24.44344301300084,24.857162563926547,127207600,-0.02181001384424852,24.12795486450195,22.793049507141113,24.14970006287756,59.63353641233173,0.011196197882467007,24.56552505493164
2016-04-08,24.56552505493164,24.816468911599358,24.45474609474674,24.62204429896581,94326800,0.001105619460146201,24.212620639801024,22.86423728942871,24.189302443073185,59.96038417082162,0.011188084719284612,24.646915435791016
2016-04-11,24.646915435791016,25.006378786836184,24.60396197579208,24.63561261993056,117630000,0.0033131952472977844,24.28903474807739,22.934039916992187,24.232884632855836,60.98110210139314,0.011061251488595792,24.967939376831055
2016-04-12,24.967939376831055,24.981503442139015,24.565522674278945,24.719253347316577,108929200,0.01302491347756507,24.378560924530028,22.99564727783203,24.302889846567762,64.7934168159513,0.01127162390465383,25.329668045043945
2016-04-13,25.329668045043945,25.397490112175344,25.04933303960668,25.04933303960668,133029200,0.014487726149662095,24.462887859344484,23.06858169555664,24.400678246422636,68.52512712550472,0.010908677124449907,25.34323501586914
2016-04-14,25.34323501586914,25.40879756231934,25.169156459648935,25.234719006099134,101895600,0.0005356158162463931,24.532180786132812,23.150556755065917,24.490445557798495,68.65930389367543,0.010676985742320278,24.834562301635742
2016-04-15,24.834562301635742,25.388452080131696,24.807434160943167,25.34549689092723,187756000,-0.020071341086285277,24.5779616355896,23.21394878387451,24.52321858102109,58.5765856631676,0.011821458235924814,24.298755645751953
2016-04-18,24.298755645751953,24.631087372216538,24.176673864164115,24.617523304761406,243286000,-0.021575039228635684,24.59559555053711,23.263143005371095,24.501841158614507,50.212071537801656,0.012941173900522168,24.169893264770508
2016-04-19,24.169893264770508,24.41631637059203,24.016160833443923,24.389186509241224,129539600,-0.00530325021001532,24.606899356842042,23.321425743103028,24.47022707348651,48.42123773830544,0.013012571158558596,24.219627380371094
2016-04-20,24.219627380371094,24.43666108435248,23.977725069438975,24.108850137937278,122444000,0.0020576886730847566,24.61153373718262,23.376226654052733,24.446360436046945,49.174663280762616,0.012911740660538237,23.95737648010254
2016-04-21,23.95737648010254,24.17441016154381,23.85564081000701,24.17441016154381,126210000,-0.010828031998588727,24.609725093841554,23.42587303161621,24.39979053548081,45.40806190410723,0.013090165110029485,23.891817092895508
2016-04-22,23.891817092895508,24.072679380283482,23.652176028212455,23.740345918985675,134732400,-0.0027365011048468,24.60983839035034,23.47746364593506,24.35141211237745,44.49061848404135,0.013067134822392464,23.75617218017578
2016-04-25,23.75617218017578,23.885036004470937,23.627308355880622,23.73808560575489,112126400,-0.005677463216477663,24.608594989776613,23.528918800354003,24.29472259502491,42.57396445700744,0.013090742026214046,23.591140747070312
2016-04-26,23.591140747070312,23.805914987885917,23.491668014057062,23.491668014057062,224064800,-0.006946886554526022,24.570953464508058,23.5757621383667,24.227714799981616,40.29928370007186,0.011918184120561882,22.114856719970703
2016-04-27,22.114856719970703,22.316065154282096,21.631051976252184,21.70339656246717,458408400,-0.06257789917526324,24.43824634552002,23.581097526550295,24.02649022093296,26.60524488986728,0.01739525167562221,21.43887710571289
2016-04-28,21.43887710571289,22.12841075298126,21.30775206366952,22.067370736763944,328970800,-0.030566764361958154,24.27818355560303,23.56622158050537,23.780050876626287,22.786955104305036,0.018274524071013928,21.192455291748047
2016-04-29,21.192455291748047,21.414011487618254,20.91438157658971,21.248974535866623,274126000,-0.011494156748497741,24.094495964050292,23.55482734680176,23.53361320187598,21.571570782142018,0.01790596034917152,21.16985321044922
2016-05-02,21.16985321044922,21.269327656813207,20.889518172769012,21.24445904522221,192640400,-0.001066515464474227,23.89690465927124,23.543975715637206,23.308493202692482,21.45851805970692,0.01747776126100373,21.51801109313965
2016-05-03,21.51801109313965,21.644613673926738,21.17889555903354,21.296454851931436,227325200,0.016445928048220093,23.731529331207277,23.53628921508789,23.137971097020785,27.740633166543745,0.0183078616057004,21.294193267822266
2016-05-04,21.294193267822266,21.68078473240166,21.210544156545893,21.52252979686506,164102000,-0.010401417879589259,23.541963481903075,23.534028434753417,22.962373208525687,26.28510810272485,0.017851007317917375,21.2077579498291
2016-05-05,21.2077579498291,21.396544718750324,21.080384580596473,21.380623047596245,143562000,-0.004059102728431463,23.375431632995607,23.52366367340088,22.795266993411726,25.723776754577756,0.017567494491901328,21.089487075805664
2016-05-06,21.089487075805664,21.25552714546316,20.89160192224227,21.237332185801375,174799600,-0.005576774041991084,23.201629734039308,23.50794910430908,22.63281176316353,24.938976017632214,0.0174661367390411,21.105405807495117
2016-05-09,21.105405807495117,21.328309216431954,21.05991407635242,21.153170823695866,131745600,0.0007548183430081679,23.02455425262451,23.491874771118162,22.487344529290347,25.26945069306464,0.017392366767449242,21.248708724975586
2016-05-10,21.248708724975586,21.282827102134387,20.95074515080972,21.228238739879952,134747200,0.006789867903396418,22.838592720031738,23.479661293029785,22.369379214593703,28.32860112616042,0.017056248734026298,21.04172134399414
2016-05-11,21.04172134399414,21.282821470879867,21.03034797617292,21.262351491200416,114876400,-0.009741174565499722,22.62419538497925,23.44594528198242,22.24293560786994,26.63273359696346,0.016223254946468035,20.548145294189453
2016-05-12,20.548145294189453,21.103132306770988,20.35026188929821,21.089485654111517,305258800,-0.023457018640994698,22.384440898895264,23.401363067626953,22.081527006567036,23.084004570344973,0.0163595947319547,20.589086532592773
2016-05-13,20.589086532592773,20.85065835989076,20.470811496382066,20.470811496382066,177571200,0.0019924542004721157,22.172167110443116,23.354208335876464,21.939389818569488,23.988750311173504,0.016409951569049612,21.353328704833984
2016-05-16,21.353328704833984,21.469330447204086,20.846108496337617,21.014423559058507,245039200,0.03711879937127893,22.024895763397218,23.315511093139648,21.883574474404202,38.525291082321644,0.019106753636423755,21.26463508605957
2016-05-17,21.26463508605957,21.539853714508684,21.155458337506648,21.5057370651691,187667600,-0.004153620262227986,21.87963285446167,23.28019443511963,21.82462786599043,37.62596557609901,0.019111523772495195,21.50800132751465
2016-05-18,21.50800132751465,21.655846442176664,21.355607906626723,21.417021320337167,168249600,0.011444646967613492,21.74405155181885,23.253543243408203,21.794472957564164,41.65089114114373,0.019437634487454194,21.42611312866211
2016-05-19,21.42611312866211,21.52619319651644,21.282818087687783,21.52619319651644,121768400,-0.0038073365165632866,21.617488384246826,23.224847259521486,21.7593910690973,40.6992224172969,0.019404217260992587,21.65812110900879
2016-05-20,21.65812110900879,21.70588613259609,21.49890262838541,21.526197671292028,128104000,0.010828281310450105,21.50580358505249,23.200565490722656,21.749746310993636,44.56395979967715,0.01973592362147704,21.933334350585938
2016-05-23,21.933334350585938,22.106199443485952,21.760469257685926,21.805960984939592,152074400,0.012707161447290671,21.414661693573,23.176859512329102,21.767230886192905,48.8245734695533,0.02011291713600318,22.2676944732666
2016-05-24,22.2676944732666,22.31090945140186,22.026592621394197,22.113026048329143,140560800,0.015244381786015726,21.348489379882814,23.158665084838866,21.81489408496183,53.500406018700666,0.020537135223048616,22.658912658691406
2016-05-25,22.658912658691406,22.686205961289858,22.315457473227085,22.442830846238675,152675200,0.01756886802513291,21.37569217681885,23.138980751037597,21.895276806269408,58.30117232733825,0.015414604872102593,22.838611602783203
2016-05-26,22.838611602783203,22.91139666877815,22.436017850769858,22.67256974908665,225324800,0.007930607562621539,21.445678901672363,23.11660545349121,21.9851182154612,60.32728903392168,0.01350782087630214,22.824951171875
2016-05-27,22.824951171875,22.852246207977387,22.574752747931566,22.61796945459403,145364800,-0.0005981287805839619,21.52730369567871,23.094725570678712,22.06510230654823,60.08826924174994,0.013095138076585916,22.7135066986084
2016-05-31,22.7135066986084,22.8363317971175,22.476954849850046,22.654368302585688,169228800,-0.004882572252944084,21.60448637008667,23.070074157714842,22.126855105792053,58.06698157405964,0.013197154192071542,22.395063400268555
2016-06-01,22.395063400268555,22.640713508980472,22.365495080552662,22.52243675945316,116693200,-0.014019997112966864,21.648338985443115,23.039099082946777,22.152398752885052,52.62009512995004,0.013394074558762528,22.22675132751465
2016-06-02,22.22675132751465,22.254044630798784,21.978826165580465,22.199456288898414,160766400,-0.007515588134119233,21.694966888427736,23.00109531402588,22.15947995046882,49.95294183208463,0.01326743673448581,22.27224349975586
2016-06-03,22.27224349975586,22.35185186766778,22.165340090560306,22.242675173197796,114019600,0.0020467306072253777,21.748191165924073,22.96666919708252,22.170219336115206,50.680588136376855,0.013185136319152465,22.433732986450195
2016-06-06,22.433732986450195,23.17523171397771,22.18808458108011,22.28816291833011,93170000,0.007250705870565088,21.8154034614563,22.937552833557127,22.19531587424235,53.27751642066506,0.013081427566015961,22.524717330932617
2016-06-07,22.524717330932617,22.715779152130132,22.508795657110518,22.57475737303988,89638000,0.004055693474526834,21.886369037628175,22.912426376342772,22.226687441546186,54.72401197631368,0.013070102738144285,22.50424575805664
2016-06-08,22.50424575805664,22.645265791831612,22.445107372904335,22.522440715899357,83392400,-0.0009088492687925331,21.949145889282228,22.875631866455077,22.253121566928133,54.31654487991712,0.013076523503807228,22.665740966796875
2016-06-09,22.665740966796875,22.74307432160156,22.39507075431559,22.404169102292457,106405600,0.007176210679374462,22.030346870422363,22.833566703796386,22.29241865262992,57.034413583178164,0.012755231957618993,22.47922706604004
2016-06-10,22.47922706604004,22.597502107995926,22.399618697864703,22.410990330271307,126851600,-0.008228890510575404,22.126900959014893,22.79034858703613,22.31020993009755,53.10488671400239,0.011427908167419372,22.140321731567383
2016-06-13,22.140321731567383,22.545190398665728,22.085733380235403,22.447385329224215,152082000,-0.015076378448289685,22.204462718963622,22.735830879211427,22.294030101666102,46.79585703007913,0.01223854356191543,22.167617797851562
2016-06-14,22.167617797851562,22.39962133855026,22.006126021848438,22.135774446827423,127727600,0.0012328667403807003,22.2451771736145,22.676749649047853,22.281990834636147,47.3385166603764,0.009379109373964202,22.094831466674805
2016-06-15,22.094831466674805,22.38369836536012,22.069811444416,22.249499906396323,117780800,-0.0032834530007014306,22.286686992645265,22.62213592529297,22.264166132925546,45.99143636189588,0.009351455038957351,22.188087463378906
2016-06-16,22.188087463378906,22.233577464826187,21.851455552539154,21.937887249421912,125307200,0.004220715457583735,22.320691299438476,22.564187469482423,22.256920545349676,48.03189294999425,0.009101943835738794,21.68313980102539
2016-06-17,21.68313980102539,21.983378313250622,21.676316474550408,21.976554986775636,244032800,-0.022757601942345107,22.33354263305664,22.507082366943358,22.202274760175932,39.36065129968174,0.010563214110773135,21.630823135375977
2016-06-20,21.630823135375977,21.965179990517978,21.614901463004077,21.835531591109053,137647600,-0.0024127809039418135,22.332177734375,22.448388328552245,22.147850795909267,38.58345438394969,0.010303430840359225,21.815061569213867
2016-06-21,21.815061569213867,21.915139908778798,21.535293057720768,21.594431441553773,142185600,0.008517402813792208,22.326264095306396,22.391751251220704,22.11615658384304,42.86220641059309,0.01007118003909632,21.733177185058594
2016-06-22,21.733177185058594,22.037963965891365,21.687685455233666,21.892393901115703,116876400,-0.0037535710772795827,22.299538230895998,22.327056007385252,22.079682355387376,41.47906609897015,0.009409853428470576,21.858272552490234
2016-06-23,21.858272552490234,21.901489256088983,21.664937499300375,21.821880908932197,128960800,0.005755963169418399,22.259506225585938,22.25762809753418,22.05859570749241,44.42933842875505,0.008498182911583229,21.24415397644043
2016-06-24,21.24415397644043,21.530745828211515,21.073563877703485,21.132702264491982,301245600,-0.028095476189852864,22.1797833442688,22.175646476745605,21.981029828344603,35.079570762635555,0.010017708562055637,20.934818267822266
2016-06-27,20.934818267822266,21.164546765885873,20.811993181788228,21.15317339788312,181958400,-0.014560980350698527,22.085276699066164,22.097651596069337,21.88139063210438,31.485370390780375,0.010283171039473139,21.287364959716797
2016-06-28,21.287364959716797,21.30328836519613,20.957558191520455,21.130423278358293,161779600,0.016840207895972625,22.01396961212158,22.037423782348633,21.82481675854366,39.138857981591876,0.011310107985409665,21.471607208251953
2016-06-29,21.471607208251953,21.50572557469528,21.29646707033125,21.373802149958266,146124000,0.008655004923521892,21.967796802520752,21.98345806121826,21.79117775375397,42.738786523611815,0.011302347881804117,21.74455451965332
2016-06-30,21.74455451965332,21.78322119864781,21.448866007225885,21.480709358789877,143345600,0.012712011204101481,21.943686962127686,21.933956604003907,21.786737445744386,47.6764892306537,0.011685315479931378,21.810514450073242
2016-07-01,21.810514450073242,21.942437887322246,21.683141054292065,21.719532709372814,104106000,0.0030333999420546487,21.920600509643556,21.89101936340332,21.789001922347133,48.82493074003113,0.011701063962157336,21.605804443359375
2016-07-05,21.605804443359375,21.699061198215826,21.485254382950593,21.696786177642384,110820800,-0.009385840356148978,21.879204082489014,21.845299110412597,21.771554543395915,45.4879626207463,0.011676363235476925,21.728633880615234
2016-07-06,21.728633880615234,21.75820394800162,21.464788707162878,21.517102043514402,123796400,0.0056850203183993475,21.839399909973146,21.804748344421387,21.767466861226325,47.79355544495175,0.01172504837402766,21.82188606262207
2016-07-07,21.82188606262207,21.949259448154788,21.749101022984483,21.767295981394707,100558400,0.00429167256990004,21.805281925201417,21.76936325073242,21.772649642311634,49.538538625629364,0.011801673878591585,21.990205764770508
2016-07-08,21.990205764770508,22.037970794387704,21.846910675918924,21.94698904187908,115648400,0.00771334346011221,21.7715051651001,21.766870231628417,21.793369273022,52.61711054459543,0.011822981380522606,22.05843734741211
2016-07-11,22.05843734741211,22.210830749360824,22.001573982326867,22.006122287987527,95179600,0.0031028169254747606,21.750465679168702,21.779261436462402,21.818613851535346,53.846334051280415,0.011752072578018479,22.158517837524414
2016-07-12,22.158517837524414,22.222204534939202,22.09028283400815,22.101654466928018,96670000,0.004537061648387519,21.751375484466553,21.79858268737793,21.85098565972478,55.66319773767126,0.011315147447003012,22.033422470092773
2016-07-13,22.033422470092773,22.215384239632336,22.02659740701068,22.156247575581588,103568800,-0.005645475403584843,21.744665718078615,21.8158540725708,21.86836059404554,52.862046229655576,0.011383305091190071,22.470129013061523
2016-07-14,22.470129013061523,22.51561901394798,22.13577212701593,22.15169380085942,155676000,0.01982018651716566,21.76343059539795,21.834896430969238,21.92567187204706,60.36134291161245,0.012201257985922951,22.467853546142578
2016-07-15,22.467853546142578,22.586130322629735,22.404166852033615,22.499696893197058,120548000,-0.00010126630415085991,21.777418899536134,21.858369636535645,21.977308221960918,60.30750518874885,0.01217785449955189,22.706676483154297
2016-07-18,22.706676483154297,22.774911471405208,22.426907998862866,22.449652994946504,145975600,0.010629539511695762,21.82859573364258,21.888348007202147,22.046771865884097,63.94257450153626,0.011027400171403011,22.715776443481445
2016-07-19,22.715776443481445,22.74534476695894,22.595224658537607,22.64526469467805,95119600,0.0004007614383327862,21.88284339904785,21.920873794555664,22.110486587560032,64.07756964924853,0.010981065088132024,22.736248016357422
2016-07-20,22.736248016357422,22.849974748173135,22.686207976705354,22.745346363142545,105104000,0.0009012050689489737,21.92890272140503,21.95349063873291,22.170082914112164,64.40046674860086,0.01089339322902803,22.615692138671875
2016-07-21,22.615692138671875,22.97279391526822,22.547455423008667,22.706673847778895,130808000,-0.0053023646469203545,21.973028469085694,21.980830307006837,22.212521887879753,60.92725012998039,0.010942789083954399,22.44055938720703
2016-07-22,22.44055938720703,22.586129464017173,22.360949287264944,22.577031117300013,113254800,-0.007743859900063543,22.002142810821532,22.008807067871093,22.23423974495854,56.18658622589879,0.011117088462816145,22.140321731567383
2016-07-25,22.140321731567383,22.481501964223952,22.04479168290332,22.347305239005255,161531600,-0.013379241152553845,22.04695119857788,22.04065059661865,22.22529517225462,49.12911660757844,0.00942162385756455,21.987924575805664
2016-07-26,21.987924575805664,22.283614754680112,21.931061213355353,22.02204294034227,224959200,-0.006883240343541708,22.09960651397705,22.06862735748291,22.20268844878329,45.97257454042307,0.008845396864678208,23.41633415222168
2016-07-27,23.41633415222168,23.734769358782028,23.37084415214117,23.716572664616915,369379200,0.06496336530041402,22.206054973602296,22.109887466430663,22.31827375387266,67.22700087272835,0.016331099384067082,23.732492446899414
2016-07-28,23.732492446899414,23.75751246554949,23.386763961975305,23.38903898239771,159479200,0.01350161355840318,22.31909923553467,22.15924461364746,22.452961248446638,70.03670858494024,0.01642543368066963,23.70293426513672
2016-07-29,23.70293426513672,23.780269374600763,23.5823841611482,23.698385957677832,110934800,-0.001245473134725783,22.41701822280884,22.203143272399902,22.572006297655218,69.4373374346801,0.01638335432991942,24.121440887451172
2016-08-01,24.121440887451172,24.144185887101667,23.748417340119882,23.748417340119882,152671600,0.01765632126525407,22.532564544677733,22.257049827575685,22.719571496683404,72.96513470278681,0.016641319047774304,23.764341354370117
2016-08-02,23.764341354370117,24.125991569835236,23.655162915827727,24.12144326358999,135266400,-0.014804237223939198,22.64049139022827,22.299174232482912,22.819073387891663,65.96804155723557,0.016932418515686783,24.062301635742188
2016-08-03,24.062301635742188,24.073673267492833,23.83029813577721,23.83939648237703,120810400,0.012538124954903473,22.75717477798462,22.341753578186037,22.937476078163144,68.66792606101777,0.01701816149704236,24.210948944091797
2016-08-04,24.210948944091797,24.240677448708052,24.076023511408614,24.14462990019436,109634800,0.0061776014032177695,22.876627922058105,22.38061866760254,23.058759208251587,69.9487916003579,0.01701781122535697,24.579130172729492
2016-08-05,24.579130172729492,24.618006307760453,24.281838181325405,24.302419048789062,162213600,0.015207220067577909,23.006074142456054,22.4190230178833,23.20355644296377,72.90351377789725,0.01715472296145983,24.782663345336914
2016-08-08,24.782663345336914,24.782663345336914,24.505953931304926,24.588279156253062,112148800,0.00828073130241358,23.142285442352296,22.457904052734374,23.353947576523115,74.40188994487238,0.017152273041615217,24.883277893066406
2016-08-09,24.883277893066406,24.91300813568255,24.7003304722917,24.750641580042824,105260800,0.004059876306572452,23.278523445129395,22.499070587158204,23.499598082860572,75.13391435843853,0.017154710869473004,24.698049545288086
2016-08-10,24.698049545288086,24.903866973778754,24.64316547926824,24.860416143116,96034000,-0.007443888565418222,23.41175479888916,22.538761444091797,23.61373631737748,71.10270684538307,0.017223275449268723,24.68204116821289
2016-08-11,24.68204116821289,24.9107268079648,24.663745898296824,24.81696485819469,109938000,-0.0006481636149381353,23.52235040664673,22.584500999450682,23.71547963650466,70.74940454572408,0.016956247630245745,24.739212036132812
2016-08-12,24.739212036132812,24.798670789690842,24.647737433289596,24.647737433289596,74641600,0.002316294164258492,23.63591833114624,22.634750213623047,23.812977960278772,71.29791627644315,0.016927774810774687,25.036500930786133
2016-08-15,25.036500930786133,25.050221508841652,24.71634073320655,24.73006131126207,103472800,0.012016910410045156,23.752409553527833,22.690035362243652,23.92950395746995,74.02555057904453,0.01695505541547966,25.01363754272461
2016-08-16,25.01363754272461,25.2080217547957,24.97476139820366,25.07080895927889,135177600,-0.000913202213229769,23.86730260848999,22.74163345336914,24.03275477511325,73.44745974792683,0.01697646305053267,24.977041244506836
2016-08-17,24.977041244506836,25.011344433087153,24.775796802026377,24.94959834469605,101424000,-0.0014630538303461726,23.97934226989746,22.790679931640625,24.1226868198174,72.47187459178684,0.017014422857418797,24.945026397705078
2016-08-18,24.945026397705078,25.06394214550732,24.931304074884757,24.979329587656807,87938800,-0.0012817709867376514,24.09580898284912,22.839495544433593,24.201004874854323,71.57618830689802,0.016911666258642887,25.009063720703125
2016-08-19,25.009063720703125,25.084530406646195,24.78037806249972,24.8741382751019,101472400,0.0025671379126677163,24.224234199523927,22.88636199951172,24.277962860173258,72.31328470298752,0.01665650084517001,24.814687728881836
2016-08-22,24.814687728881836,24.94961146492194,24.6637543176503,24.894727381171183,103280800,-0.0077722218629232565,24.357952499389647,22.933071212768553,24.32907951433598,66.66239272302919,0.016365576652780493,24.89243507385254
2016-08-23,24.89243507385254,24.99991761896039,24.81925572852661,24.83297631054609,85030800,0.003133118007373259,24.50317802429199,22.988113479614256,24.38273242476613,67.74802527126053,0.016106896012642716,24.70490837097168
2016-08-24,24.70490837097168,24.869562304003725,24.624868749284683,24.828398820745715,94700400,-0.007533481651131879,24.567606735229493,23.038859291076662,24.413415848214278,62.464274059048684,0.008652746630904104,24.599720001220703
2016-08-25,24.599720001220703,24.670612007952162,24.396189873408847,24.558556506565868,100344800,-0.004257792345207512,24.610968112945557,23.088957061767577,24.43115910088156,59.65383991020989,0.00839522818234299,24.455646514892578
2016-08-26,24.455646514892578,24.68661778922649,24.31157342376692,24.56312906073768,111065200,-0.005856712447173229,24.64860372543335,23.13430824279785,24.433491235549276,55.941266613383604,0.008546087184902991,24.428199768066406
2016-08-29,24.428199768066406,24.56998549165305,24.30699665914969,24.382463338384497,99881200,-0.0011223071452827194,24.663941669464112,23.189209442138672,24.432987286265195,55.23600477487776,0.00767638342307342,24.240680694580078
2016-08-30,24.240680694580078,24.355023528045077,24.126337861115076,24.194944259087347,99455600,-0.007676336171585696,24.68775863647461,23.241406593322754,24.414672372771374,50.547276095443664,0.007061466135575064,24.26354217529297
2016-08-31,24.26354217529297,24.371024688063702,24.15834700708172,24.162921696200687,118649600,0.0009431039087117732,24.69782066345215,23.290376205444336,24.400279020630574,51.092347318133164,0.0065210383152316245,24.407615661621094
2016-09-01,24.407615661621094,24.423623584360367,24.153774497660653,24.272690245904872,106806000,0.005937858754804237,24.707653999328613,23.343864974975585,24.40097774834396,54.49623164261082,0.006510140979517114,24.63629913330078
2016-09-02,24.63629913330078,24.69804347430421,24.42819441099936,24.629437100093668,107210000,0.009369349093744983,24.71051244735718,23.399425506591797,24.423389308816038,59.33419666401476,0.005916240760118856,24.629440307617188
2016-09-06,24.629440307617188,24.766653073907662,24.58599122670915,24.67517847795828,107521600,-0.0002784032474392184,24.70285129547119,23.467131233215333,24.443013213463768,59.13113345914703,0.005596771074309584,24.780376434326172
2016-09-07,24.780376434326172,24.871851040543895,24.48537174525884,24.659173322599212,169457200,0.00612828082261796,24.69770622253418,23.54404239654541,24.47514304402209,62.1971783273861,0.005699646891371969,24.130905151367188
2016-09-08,24.130905151367188,24.53110497470245,24.06687345879079,24.52653203011818,212008000,-0.026209096729431725,24.669349002838135,23.600913200378418,24.442358482816864,46.15245710568551,0.008026060044498016,23.584348678588867
2016-09-09,23.584348678588867,24.17664537470225,23.584348678588867,23.929664472583937,186228000,-0.022649646556973546,24.614464378356935,23.643168029785155,24.36064326336658,37.40713659571464,0.00935440746027278,24.11260986328125
2016-09-12,24.11260986328125,24.1766415511706,23.44713393971841,23.474576839413547,181171200,0.022398803201716833,24.583134269714357,23.690529136657716,24.337021034787025,47.71872195842584,0.010829641580015655,24.686613082885742
2016-09-13,24.686613082885742,24.878709919520208,24.52424649480716,24.585992592013305,248704800,0.023805105414100636,24.565639877319335,23.748051109313966,24.37031551555833,56.16836893425338,0.011860093303960642,25.56019401550293
2016-09-14,25.56019401550293,25.848338419451043,24.83526093273847,24.86499118349854,443554800,0.035386828062809794,24.59296770095825,23.827138900756836,24.483637277457817,65.34748114205723,0.01433490044428289,26.429201126098633
2016-09-15,26.429201126098633,26.465791668436328,25.953534544107114,26.038148864713218,359934400,0.03399845517872935,24.66557569503784,23.921150245666503,24.668929072566467,71.6971142561334,0.01607809584471987,26.280555725097656
2016-09-16,26.280555725097656,26.55726516534714,26.07931297166161,26.326293904105707,319547600,-0.005624286571953574,24.73235216140747,24.010323638916017,24.822417325188486,69.35606214543029,0.01616734677256495,25.974119186401367
2016-09-19,25.974119186401367,26.568701587903128,25.898652495493096,26.34230325991154,188092000,-0.011660200107703411,24.780604934692384,24.090001907348633,24.932103216732568,64.66820905491207,0.016484976034406927,25.971830368041992
2016-09-20,25.971830368041992,26.09760817908843,25.729424126461364,25.85291459237974,138057200,-8.811919060469631e-05,24.83846206665039,24.16826976776123,25.031124850190608,64.63306921251593,0.01633351756124976,25.967254638671875
2016-09-21,25.967254638671875,26.067875131988767,25.713413443397382,26.03585928256072,144012800,-0.00017618047343126442,24.892203044891357,24.24444450378418,25.120280068141206,64.55754439864913,0.016342536715450297,26.21194839477539
2016-09-22,26.21194839477539,26.285127728976082,26.070162671440883,26.150202295608366,124296000,0.009423166195594135,24.967555046081543,24.32801502227783,25.224248480201606,66.79225606411245,0.016248291299564954,25.775156021118164
2016-09-23,25.775156021118164,26.25082252945932,25.509881609176286,26.166208221954566,209924800,-0.016663865160984725,25.026326847076415,24.394115562438966,25.276715865050804,59.57164240115306,0.016771925085961648,25.814035415649414
2016-09-26,25.814035415649414,25.930665585095237,25.50988482865758,25.53046569958347,119477600,0.0015084057880927482,25.094246292114256,24.461039199829102,25.327889155584007,59.9862964169726,0.016659975179129507,25.862058639526367
2016-09-27,25.862058639526367,25.88264125474517,25.69054440654601,25.841477769040566,98429600,0.001860353218847699,25.165939235687254,24.524146842956544,25.378762439768995,60.52486363900139,0.01663599512715495,26.058731079101562
2016-09-28,26.058731079101562,26.216524747781484,25.93981529984219,25.999274061838467,118564400,0.00760467069990356,25.25684175491333,24.591005935668946,25.44352135780067,62.73687482855342,0.016470581184850484,25.65395736694336
2016-09-29,25.65395736694336,26.024428763645872,25.567057444388357,25.878070081062116,143548000,-0.015533132098009994,25.326362514495848,24.649360122680665,25.463562882480925,55.805858068735915,0.017021243805603863,25.85291290283203
2016-09-30,25.85291290283203,25.926092239549394,25.567055846165303,25.71798746482417,145516400,0.0077553545849826655,25.398627376556398,24.714104537963866,25.500643836800077,58.24751587898724,0.017043002803541513,25.731704711914062
2016-10-03,25.731704711914062,25.852909553815465,25.67682065266904,25.775155537213298,86807200,-0.004688376562189678,25.45339765548706,24.779927444458007,25.52264963442998,56.210030328909994,0.017057143469616554,25.841476440429688
2016-10-04,25.841476440429688,26.141054060318368,25.75686212840585,25.855197020048127,118947200,0.004266010734407244,25.513999462127686,24.853950538635253,25.553014092144238,57.654690364287546,0.017051046729766914,25.85291290283203
2016-10-05,25.85291290283203,25.992411286064037,25.770585930933372,25.932952529752114,85812400,0.0004425622672414864,25.56762628555298,24.93125030517578,25.581575883638312,57.81085318476323,0.0170355000770939,26.045011520385742
2016-10-06,26.045011520385742,26.147919376772748,25.871209917964805,26.001560683597194,115117200,0.007430443844982371,25.663331604003908,24.98382385253906,25.62571261094759,60.44927367517328,0.015683993456150253,26.08388328552246
2016-10-07,26.08388328552246,26.198226104406544,25.958107231589743,26.141054694964502,97433600,0.001492484083038148,25.788308334350585,25.030851669311524,25.669347913288057,60.981031342094795,0.014406893591869207,26.538965225219727
2016-10-10,26.538965225219727,26.69904445123124,26.234812951065138,26.303417585898913,144944000,0.017446863057766215,25.90962610244751,25.087572288513183,25.7521686096625,66.63652586401699,0.014134780092858495,26.596141815185547
2016-10-11,26.596141815185547,27.142700379565017,26.57327185437994,26.91630032966746,256164000,0.0021544393114274474,26.0051025390625,25.137066307067872,25.832547010188506,67.27824461117439,0.013421735215023822,26.833972930908203
2016-10-12,26.833972930908203,26.9803333498666,26.69904923690448,26.83626027589914,150347200,0.008942316422258845,26.068791484832765,25.198458938598634,25.92792090739991,69.87392446599077,0.011279592328264348,26.75164794921875
2016-10-13,26.75164794921875,26.856843138239455,26.46350354336801,26.708197117656685,140769600,-0.003067938612795862,26.08491382598877,25.252245864868165,26.006371101858846,67.86704573465364,0.008544328907509544,26.900291442871094
2016-10-14,26.900291442871094,27.023781898930597,26.785948621860403,26.957462853376438,142608800,0.005556423811142519,26.115900611877443,25.30603271484375,26.09150637243144,69.56667552846632,0.008478322748361813,26.88199234008789
2016-10-17,26.88199234008789,26.94830962714969,26.705903455215502,26.83168123012435,94499600,-0.0006802566738752791,26.16129426956177,25.352089958190916,26.16679075030348,69.0822370317866,0.007940149798871221,26.86370086669922
2016-10-18,26.86370086669922,27.03292774205229,26.85912617711156,27.026067452403673,98214000,-0.0006804359274142913,26.20588779449463,25.393710708618165,26.23316314234117,68.56823604631724,0.007948464072033397,26.783658981323242
2016-10-19,26.783658981323242,26.93001763056003,26.02442283413263,26.81338748219759,80138400,-0.0029795554146896386,26.2467080116272,25.4317183303833,26.285591317482318,66.24546183851156,0.00800815058570526,26.769939422607422
2016-10-20,26.769939422607422,26.843118754782015,26.602999888927684,26.724202994273142,96503200,-0.0005122361633034256,26.274607563018797,25.473156127929688,26.331719708446613,65.83380014271417,0.007801469578326267,26.664745330810547
2016-10-21,26.664745330810547,26.73563906577721,26.591565995646846,26.71276910594301,92770800,-0.003929560322726733,26.319087028503418,25.51281021118164,26.36343643438604,62.620602374341786,0.006721798788597448,26.904870986938477
2016-10-24,26.904870986938477,26.92545186096177,26.756224943859266,26.77909316324069,94154800,0.009005360941905183,26.37362880706787,25.556123390197754,26.41500162986722,66.6250371345586,0.006915652972982673,27.042068481445312
2016-10-25,27.042068481445312,27.067224033564788,26.827103488690696,26.973462112986308,192516000,0.0050993552272911025,26.432629299163818,25.59623474121094,26.474722282398467,68.68898342465214,0.00694773723696126,26.43376922607422
2016-10-26,26.43376922607422,26.458924783136965,25.91236630646959,26.141051919961637,264536800,-0.022494553469105893,26.45138120651245,25.62463737487793,26.47082199131997,53.030237975859386,0.008753489177254192,26.179933547973633
2016-10-27,26.179933547973633,26.495519111665708,26.093031885777496,26.388036578780813,138248000,-0.009602704628676406,26.477680015563966,25.648695220947264,26.44311833004889,48.10239728508893,0.008259324309446427,26.006134033203125
2016-10-28,26.006134033203125,26.346875184613896,25.944387926768172,26.040437231807747,151446800,-0.006638653778552439,26.48534107208252,25.669917373657228,26.40150077796834,45.01780360952917,0.008271203143065755,25.9649715423584
2016-10-31,25.9649715423584,26.122765215168037,25.88721750621552,25.990127105986986,105677600,-0.0015827993038939336,26.497004413604735,25.689035530090333,26.359926565053108,44.29335498726921,0.008200922603647479,25.496166229248047
2016-11-01,25.496166229248047,26.017569305696814,25.276628183624002,25.94667730250362,175303200,-0.01805529855272736,26.479738903045654,25.702665100097658,26.277663675928817,36.99195509492122,0.009125757898001496,25.519027709960938
2016-11-02,25.519027709960938,25.692829271127486,25.436702491232396,25.475578628218926,113326800,0.0008966634633353898,26.4630446434021,25.715196952819824,26.20541263155092,37.53273008495404,0.00912913822150696,25.245502471923828
2016-11-03,25.245502471923828,25.62017331781611,25.181142007961093,25.509841594934596,107730400,-0.01071848195573466,26.423069190979003,25.72600883483887,26.11399261634834,33.795442923409354,0.00918965743593923,25.0179386138916
2016-11-04,25.0179386138916,25.342041758424088,24.85014194984837,24.94668264042319,123348000,-0.009014035600412584,26.36977195739746,25.734373207092286,26.009606520876268,31.0273447348805,0.009308079314759524,25.378820419311523
2016-11-07,25.378820419311523,25.40180604772153,25.160452565188898,25.302966267236577,130240000,0.01442492169277032,26.31176471710205,25.752836685180664,25.94953165406058,39.491542678191344,0.008994293602588967,25.52822494506836
2016-11-08,25.52822494506836,25.67993323177175,25.215615524307584,25.355830121282235,97016800,0.005886976750233419,26.25836887359619,25.774837188720703,25.90940720558513,42.630417558703336,0.009127011936958529,25.486852645874023
2016-11-09,25.486852645874023,25.587991513710712,24.836350779053614,25.256992858020464,236705600,-0.00162064927284844,26.191012859344482,25.799760627746583,25.86916391418407,41.98097457820226,0.008758222514395439,24.776586532592773
2016-11-10,24.776586532592773,25.535122773847835,24.326061562671892,25.535122773847835,228538000,-0.027867941293105547,26.092259788513182,25.81002151489258,25.765108925461092,32.755283223343724,0.010433060205166529,24.92369270324707
2016-11-11,24.92369270324707,25.02483155418706,24.49155700560564,24.62257699264575,136575600,0.005937305789107894,25.99342985153198,25.820343055725097,25.684974047154995,35.897360045642785,0.010451322262474373,24.298477172851562
2016-11-14,24.298477172851562,24.781182360897954,23.92380636217132,24.758196733598787,204702000,-0.025085188532839475,25.864254093170167,25.813586616516112,25.552926725792762,29.572748331637058,0.011450236955468145,24.620281219482422
2016-11-15,24.620281219482422,24.751301224165672,24.401915129573986,24.496156727620768,129058000,0.013243794841201417,25.752083110809327,25.81340343475342,25.464103344239394,35.8387512387756,0.012128438678747851,25.282276153564453
2016-11-16,25.282276153564453,25.33744376220521,24.50305165684557,24.52603728360043,235362000,0.026888195475126553,25.677013969421388,25.823441429138185,25.44678646893702,46.402991095762914,0.013992600185870242,25.27307891845703
2016-11-17,25.27307891845703,25.36502316958602,25.015637119724733,25.24089869361549,110528000,-0.0003637819257870101,25.602170944213867,25.84628490447998,25.430242892700832,46.28895819883812,0.013993909700977945,25.298368453979492
2016-11-18,25.298368453979492,25.40870192710526,25.206425939014256,25.22021696552083,113715600,0.0010006511515299188,25.533852100372314,25.880565299987794,25.41768342234642,46.676989793013796,0.01401599227596083,25.682235717773438
2016-11-21,25.682235717773438,25.741998001934082,25.286876589000848,25.312161306796146,117058400,0.01517359763702708,25.472720336914062,25.911957817077635,25.442878879053755,52.30901641156639,0.014347199895304781,25.698322296142578
2016-11-22,25.698322296142578,25.84083422734658,25.60637803987788,25.73279985776237,103862000,0.0006263698591477684,25.405533027648925,25.932192001342774,25.467206823538405,52.53526630033675,0.014261630158548571,25.56730842590332
2016-11-23,25.56730842590332,25.631668894599766,25.360434238170992,25.597189571029173,109705600,-0.005098148771327526,25.36220998764038,25.93233428955078,25.476740309477922,50.4366334536637,0.013483956940644568,25.696022033691406
2016-11-25,25.696022033691406,25.714411234842505,25.50293892898638,25.54431375473098,45903600,0.005034304184232452,25.33801441192627,25.917670707702637,25.497624283212538,52.446467427674435,0.013422590654905697,25.64545440673828
2016-11-28,25.64545440673828,25.852328549976207,25.604079578090698,25.613274179311368,108776000,-0.0019679165470368742,25.319980430603028,25.90496868133545,25.511703342595943,51.5618396292024,0.01335698442359775,25.62017250061035
2016-11-29,25.62017250061035,25.751192513409958,25.300667526350065,25.46386777010459,114115200,-0.000985824065620311,25.302740478515624,25.89788974761963,25.522033738597315,51.097785814460266,0.013355370258887524,25.40410614013672
2016-11-30,25.40410614013672,25.79027070188551,25.346641186029405,25.652355162766206,144649200,-0.00843344674859181,25.29813747406006,25.886535263061525,25.510802538743924,47.18899277341343,0.012856855619855022,25.167346954345703
2016-12-01,25.167346954345703,25.500644689323998,25.061611665429094,25.369624684178312,148347600,-0.009319721169679385,25.2805534362793,25.870537109375,25.47809248308695,43.28192018999808,0.013017040714718498,25.261585235595703
2016-12-02,25.261585235595703,25.30525739275054,25.020231812289612,25.09378685736632,106112000,0.0037444662491024072,25.28135757446289,25.851529846191408,25.45747274523064,45.22589772762562,0.012826432645712819,25.079992294311523
2016-12-05,25.079992294311523,25.291462799845917,24.882312809754044,25.284567289357458,137298000,-0.007188501417888071,25.284460258483886,25.837626571655274,25.421522226095483,42.22277690483658,0.012764430152125472,25.27307891845703
2016-12-06,25.27307891845703,25.367322258129196,25.09838677037175,25.169642731993623,104782000,0.007698831079358204,25.279173183441163,25.826807441711427,25.407384768225153,46.305529669149394,0.012454812509695084,25.521324157714844
2016-12-07,25.521324157714844,25.55810255429244,25.091487608279657,25.114473229295417,119994800,0.00982251668104106,25.278828144073486,25.819992752075194,25.418236138652745,51.09073898968904,0.012585365188358533,25.77187728881836
2016-12-08,25.77187728881836,25.84313325425005,25.422489466585745,25.48225349606858,108273200,0.009817403264625435,25.293079376220703,25.814255676269532,25.451916248192326,55.41002711020785,0.012763503265654784,26.19251251220703
2016-12-09,26.19251251220703,26.3649072898311,25.8155427387643,25.8155427387643,137610400,0.016321481693969186,25.363875675201417,25.825026779174806,25.522449225717537,61.54928625518735,0.011312191546439015,26.043113708496094
2016-12-12,26.043113708496094,26.433874632014717,25.856926094665106,26.04081461966854,105497600,-0.005703874480972759,25.419846725463866,25.828830795288084,25.572036319315494,58.470081134998566,0.011443347395086645,26.47754669189453
2016-12-13,26.47754669189453,26.645343337012505,26.146548071609143,26.16723460853157,174935200,0.016681299642627323,25.528800201416015,25.843747634887695,25.65827540241826,64.09516373245287,0.00989667960367437,26.47754669189453
2016-12-14,26.47754669189453,26.709703790136704,26.42927635205138,26.443067376666335,136127200,0.0,25.62166347503662,25.85646903991699,25.73630123951124,64.09516373245287,0.009711585831259846,26.622356414794922
2016-12-15,26.622356414794922,26.83152963095171,26.486740002844183,26.521217562702347,186098000,0.005469151828357388,25.688667488098144,25.87185791015625,25.820687446681113,65.8816517888913,0.008058803080803428,26.656835556030273
2016-12-16,26.656835556030273,26.77866094325025,26.583280505990434,26.771765431323193,177404400,0.0012951198120159102,25.757855319976805,25.88409439086914,25.90032059995246,66.31145809402273,0.008035016758001981,26.81084632873535
2016-12-19,26.81084632873535,26.980942085876432,26.606271251631483,26.617764942849433,111117600,0.005777533960524384,25.8334792137146,25.898633651733398,25.987037336027022,68.23630061871408,0.008052841071022818,26.882097244262695
2016-12-20,26.882097244262695,27.008520809100734,26.820035882963577,26.83382690687655,85700000,0.0026575407077313873,25.893472290039064,25.905496292114258,26.072281136811373,69.11548075718729,0.007520703955127686,26.907381057739258
2016-12-21,26.907381057739258,26.98553428257856,26.843020610042583,26.847618786987013,95132800,0.0009405446772556836,25.953925228118898,25.911721076965332,26.151814462614027,69.43874287817158,0.007517324227652939,26.730390548706055
2016-12-22,26.730390548706055,26.780959974316932,26.58098136040775,26.74418157253058,104343600,-0.006577767960895486,26.012079334259035,25.909649429321288,26.20691694700374,64.36036996660869,0.007601070110057873,26.783262252807617
2016-12-23,26.783262252807617,26.783262252807617,26.569492575616366,26.569492575616366,56998000,0.001977962275007794,26.066441345214844,25.910281715393065,26.261806976127918,65.1796159282444,0.007572905560142762,26.953359603881836
2016-12-27,26.953359603881836,27.07748410155773,26.776366582612287,26.783262095756886,73187600,0.006350882482823339,26.13183660507202,25.91134307861328,26.3276691311521,67.74820120806301,0.007566090264318687,26.83842658996582
2016-12-28,26.83842658996582,27.128048630534312,26.709703929355662,27.013118748301817,83623600,-0.004264144270143655,26.192749309539796,25.91047176361084,26.376312698658168,64.29690353244045,0.007680622655849043,26.83152961730957
2016-12-29,26.83152961730957,26.918875691723734,26.755675478278704,26.767167413662005,60158000,-0.00025698125905893043,26.264120483398436,25.909828338623047,26.41966669091068,64.08592140113959,0.007283590827421394,26.622356414794922
2016-12-30,26.622356414794922,26.939562241325184,26.532711251782224,26.813140429900198,122345200,-0.007795798655463426,26.3368709564209,25.90660228729248,26.43897047413775,57.88245048242492,0.007157424007336471,26.698209762573242
2017-01-03,26.698209762573242,26.739584586867494,26.37870485695846,26.617759202470722,115127600,0.002849234928586686,26.408702182769776,25.905167694091798,26.463659930179226,59.41662127200344,0.00715425787653101,26.6683349609375
2017-01-04,26.6683349609375,26.780967532929388,26.606273582520334,26.62925921327887,84472400,-0.0011189814561133327,26.488119316101074,25.905239486694335,26.48315279025144,58.51260754021662,0.006829920384840235,26.803945541381836
2017-01-05,26.803945541381836,26.861410478782332,26.62005704022397,26.645341752975444,88774400,0.005085078638879192,26.564662647247314,25.903220977783203,26.51370448083529,61.38470799996598,0.0067619016714707885,27.102764129638672
2017-01-06,27.102764129638672,27.160229067489293,26.771765526438056,26.843021488191795,127007600,0.011148306050521528,26.643734645843505,25.90443489074707,26.569805399768946,66.83330192966758,0.006838714514602192,27.351015090942383
2017-01-09,27.351015090942383,27.45215395665387,27.109663370982208,27.111960706154942,134247600,0.009159617820391652,26.722691535949707,25.922779808044435,26.644206322737844,70.55092070666853,0.0068058705193715366,27.37859344482422
2017-01-10,27.37859344482422,27.440654802259388,27.192407618828085,27.30044022223815,97848400,0.001008311895925429,26.781995582580567,25.946753005981446,26.714147953412734,70.94060355435262,0.006047409520968161,27.525705337524414
2017-01-11,27.525705337524414,27.567080163085443,27.261366271645112,27.293546496671386,110354400,0.00537324508640924,26.856125164031983,25.97714443206787,26.79143913285194,72.99352177342553,0.0057836365913387245,27.41077423095703
2017-01-12,27.41077423095703,27.422267919532228,27.17171988885633,27.330323672002628,108344800,-0.0041754100451951714,26.902786540985108,26.006060485839843,26.85042342790957,68.89838341340791,0.004969772342204069,27.362506866455078
2017-01-13,27.362506866455078,27.49582595216352,27.309638348435918,27.378596979992935,104447600,-0.001760890228610923,26.947034549713134,26.043387298583983,26.89919327919962,67.19343292035057,0.005017684079976338,27.58316993713379
2017-01-17,27.58316993713379,27.638335785974654,27.174019863656817,27.201601911231894,137759200,0.008064431806474204,26.995075225830078,26.08467014312744,26.964333913288588,70.75627217540882,0.0051531858335039345,27.580873489379883
2017-01-18,27.580873489379883,27.698102463870374,27.51651303395479,27.583172578128174,94852000,-8.325539664733039e-05,27.041277122497558,26.131377563476562,27.023051968154427,70.67025529328494,0.005169300957692788,27.53260040283203
2017-01-19,27.53260040283203,27.603856363706946,27.4383588178385,27.445254329705012,102389200,-0.001750237771346863,27.07736482620239,26.18167079925537,27.07158039050467,68.77748366553897,0.00513208103696492,27.58316993713379
2017-01-20,27.58316993713379,27.686606122921752,27.52110857639915,27.686606122921752,130391600,0.0018367147876288126,27.112418460845948,26.225757789611816,27.120303204469348,69.69321892860678,0.005124279590320598,27.601560592651367
2017-01-23,27.601560592651367,27.76935723654545,27.53030287404862,27.58317139083835,88200800,0.0006667346631838988,27.147127437591553,26.267224502563476,27.166137241439063,70.03739019835547,0.005125657599855993,27.576276779174805
2017-01-24,27.576276779174805,27.60615791782872,27.468242407108608,27.47973609703981,92844000,-0.0009160284032380117,27.18942174911499,26.309012985229494,27.20519814979485,68.87927064616761,0.004815395340421901,28.015308380126953
2017-01-25,28.015308380126953,28.06587781055767,27.647533095663874,27.679713323448713,129510400,0.015920626430747875,27.251024055480958,26.373787422180175,27.282351505064575,76.22948386912395,0.005788502432930943,28.029094696044922
2017-01-26,28.029094696044922,28.144024555544938,27.95094147966586,27.967031589848244,105350400,0.000492099381199429,27.304810810089112,26.435895462036132,27.35346990420556,76.41783617934125,0.005718783504672963,28.031402587890625
2017-01-27,28.031402587890625,28.123346860857197,27.95095200667905,28.075076512130252,82251600,8.233915046962359e-05,27.364459609985353,26.510553970336915,27.418034921699377,76.4514755567053,0.005549316645316964,27.957839965820312
2017-01-30,27.957839965820312,27.957839965820312,27.734877487763406,27.796938846873953,121510000,-0.0026242933024724913,27.420775127410888,26.577305145263672,27.46944492590137,72.8827317604732,0.005628965438490185,27.893478393554688
2017-01-31,27.893478393554688,27.90267299336527,27.7256817696607,27.847507148192374,196804000,-0.002302093879366529,27.48433122634888,26.629529190063476,27.509829065677877,69.81219081518847,0.00524282965176675,29.594444274902344
2017-02-01,29.594444274902344,29.994401522323454,29.19448878117204,29.199085204775255,447940000,0.06098077325991347,27.62914295196533,26.715956497192384,27.70836384750878,86.27245442236064,0.014125137980261927,29.54387664794922
2017-02-02,29.54387664794922,29.741556195064256,29.371481816420356,29.417454823709267,134841600,-0.0017086864846456162,27.772920036315917,26.800866661071776,27.88317459040787,84.79224562356353,0.014139750011043962,29.67029571533203
2017-02-03,29.67029571533203,29.695580427074365,29.458825175024025,29.49330273313571,98029200,0.004279027728461227,27.916237545013427,26.880627861022948,28.053376602305406,85.46371904678213,0.014141318083922548,29.948429107666016
2017-02-06,29.948429107666016,29.996701204576585,29.628924154671164,29.68179442923557,107383600,0.00937413617317806,28.058520793914795,26.96562999725342,28.23385779329213,86.84039528610512,0.01410746272647263,30.23345375061035
2017-02-07,30.23345375061035,30.362174654170975,29.985204790579903,30.005891327070383,152735200,0.0095171817499895,28.202642726898194,27.05895290374756,28.424295503512912,88.08566201643144,0.014113109161955406,30.350683212280273
2017-02-08,30.350683212280273,30.392059795706793,30.16220002021809,30.192082913393808,92016400,0.003877475019457677,28.351247215270995,27.152046127319338,28.607760999585995,88.56495011857095,0.014083733396929777,30.569990158081055
2017-02-09,30.569990158081055,30.57691556512335,30.26987627009407,30.39222982462463,113399600,0.007225766361399266,28.50346145629883,27.250536842346193,28.794639967061713,89.42222729650909,0.014090626965342143,30.50074005126953
2017-02-10,30.50074005126953,30.690043950455642,30.484581938400783,30.579233887993837,80262000,-0.002265296993993915,28.657959747314454,27.348148193359375,28.957125689367217,87.19918178967615,0.014029005981922986,30.77083969116211
2017-02-13,30.77083969116211,30.893196790880747,30.64617881878719,30.722361832911705,92141600,0.008855511028209806,28.828376388549806,27.45548286437988,29.129860356204826,88.40948413988639,0.013942573149369928,31.170223236083984
2017-02-14,31.170223236083984,31.186381347735317,30.76160653814567,30.81239521348662,132904800,0.012979286523551847,29.007729053497314,27.57554039001465,29.324180630479034,89.92618812703913,0.01402439007326463,31.28333282470703
2017-02-15,31.28333282470703,31.458785849663617,31.07787087910306,31.28564364193261,142492400,0.003628770566266093,29.192852020263672,27.695975341796874,29.510766553738843,90.31281290988106,0.013960974332829173,31.246408462524414
2017-02-16,31.246408462524414,31.37337663728283,31.1286694692627,31.320280662969946,90338400,-0.0011803206004142863,29.37854242324829,27.819303665161133,29.676065783146996,89.11048501531718,0.01394401850410259,31.331823348999023
2017-02-17,31.331823348999023,31.357217687790786,31.188693542675402,31.188693542675402,88792800,0.002733590536558861,29.56597509384155,27.94047855377197,29.833756979894808,89.46004176545425,0.01392988382787976,31.558069229125977
2017-02-21,31.558069229125977,31.56961275366342,31.391852339036305,31.449566439134408,98028800,0.00722096118080473,29.763800525665282,28.061213455200196,29.9979771941073,90.34419853911794,0.013862839007745466,31.652713775634766
2017-02-22,31.652713775634766,31.655021070965507,31.421857429381895,31.4957296284369,83347600,0.0029990601079434853,29.967622375488283,28.178830184936523,30.155571154252772,90.69581431796308,0.0137753872348157,31.518817901611328
2017-02-23,31.518817901611328,31.738130734589046,31.465721926226674,31.71504721261627,83152800,-0.0042301546392684575,30.1427978515625,28.28535629272461,30.28540417781073,85.92850254060144,0.013825746001811901,31.5488338470459
2017-02-24,31.5488338470459,31.5488338470459,31.230250914298363,31.375691561437687,87106400,0.0009523182477295666,30.31878480911255,28.395470695495604,30.405730812975982,86.10482989627795,0.013816481985598393,31.611154556274414
2017-02-27,31.611154556274414,31.728893535232476,31.46109935565045,31.659635933949133,81029600,0.001975372830915312,30.497772407531738,28.498142852783204,30.5205330742425,86.48354041802531,0.013780102376039525,31.625024795532227
2017-02-28,31.625024795532227,31.728909488396067,31.5580744556804,31.645801029587055,93931600,0.0004387767372786566,30.681131649017335,28.601092414855955,30.625722761984377,86.57126370534614,0.013694624203094486,32.27140808105469
2017-03-01,32.27140808105469,32.35451650915443,31.76583562625202,31.832782418776734,145658400,0.02043898114551923,30.900028133392333,28.714073448181153,30.782454697133932,89.87059961687758,0.013888358838464248,32.079795837402344
2017-03-02,32.079795837402344,32.38452434862909,32.03362175524529,32.319884860714694,104844000,-0.005937523493585339,31.024295711517333,28.822532653808594,30.906010996207115,83.33428533732298,0.006276733391491821,32.26909255981445
2017-03-03,32.26909255981445,32.28063607905567,31.994373005776005,32.038236265340124,84432400,0.005900808202507379,31.160556507110595,28.931697578430175,31.035828287979243,84.53123388244994,0.006137826963026711,32.16752243041992
2017-03-06,32.16752243041992,32.26679249102052,31.996690988707904,32.17444783899807,87000000,-0.003147597943953917,31.28541784286499,29.03740608215332,31.1436086824974,81.16288841063623,0.006368348478287128,32.209068298339844
2017-03-07,32.209068298339844,32.3152602116108,32.040540682247865,32.10287286248171,69785200,0.0012915470257239825,31.39844980239868,29.14343982696533,31.24508102686335,81.48782850225015,0.006269585063096785,32.08903121948242
2017-03-08,32.08903121948242,32.27371699576687,32.047478769177225,32.07748769797936,74828800,-0.0037268100320557718,31.491228675842287,29.250612640380858,31.325457235684215,77.33687496149867,0.006318032441173531,32.01515579223633
2017-03-09,32.01515579223633,32.040550130739646,31.63886235043582,32.02901013171941,88623600,-0.0023022018564786695,31.574452304840086,29.355250511169434,31.3911428124987,74.81112371087798,0.006423173375086332,32.121360778808594
2017-03-10,32.121360778808594,32.17214947086683,32.00593257369248,32.14675512483771,78451200,0.0033173346792840785,31.652020835876463,29.45861053466797,31.46068738071869,76.02345189532815,0.006336869643606763,32.135196685791016
2017-03-13,32.135196685791016,32.18829264917748,32.047473685975916,32.054399093261644,69686800,0.00043073850692998406,31.73374366760254,29.564545936584473,31.524926362154147,76.18426550378592,0.006258418766275882,32.08673095703125
2017-03-14,32.08673095703125,32.23909349746687,32.052100384931684,32.158295874412474,61236400,-0.0015081821105266124,31.799538230895998,29.669649963378905,31.57843156166625,74.30424932277954,0.0061439975310931,32.426082611083984
2017-03-15,32.426082611083984,32.49302939880526,32.09595621777302,32.18368275296958,102767200,0.010576074406182912,31.862331199645997,29.785724487304687,31.65916023303937,78.33553970946784,0.00594043958959669,32.47917556762695
2017-03-16,32.47917556762695,32.55535857439694,32.379905520288666,32.486100975279875,76928000,0.0016373533978730759,31.92212333679199,29.901343803405762,31.73725693157152,78.89345910558784,0.005928265827330524,32.31757736206055
2017-03-17,32.31757736206055,32.550740976098126,32.294490321127455,32.550740976098126,175540000,-0.004975440501250761,31.9756817817688,30.014328651428222,31.792525543999048,72.75224430356326,0.006090372236082156,32.65694046020508
2017-03-20,32.65694046020508,32.66617316416422,32.37298461657809,32.412229772933976,86168000,0.010500882982117599,32.0419376373291,30.131388549804687,31.874850774113906,76.831045131556,0.006399279189667763,32.2829475402832
2017-03-21,32.2829475402832,32.9662838100566,32.25755320371015,32.80699238269728,158119600,-0.011452172636245983,32.07818155288696,30.234992218017577,31.913717132796695,65.2405310816282,0.006950167540309875,32.647705078125
2017-03-22,32.647705078125,32.689261053486796,32.26448268602448,32.28526243499958,103440800,0.011298768099989864,32.127931118011475,30.34092601776123,31.983620746637488,69.99484080105708,0.0073045669174941034,32.53226089477539
2017-03-23,32.53226089477539,32.684626858487,32.460696024040544,32.61075117089834,81385200,-0.0035360581417087644,32.17860326766968,30.443999366760252,32.03587218931729,66.87707100095231,0.00727713698781775,32.467655181884766
2017-03-24,32.467655181884766,32.721598718729965,32.40070835267485,32.666191895439106,89582400,-0.0019858968025490142,32.22454433441162,30.542838363647462,32.07699437908562,65.12869850456116,0.00732061279813616,32.523033142089844
2017-03-27,32.523033142089844,32.60152343015169,32.00129570624854,32.179056024283945,94300400,0.001705634727695804,32.27013826370239,30.645083541870118,32.1194742612765,65.95040992835312,0.007319865147801686,33.19713592529297
2017-03-28,33.19713592529297,33.252539181636585,32.46301107545243,32.529961373650984,133499200,0.020726934669901054,32.34874382019043,30.761776123046875,32.22210870546854,73.98620326619204,0.008485579827964945,33.271026611328125
2017-03-29,33.271026611328125,33.35644588334221,33.056331828421015,33.16944922142346,116760000,0.0022258150884293393,32.398724746704104,30.875533256530762,32.32200564888374,74.69127831053505,0.0073571239777334005,33.227149963378906
2017-03-30,33.227149963378906,33.35873976262738,33.127883432090165,33.287174863774936,84829200,-0.0013187644752230554,32.45609245300293,30.988458786010742,32.408209869311854,73.41875126759557,0.007180015639918043,33.164825439453125
2017-03-31,33.164825439453125,33.30564795960182,33.014766692278144,33.178676257404064,78646800,-0.0018757107965766684,32.50087909698486,31.101103286743164,32.480268495039596,71.55391485799798,0.007155803741282117,33.1740608215332
2017-04-03,33.1740608215332,33.27102007760433,33.02400558483501,33.176371639770544,79942800,0.0002784691901043246,32.551206016540526,31.212921104431153,32.546343954705655,71.66875138312608,0.007081984729675309,33.42106628417969
2017-04-04,33.42106628417969,33.44876791191297,33.051694808994476,33.070163735012486,79565600,0.007445740935223544,32.61180591583252,31.32931121826172,32.62965084322699,74.61987661891027,0.007202138429983694,33.24794006347656
2017-04-05,33.24794006347656,33.58037384658186,33.199458669028225,33.294110639443595,110871600,-0.005180152519103642,32.66975135803223,31.442744483947752,32.68853553086981,69.18052943462335,0.007268638487811711,33.164825439453125
2017-04-06,33.164825439453125,33.3633620494564,33.11634405403635,33.310262550526474,84596000,-0.0024998428132616546,32.727234840393066,31.54573482513428,32.73389647454441,66.6680122584507,0.007274641680768495,33.0909423828125
2017-04-07,33.0909423828125,33.28486083634301,33.07478427297881,33.1809762021365,66688800,-0.0022277535208351518,32.77571392059326,31.646971778869627,32.76790084676042,64.42799249200988,0.007318924292790407,33.051700592041016
2017-04-10,33.051700592041016,33.21561013751287,32.989368396147434,33.15097064643362,75733600,-0.001185877099464716,32.821539115905765,31.747377738952636,32.79492939393,63.213121321467284,0.0073404051922886975,32.69618225097656
2017-04-11,32.69618225097656,33.09325540952474,32.33373613194622,32.99860347139208,121517600,-0.010756431127482258,32.85201168060303,31.842144584655763,32.78552490412491,53.390689319144116,0.007811581078824127,32.73542785644531
2017-04-12,32.73542785644531,32.816225457301364,32.55304938555892,32.68925729558643,81400000,0.0012003115583190116,32.867478942871095,31.938983573913575,32.78075375672685,54.23606330244355,0.0074790155079851,32.56229019165039
2017-04-13,32.56229019165039,32.869329572304196,32.56229019165039,32.7608268015999,71291600,-0.005288999598666688,32.87163467407227,31.998340492248534,32.75994770291005,49.933261541594625,0.007583277616543024,32.74235534667969
2017-04-17,32.74235534667969,32.75389886827551,32.52073170883979,32.66155421809713,66328400,0.005529867646578257,32.89287357330322,32.06231006622315,32.75827224041192,54.01894673690299,0.00757303445580275,32.5969123840332
2017-04-18,32.5969123840332,32.79083085160347,32.57613616020524,32.645393762219754,58790000,-0.004442043374904392,32.88987216949463,32.120842399597166,32.74290463504252,50.4385903575947,0.007284787034926019,32.47686767578125
2017-04-19,32.47686767578125,32.78159973031379,32.423771704796266,32.75389809720652,69313600,-0.003682701810455935,32.89956817626953,32.17141117095947,32.71756778177954,47.63239711360164,0.0068392281870877005,32.8831787109375
2017-04-20,32.8831787109375,32.99398877144453,32.58768286785988,32.601533685099724,93278400,0.012510782727339409,32.91134185791016,32.224405670166014,32.73334025122316,56.461699439846235,0.0069461477110361325,32.84393310546875
2017-04-21,32.84393310546875,32.93858152950958,32.74697386352734,32.883178261307776,69283600,-0.0011934857579840585,32.92692546844482,32.274270668029786,32.743872904008455,55.48853980018674,0.006896170589425404,33.16019821166992
2017-04-24,33.16019821166992,33.23176309980541,33.05400276558699,33.12787847113817,68537200,0.009629331090937887,32.96155261993408,32.326074829101564,32.78352293330955,61.28025919881002,0.0071599100097562126,33.365665435791016
2017-04-25,33.365665435791016,33.451081151540144,33.21329941100493,33.222535636949104,75486000,0.006196200119478856,33.00368423461914,32.38337333679199,32.83896507640302,64.51102233203028,0.0072503983066971875,33.16944122314453
2017-04-26,33.16944122314453,33.381832181324775,33.10018713089948,33.35181972629284,80164800,-0.005881022005213676,33.00229949951172,32.43134536743164,32.870438995140304,59.41249023293283,0.0057938412113564325,33.19483184814453
2017-04-27,33.19483184814453,33.280251089997954,33.08402179036965,33.224844299816404,56985200,0.0007654824460017196,32.99848976135254,32.471837539672855,32.90133355256928,59.85462254832227,0.005773136580537675,33.16251754760742
2017-04-28,33.16251754760742,33.31257630802334,33.07479451864811,33.264094918328645,83441600,-0.0009734738433060386,32.99525814056396,32.50942123413086,32.926208218763385,58.97412647981458,0.005769811699896274,33.838924407958984
2017-05-01,33.838924407958984,33.98205421858617,33.46493824595202,33.49725799424165,134411600,0.02039672830570005,33.02896308898926,32.56127155303955,33.01313357011534,69.1907745251318,0.007340809841455671,34.053619384765625
2017-05-02,34.053619384765625,34.187516492302215,33.898946050866904,34.060544793553,181408800,0.006344615869532388,33.07294101715088,32.61570747375488,33.11222745722489,71.6076306355728,0.0074327786812029475,33.9497184753418
2017-05-03,33.9497184753418,34.048988491411315,33.30563110838422,33.610359516890874,182788000,-0.003051097395841307,33.09937362670898,32.6635404586792,33.19198850656936,68.79502280025088,0.007348730406572406,33.82737731933594
2017-05-04,33.82737731933594,33.96819981973374,33.66116048206023,33.82507002419722,93487600,-0.0036035985422004924,33.12834548950195,32.707033729553224,33.25250172683284,65.53113312661105,0.007289303396795396,34.38835906982422
2017-05-05,34.38835906982422,34.39297365997338,33.88047234638502,33.88047234638502,109310800,0.016583660778443532,33.189522171020506,32.76442455291748,33.36067861664154,72.07375513068526,0.008033353849049353,35.323333740234375
2017-05-08,35.323333740234375,35.48262520742203,34.40452632623706,34.40452632623706,195009600,0.027188696864300033,33.3011417388916,32.83991455078125,33.54759815222181,79.17025954607044,0.009756770302518859,35.549591064453125
2017-05-09,35.549591064453125,35.755053193299005,35.42492659105562,35.52188589114792,156521600,0.0064053219291992924,33.426036262512206,32.918683280944826,33.738264143862885,80.4640220958438,0.009720075689325853,35.38102340698242
2017-05-10,35.38102340698242,35.53800747009286,35.11554016003121,35.46644260470182,103222800,-0.004741760802960626,33.5602783203125,32.99380325317383,33.894717407017126,76.64450859562913,0.009334872252697522,35.68703079223633
2017-05-11,35.68703079223633,35.71485030550532,35.30686379075656,35.33931694196356,109020400,0.008648912772645012,33.70785846710205,33.06211570739746,34.06541391989514,78.62784743772077,0.009366055306374407,36.1854248046875
2017-05-12,36.1854248046875,36.259601924283665,35.853935742783264,35.86088973721014,130108000,0.013965690094890126,33.889015197753906,33.144228286743164,34.26731971844679,81.39849665213173,0.00931069981080674,36.09270095825195
2017-05-15,36.09270095825195,36.312919047116495,35.942026354589,36.16456126267978,104038800,-0.002562463946078508,34.05653247833252,33.22070045471192,34.44116555080919,79.33778763902053,0.009475917082827981,36.03938293457031
2017-05-16,36.03938293457031,36.17614953767241,35.865526004045456,36.14833356066949,80194000,-0.0014772522495147822,34.22865600585938,33.29813766479492,34.593376730215006,78.1131940800741,0.009343936396479218,34.829341888427734
2017-05-17,34.829341888427734,35.830759605936734,34.70416644230344,35.605904337064445,203070800,-0.03357552065581737,34.3462797164917,33.35054313659668,34.61584960242574,56.71702325126768,0.0126309273988126,35.36018753051758
2017-05-18,35.36018753051758,35.54563566989228,35.03333911992574,35.06579227903164,134272800,0.01524133426897234,34.470130157470706,33.415966262817385,34.68673892891068,61.6764373546476,0.012746780554401803,35.4807243347168
2017-05-19,35.4807243347168,35.693988426847056,35.38104805196041,35.55490499482918,107843200,0.0034088281940016785,34.601969718933105,33.48527763366699,34.7623565866065,62.7209511358325,0.012694935626042058,35.69630432128906
2017-05-22,35.69630432128906,35.833070917006374,35.44594993039589,35.69862114020477,91865600,0.006075974789537364,34.72877502441406,33.5567765045166,34.8513039899096,64.58032337291428,0.012635929552792675,35.65226745605469
2017-05-23,35.65226745605469,35.90725553809136,35.53867963713025,35.90725553809136,79675600,-0.0012336533451198228,34.84310512542724,33.62711791992187,34.92758622478056,63.87942483359655,0.012669948526986528,35.54563522338867
2017-05-24,35.54563522338867,35.73803735607429,35.3903234255379,35.6615398669008,76712000,-0.0029908962395576166,34.96191482543945,33.696296005249025,34.98644803417181,62.121289935424365,0.012574691418435336,35.66847610473633
2017-05-25,35.66847610473633,35.77974705384383,35.47375724948908,35.63602296219512,76942400,0.003455864006245868,35.08559703826904,33.76114387512207,35.051403088511286,63.37196341639551,0.012557818840734168,35.608211517333984
2017-05-26,35.608211517333984,35.75425244588684,35.538668049588445,35.69861696426487,87710400,-0.0016895756136422468,35.20788173675537,33.823724594116214,35.104432462684876,62.28543962203374,0.012572783078266635,35.62213134765625
2017-05-30,35.62213134765625,35.79830512567792,35.54331704199883,35.5641790281207,80507600,0.00039091630073828654,35.29704208374024,33.889815673828124,35.153737118396435,62.44560156387929,0.011949805548400706,35.411170959472656
2017-05-31,35.411170959472656,35.73802276968402,35.32308587160289,35.69166163862716,97804800,-0.005922171981365021,35.364919662475586,33.944900283813475,35.17825462707036,58.397981238496264,0.012063870540390464,35.50851821899414
2017-06-01,35.50851821899414,35.54329170820769,35.285983451383395,35.50620140123045,65616400,0.0027490550830102656,35.4428596496582,34.0094116973877,35.20970830249167,59.6962102103729,0.012004972427748417,36.034751892089844
2017-06-02,36.034751892089844,36.034751892089844,35.44132070084321,35.60126967008821,111082800,0.014819927710028047,35.5532283782959,34.07715263366699,35.2882838824534,65.89243536100614,0.012231555400502836,35.682395935058594
2017-06-05,35.682395935058594,35.80293773471264,35.57344884238732,35.77743857588445,101326800,-0.009778226254656075,35.617930221557614,34.14015533447266,35.325818363653894,59.31667782385775,0.0121376440307966,35.80293273925781
2017-06-06,35.80293273925781,36.11819341481537,35.647620988839236,35.67543696290587,106499600,0.003378046822264835,35.64191017150879,34.20686088562012,35.37125782799713,60.75935482814687,0.0105987763845152,36.01618957519531
2017-06-07,36.01618957519531,36.157593310239754,35.80987955558561,35.93505848805235,84278400,0.005956406909193301,35.665240097045896,34.27672401428222,35.43267989915886,63.24284561791504,0.010586589603683152,35.9281120300293
2017-06-08,35.9281120300293,36.05560427043574,35.79134190296804,35.98838115344194,85003200,-0.0024454987105764214,35.69259452819824,34.331343536376956,35.479863911622715,61.511322078997516,0.010536732850808316,34.53493881225586
2017-06-09,34.53493881225586,35.9744757167898,33.84878545799699,35.9744757167898,259530800,-0.03877668875584117,35.63498992919922,34.35662178039551,35.38987104501635,41.947685122223106,0.013579498855030863,33.70968246459961
2017-06-12,33.70968246459961,33.864994153579076,33.035117063308896,33.78386308226973,289229200,-0.023896273630094833,35.511202812194824,34.36627243041992,35.22985308497666,34.87238828507677,0.013936998068797137,33.98092269897461
2017-06-13,33.98092269897461,34.1802788282569,33.64711675811784,34.11305569103418,136661600,0.00804635981545787,35.40561389923096,34.38259437561035,35.11090733392884,38.54156065303139,0.014172199744157522,33.64942169189453
2017-06-14,33.64942169189453,34.19185432860384,33.34343187398011,34.19185432860384,126124800,-0.009755503404564103,35.28611583709717,34.39210159301758,34.97171822516367,35.88094433277362,0.014248736150400123,33.447750091552734
2017-06-15,33.447750091552734,33.49179440836366,32.965590036801295,33.22289840705595,128661600,-0.005993315492562434,35.21703624725342,34.39263526916504,34.82657840291501,34.328375778414625,0.012379108166995213,32.97948455810547
2017-06-16,32.97948455810547,33.496417906333754,32.96325622185263,33.32951505663312,201444400,-0.013999911269533372,35.098001098632814,34.38726615905762,34.65066470340934,30.97675430684258,0.011961846262467496,33.92295837402344
2017-06-19,33.92295837402344,34.015684178746284,33.30171139945538,33.30171139945538,130165600,0.028607900595162272,35.02011280059814,34.402428817749026,34.58135933870592,43.042976910198966,0.013889659683901788,33.61465072631836
2017-06-20,33.61465072631836,34.04581597861936,33.59842592166932,34.04581597861936,99600400,-0.009088465820279557,34.91603012084961,34.41290298461914,34.48929185181187,40.54844378088419,0.013830755194105045,33.81401824951172
2017-06-21,33.81401824951172,33.860382934814176,33.52193983260215,33.73288712449016,85063200,0.005930971135668095,34.82411766052246,34.42814933776855,34.42498008016423,42.854775226700234,0.013968512454328362,33.75836944580078
2017-06-22,33.75836944580078,34.006403410215725,33.640144509237814,33.790822587045554,76425200,-0.0016457317583585818,34.734754371643064,34.449393081665036,34.361493353082,42.36079597517406,0.013969516524897259,33.90904998779297
2017-06-23,33.90904998779297,34.11304321865027,33.637833644291,33.64247081875442,141757600,0.0044635017764738105,34.6467830657959,34.47286552429199,34.31840350876875,44.23516847998085,0.01399385776860515,33.80242919921875
2017-06-26,33.80242919921875,34.37267801840908,33.70043255523252,34.115369589126985,102769600,-0.003144316594319241,34.55649394989014,34.49766830444336,34.26926309833542,43.16551223961188,0.01399357415139912,33.317935943603516
2017-06-27,33.317935943603516,33.88123414935827,33.292436789645436,33.61465144213694,99047600,-0.014333089872322957,34.4412841796875,34.50917991638184,34.17866051217048,38.5980737815896,0.014218696644312393,33.80474090576172
2017-06-28,33.80474090576172,33.86964720809466,33.185810677504435,33.49411738215002,88329600,0.014610897955449786,34.36096267700195,34.53333648681641,34.14304912108393,44.90607101600098,0.014746437575456501,33.306339263916016
2017-06-29,33.306339263916016,33.64246538422548,32.98180784645597,33.54510595898746,125997600,-0.014743542724824032,34.25085372924805,34.5499259185791,34.06336246802032,40.33705351754192,0.014953831703386395,33.385154724121094
2017-06-30,33.385154724121094,33.603055890739796,33.329519254837514,33.484830960653056,92096400,0.0023663801530560136,34.11837387084961,34.559965438842774,33.998771254315635,41.35325151812025,0.014418543157990536,33.264617919921875
2017-07-03,33.264617919921875,33.68187515874708,33.171895661128474,33.584515725875775,57111200,-0.003610491105860536,33.99748497009277,34.568379135131835,33.928851889135274,40.22485669589342,0.01434775347453631,33.40138626098633
2017-07-05,33.40138626098633,33.56365199104382,33.08380879379327,33.30866399727566,86278400,0.004111525988174547,33.8774076461792,34.57320289611816,33.87861706740681,42.15361683242743,0.014366924876373947,33.08613204956055
2017-07-06,33.08613204956055,33.264626155915046,33.01195493158579,33.153358710388744,96515200,-0.009438357107770856,33.730904769897464,34.56761222839356,33.8031423038024,39.0276124640765,0.014253068584197249,33.42226028442383
2017-07-07,33.42226028442383,33.55439327181347,33.12554468906654,33.12554468906654,76806800,0.010159187975185002,33.605612182617186,34.57266860961914,33.76686782576635,43.81200753013498,0.01460608600528918,33.626243591308594
2017-07-10,33.626243591308594,33.83255364767231,33.23448545866642,33.406025548221365,84362400,0.0061032169921741986,33.560177421569826,34.581296844482424,33.753475041532276,46.55290178359078,0.012141843071716079,33.73518753051758
2017-07-11,33.73518753051758,33.80936816120686,33.468608405373175,33.54973949092153,79127200,0.003239848629335018,33.56145267486572,34.592750244140625,33.75173337381659,48.0115441151406,0.01093575768722799,33.78387451171875
2017-07-12,33.78387451171875,33.885867589830724,33.57061046945743,33.814007302855764,99538000,0.001443210628579772,33.55160026550293,34.59164924621582,33.75479443456918,48.68554253704455,0.010781636574102997,34.25444412231445
2017-07-13,34.25444412231445,34.42134701782428,33.714328298946185,33.728236284050766,100797600,0.013928823067125506,33.581851387023924,34.595665740966794,33.80238011911634,54.786720382504086,0.010979873170936495,34.548851013183594
2017-07-14,34.548851013183594,34.61607768026899,34.15245915410795,34.30081694099434,80528400,0.008594706421680254,33.636906433105466,34.607648391723636,33.87347258521798,58.140087035667904,0.010979004835030018,34.66938018798828
2017-07-17,34.66938018798828,34.98000363842423,34.439891364919156,34.497843659573356,95174000,0.003488659427738794,33.72140121459961,34.62448844909668,33.94927330929134,59.46555181408905,0.010342625159449554,34.7899169921875
2017-07-18,34.7899169921875,34.801508156891565,34.46306524801784,34.58592381220187,71475200,0.003476751056570082,33.764749145507814,34.63251960754395,34.02933461242431,60.80227923923731,0.008343944025931745,35.00782012939453
2017-07-19,35.00782012939453,35.10054237800285,34.759782631820336,34.882641202933534,83692000,0.0062633991698215485,33.83440761566162,34.62620933532715,34.12252370927862,63.167022080628,0.008038952096152022,34.85020065307617
2017-07-20,34.85020065307617,35.17473571470918,34.81543068156793,35.11910022316766,68974800,-0.0045024076259467805,33.886216735839845,34.61222152709961,34.19182627535457,60.33171653542263,0.008112941786011468,34.8339729309082
2017-07-21,34.8339729309082,34.87338007436318,34.51175825242053,34.76906663143788,105010400,-0.0004656421444889647,33.93999691009522,34.601280517578125,34.25298309969301,60.03295029786137,0.008092806911416898,35.25586700439453
2017-07-24,35.25586700439453,35.33700165449248,34.74820419505378,34.905836319982505,85972800,0.012111569194910299,34.007337760925296,34.592657241821286,34.34849585252173,64.89958385065762,0.00840969481280892,35.40655517578125
2017-07-25,35.40655517578125,35.66154329373315,35.18865385909896,35.18865385909896,75415600,0.004274130355890415,34.08754405975342,34.57707984924316,34.449263407117876,66.4700199571584,0.008334911866779367,35.573448181152344
2017-07-26,35.573448181152344,35.68239527179852,35.48072236116956,35.54794902279812,63124000,0.004713618835340716,34.20031967163086,34.566694793701174,34.556328623692586,68.16867940514065,0.007358906770257898,34.901187896728516
2017-07-27,34.901187896728516,35.69629518520413,34.14549127963004,35.640659711313354,129905200,-0.018897810552422234,34.255142021179196,34.54393089294434,34.589172363981724,55.88676658076474,0.008391731068479388,34.655479431152344
2017-07-28,34.655479431152344,34.82469917644037,34.58361913673393,34.74588488818327,68854800,-0.0070401175542567085,34.32259902954102,34.54045364379883,34.59548732275988,52.18591410780026,0.0077530972809457446,34.476985931396484
2017-07-31,34.476985931396484,34.847882115795706,34.3379025150929,34.74820230717305,79383600,-0.005150513069959395,34.377190589904785,34.52278961181641,34.58420147596337,49.61553356957676,0.007915710369248813,34.7829704284668
2017-08-01,34.7829704284668,34.82237756717428,34.40280349002849,34.56275240057083,141474400,0.008875036167000472,34.45310821533203,34.508834533691406,34.603131852392266,53.81511225790991,0.007971959025329085,36.42650604248047
2017-08-02,36.42650604248047,37.03152833707844,36.199333963891554,36.922577704697034,279747200,0.04725115749943498,34.604364204406735,34.52343856811523,34.77678653716257,68.83905824161647,0.01284488831983801,36.06256103515625
2017-08-03,36.06256103515625,36.442728003738814,35.93506526032993,36.40563768067518,108389200,-0.009991213730457305,34.75318565368652,34.53164443969727,34.89924125125721,63.88327160319951,0.012876840233957453,36.252655029296875
2017-08-04,36.252655029296875,36.48678114081748,36.09038923234551,36.17847789517443,82239600,0.005271228351067636,34.89470539093018,34.54578483581543,35.0281378015467,65.28887775261666,0.01280785667200496,36.813629150390625
2017-08-07,36.813629150390625,36.839128311262435,36.31755746017154,36.407962932875485,87481200,0.015474014817408843,35.054074668884276,34.56868789672851,35.19818459667469,69.10954068930062,0.013052166370580051,37.1080322265625
2017-08-08,37.1080322265625,37.51369849126569,36.688457970153,36.76495546166681,144823600,0.007997121798809514,35.222716903686525,34.598684310913086,35.3800748471402,70.91866578454133,0.01306906796248004,37.33519744873047
2017-08-09,37.33519744873047,37.38387894784038,36.88317011611761,36.9179400889615,104526000,0.006121726444048958,35.40028305053711,34.63294563293457,35.56627699967261,72.26826689699419,0.013046622306966394,36.145992279052734
2017-08-10,36.145992279052734,37.23511776931683,35.98541526550975,37.21184440030399,163217200,-0.031852119472805196,35.49486045837402,34.647642059326174,35.62148797866119,57.28157774189386,0.01524509757685398,36.64867401123047
2017-08-11,36.64867401123047,36.90234102138387,36.32054214207355,36.44388322040585,105028400,0.013906983886261992,35.59985160827637,34.6704451751709,35.71931521985827,60.9664086901353,0.015396881764776486,37.20021057128906
2017-08-14,37.20021057128906,37.28398972674432,36.94421772100424,37.07686953006569,88490800,0.015049291002713572,35.726393127441405,34.69375434875488,35.860352872375486,64.57681332649398,0.015628831594311634,37.60747528076172
2017-08-15,37.60747528076172,37.747104860028465,37.267703224278414,37.388718367124,117862000,0.010947914090222444,35.86727104187012,34.732255935668945,36.02674548269798,67.00380551532822,0.015713672897408406,37.456199645996094
2017-08-16,37.456199645996094,37.81924146711986,37.27002335154309,37.686593209871155,110686400,-0.004022488445083461,35.9896900177002,34.765321273803714,36.16288397444066,65.21643458172795,0.015804372742031298,36.737117767333984
2017-08-17,36.737117767333984,37.400370076073735,36.732462380849725,37.35615278202183,111762400,-0.019197940139636605,36.084035873413086,34.77973983764648,36.217572907097164,57.38077317002256,0.016521518386370553,36.653324127197266
2017-08-18,36.653324127197266,37.11876316373311,36.47180318702973,36.737103295814435,109712400,-0.002280898590559133,36.17500343322754,34.794244079589845,36.25907302329717,56.52845234271652,0.01654519153957521,36.585845947265625
2017-08-21,36.585845947265625,36.744093553772515,36.09713341937052,36.65333306156558,105474000,-0.0018409839090575142,36.241502380371095,34.83526222229004,36.29019425415131,55.80952987660758,0.016420173990067434,37.183937072753906
2017-08-22,37.183937072753906,37.23513566837947,36.77435185876866,36.82322098576263,86418400,0.016347609574215216,36.33037147521973,34.904747314453125,36.375312617827745,60.59333346898967,0.016727989566885225,37.23046875
2017-08-23,37.23046875,37.34450259602937,36.97447940218413,37.018696680257115,77596400,0.0012513918887893105,36.41322250366211,34.969738235473635,36.45675605898701,60.94754208727306,0.01672270571332069,37.06523132324219
2017-08-24,37.06523132324219,37.40732923138063,36.89767301921449,37.335183212160295,79275600,-0.004438231166719153,36.52142467498779,35.03805442810059,36.51470608415417,58.92213511763857,0.016052090061785127,37.202545166015625
2017-08-25,37.202545166015625,37.365448131007646,37.06524149202365,37.15367250100886,101920400,0.0037046536031553057,36.64877796173096,35.11315032958984,36.580214568140974,60.108523265254405,0.015872458588383195,37.57721710205078
2017-08-28,37.57721710205078,37.70055815018912,37.21882709155933,37.2676997479055,103864000,0.01007113718599606,36.80378952026367,35.20510498046875,36.6751671904181,63.229165288612,0.015791929865533214,37.91233444213867
2017-08-29,37.91233444213867,37.96120354836879,37.235119847665004,37.258393217976895,118067600,0.008918098942180652,36.96025772094727,35.28489250183105,36.792992642962915,65.80576608287072,0.01579257041523605,38.014732360839844
2017-08-30,38.014732360839844,38.1403993304265,37.84251864968543,38.11945542733169,109078400,0.002700913046054909,37.039669036865234,35.37289413452149,36.90934880657024,66.57644798736315,0.012159458928465065,38.1660041809082
2017-08-31,38.1660041809082,38.28701933479134,38.04498902702507,38.08222500529962,107140400,0.003979294622739271,37.14484119415283,35.459933853149415,37.02903027079291,67.73343016512383,0.011818328192244456,38.17763900756836
2017-09-01,38.17763900756836,38.38475924397722,38.07989723262444,38.35217865232924,66364400,0.00030484791137697087,37.24109039306641,35.548319244384764,37.13842157905724,67.82568093520845,0.011818178639907025,37.719173431396484
2017-09-05,37.719173431396484,38.22417427268213,37.36543883044812,38.10781453364809,117874000,-0.012008746168954754,37.2863676071167,35.62452171325683,37.19373127928002,60.48710943281816,0.011847200731307768,37.67961883544922
2017-09-06,37.67961883544922,37.93095634650661,37.35613884039739,37.86579516412337,86606800,-0.001048660199810758,37.31494693756103,35.702065505981444,37.240006284629466,59.88508935842831,0.011749653195111722,37.528350830078125
2017-09-07,37.528350830078125,37.75641853046921,37.318904669575105,37.721508469706514,87714000,-0.004014584277821309,37.32460460662842,35.78627380371094,37.26746766991029,57.527029097508986,0.011728007468291909,36.91630172729492
2017-09-08,36.91630172729492,37.50275241073847,36.8930283529123,37.43526530665827,114446000,-0.016308979458075745,37.36312007904053,35.8485050201416,37.23402329442311,49.1022013679908,0.009847935442761609,37.584205627441406
2017-09-11,37.584205627441406,37.71220208436392,37.2095270268237,37.35148608795261,126323200,0.01809238382220335,37.40989665985107,35.93406234741211,37.2673739928058,56.57585191672601,0.010173475777626888,37.43525314331055
2017-09-12,37.43525314331055,38.156684902545834,36.94887031550586,37.84251220555239,286856000,-0.0039631670177460165,37.421648788452146,36.0150643157959,37.283362483330066,54.648630876018544,0.009699344865397697,37.1536750793457
2017-09-13,37.1536750793457,37.22582112336586,36.74874533126742,37.20487366489882,179629600,-0.00752173527148059,37.39895877838135,36.09284545898438,37.27101130199822,51.104610117654794,0.009515688070457166,36.8348388671875
2017-09-14,36.8348388671875,37.09548354744911,36.79062159799653,37.00007125979313,95042800,-0.008581552470308673,37.36789073944092,36.1615145111084,37.22947107011149,47.35939615960578,0.009656469353122615,37.20720672607422
2017-09-15,37.20720672607422,37.46087021016209,36.76969278946842,36.87907127361987,196458400,0.0101091214279323,37.39139518737793,36.24393600463867,37.22735065639365,51.80197390186712,0.008911249574181117,36.92560958862305
2017-09-18,36.92560958862305,37.35148677989925,36.769687920399264,37.260726299857986,113077600,-0.007568349312657041,37.40500946044922,36.314002990722656,37.198613411844065,48.47052878386319,0.00908034248875245,36.939552307128906
2017-09-19,36.939552307128906,37.18158249095721,36.872065238205856,37.12107316949188,83242400,0.00037758939286836046,37.422694778442384,36.38026916503906,37.17394092568072,48.64662872914423,0.009064944741346238,36.32054138183594
2017-09-20,36.32054138183594,36.83019420658848,35.79924831851858,36.74641502768066,211805600,-0.016757401934552107,37.37952499389648,36.43197624206543,37.09266477864788,41.814365577418926,0.009045206914686377,35.69685745239258
2017-09-21,35.69685745239258,36.257712511577544,35.547917058150425,36.257712511577544,150046800,-0.017171658398111522,37.30284442901611,36.470235900878905,36.95973074757595,36.28483888716317,0.009703512826600346,35.34777069091797
2017-09-22,35.34777069091797,35.436205252199564,35.03825327745074,35.26631743173562,186581600,-0.009779201486858402,37.2169713973999,36.492102432250974,36.80621074217995,33.606078927458924,0.009844979740691205,35.03593063354492
2017-09-25,35.03593063354492,35.333811387669186,34.712450585659106,34.90560824749289,177549200,-0.008822057269177952,37.10864067077637,36.501844024658205,36.63761263659566,31.377585645560856,0.00983977053084484,35.638671875
2017-09-26,35.638671875,35.820192840580866,35.30122923647242,35.3221731438044,146640000,0.017203517376472632,37.01171340942383,36.521229858398435,36.542475421205594,39.7007603733659,0.010447024514327115,35.892330169677734
2017-09-27,35.892330169677734,36.00636401155548,35.731753134529605,35.79226248169732,102016800,0.007117501335835996,36.91071319580078,36.54327812194824,36.48055682582199,42.84269815655597,0.010349910688086274,35.67124557495117
2017-09-28,35.67124557495117,35.90396508081647,35.53626783542716,35.81320461556972,88022000,-0.006159661233511637,36.793538856506345,36.55654663085937,36.403479563834296,40.84504879359897,0.010296823014337706,35.86674499511719
2017-09-29,35.86674499511719,35.86907446385912,35.37338056046845,35.65497284974704,105199200,0.005480588552907006,36.678575897216795,36.5768775177002,36.352361985861236,43.36004326762317,0.010356646493508452,35.794586181640625
2017-10-02,35.794586181640625,35.94352652149234,35.54092277566186,35.899309247767675,74795200,-0.002011858435617353,36.55942325592041,36.59608978271484,36.299240480697364,42.63945665437346,0.010330058596134617,35.95051193237305
2017-10-03,35.95051193237305,36.09247098744628,35.81786364705247,35.8411334693977,64921200,0.0043561266483476135,36.47099018096924,36.60998268127442,36.26602823799981,44.77517498401365,0.01024057346374432,35.71778869628906
2017-10-04,35.71778869628906,35.80622324467119,35.48041735750207,35.75269875271151,80655200,-0.0064734331606115525,36.37289867401123,36.61620735168457,36.21381494831308,42.24685691079183,0.010276110591197462,36.16230392456055
2017-10-05,36.16230392456055,36.17394061650935,35.8504604660437,35.880711603886795,85135200,0.012445205722314778,36.30459632873535,36.62798446655273,36.208909136527126,48.256910610666544,0.010804079648145361,36.14133834838867
2017-10-06,36.14133834838867,36.185555620680645,35.969124643414084,36.0645404887791,69630400,-0.0005797632865320868,36.26584815979004,36.65278747558594,36.20247382337108,48.00317726083307,0.01025040082326945,36.26701354980469
2017-10-09,36.26701354980469,36.47413380572226,36.185563838522064,36.26003224743813,65051600,0.003477325609930526,36.199988555908206,36.685018157958986,36.208620463983806,49.71014720265605,0.009293141907588311,36.28096389770508
2017-10-10,36.28096389770508,36.769676204372644,36.094791162800576,36.3181998650929,62468000,0.00038465664897469054,36.14227409362793,36.721097717285154,36.2155103148144,49.906731384395755,0.00928927989972453,36.432247161865234
2017-10-11,36.432247161865234,36.53231486634605,36.24607080706663,36.29726939341171,67622400,0.0041697697058629135,36.10620269775391,36.754083251953126,36.23615191929543,52.093742453594274,0.009259787201085019,36.30424499511719
2017-10-12,36.30424499511719,36.62306960009468,36.24140973064828,36.38569824724422,64500400,-0.0035134304556988516,36.07967300415039,36.75163803100586,36.2426369741356,50.10065598381713,0.00910773558838762,36.53463363647461
2017-10-13,36.53463363647461,36.60212072543048,36.3996559075453,36.47412429704772,65576800,0.0063460524076015545,36.04604434967041,36.761079483032226,36.27044618007265,53.54570113202065,0.008909707626182147,37.20720672607422
2017-10-16,37.20720672607422,37.235131938702196,36.68823951794495,36.74641941159917,96486000,0.018409192118684414,36.060124206542966,36.78017051696777,36.359661470168035,61.830463783715004,0.009737492700680219,37.34450149536133
2017-10-17,37.34450149536133,37.437587882547504,37.05592801345531,37.183924459099835,75989200,0.003690004742841868,36.08037166595459,36.79078796386719,36.453455758281684,63.27048389112209,0.00976477620587732,37.17927169799805
2017-10-18,37.17927169799805,37.40035809744781,37.142039271107095,37.33286744361,65496800,-0.004424474574491355,36.123308181762695,36.7922127532959,36.522581085873725,60.32104377382606,0.008968540416631643,36.29958724975586
2017-10-19,36.29958724975586,36.55558012463436,36.07617851442355,36.47878226217081,170336800,-0.02366061539310771,36.15344467163086,36.77150054931641,36.50134357767202,47.59893995224789,0.009751600047871912,36.362430572509766
2017-10-20,36.362430572509766,36.71150990600586,36.29494346381537,36.446209754589574,95896400,0.0017312406976288663,36.204177665710446,36.77582931518555,36.488113767656564,48.43561504100042,0.009423369791991121,36.343814849853516
2017-10-23,36.343814849853516,36.69754959082178,36.18789316395103,36.51137322446907,87937200,-0.0005119493489064153,36.26957187652588,36.76973213195801,36.47437101358009,48.19015515166275,0.009124695819016516,36.560237884521484
2017-10-24,36.560237884521484,36.6347062841316,36.350788186643285,36.37173209112569,71028800,0.005954879408286429,36.315650177001956,36.756932678222654,36.4825488108126,51.28130211445261,0.008451937736801448,36.399658203125
2017-10-25,36.399658203125,36.66495829367814,36.13435811257186,36.51601795426265,84828400,-0.004392194654304182,36.341016578674314,36.73277633666992,36.47465446722331,48.94777880590015,0.008427603653728823,36.632381439208984
2017-10-26,36.632381439208984,36.73012321400495,36.485767001505955,36.590490078000336,68002000,0.006393555532452799,36.38907337188721,36.71629997253418,36.4896760836029,52.33312886768253,0.00835415789019585,37.944915771484375
2017-10-27,37.944915771484375,38.07291220866558,36.9325845104359,37.069888165313095,177816800,0.03582989368172873,36.492981910705566,36.74045593261719,36.628270339591616,66.0191855277932,0.011357752557678848,38.79899978637695
2017-10-30,38.79899978637695,39.11317256791725,38.10084120608133,38.140403099509236,178803200,0.02250852314539653,36.64320259094238,36.78336944580078,36.835006477380695,71.71103440061826,0.012100911264824503,39.33891296386719
2017-10-31,39.33891296386719,39.480872037882925,38.85020401718745,39.073612806807134,144187200,0.01391564680695212,36.81262264251709,36.83843078613281,37.073473761807975,74.60669000568043,0.012298452495413299,38.83855438232422
2017-11-01,38.83855438232422,39.54834951579642,38.540673728115806,39.53205744749529,134551200,-0.012719176607715377,36.96866092681885,36.87152313232422,37.24157667804762,67.6914715490762,0.012667783243351697,39.12247085571289
2017-11-02,39.12247085571289,39.21323130839192,38.46387431918874,38.77106572888228,165573600,0.007310170986124076,37.116669273376466,36.909363174438475,37.420709456872885,69.42332942377203,0.01254486693182006,40.144126892089844
2017-11-03,40.144126892089844,40.553712067810444,39.82297274062707,40.493206256368886,237594400,0.02611430244641011,37.31680870056152,36.97094108581543,37.68008254594117,74.68247422540747,0.013419716765785562,40.55137634277344
2017-11-06,40.55137634277344,40.72359006586679,39.962596241505004,40.11386250903352,140105200,0.010144683225476792,37.53102684020996,37.03791770935059,37.953539098020435,76.4232743507519,0.013453502072329319,40.68170166015625
2017-11-07,40.68170166015625,40.784098824511965,40.40011300919636,40.47225549744198,97446000,0.0032138321590171604,37.75106372833252,37.100007400512695,38.21336410393813,76.96902337816176,0.013409650713735729,41.01448440551758
2017-11-08,41.01448440551758,41.01448440551758,40.569989325102334,40.646787183316825,97638000,0.008180157952617284,37.98017559051514,37.16205039978027,38.48013746599332,78.34730549565636,0.013413572782979355,40.93070983886719
2017-11-09,40.93070983886719,40.9819084167544,40.293057083101544,40.75151481626194,117930400,-0.0020425605213537645,38.21149883270264,37.22036994934082,38.71352531102893,77.09648094925225,0.0133624522657737,40.79524230957031
2017-11-10,40.79524230957031,40.9610687035548,40.70182129794561,40.89800756062739,100582000,-0.003309679451692249,38.424529266357425,37.27295471191406,38.91178407279478,75.01100578322828,0.013526501894731476,40.63176345825195
2017-11-13,40.63176345825195,40.75554793191091,40.498634742929674,40.521991783303974,67928400,-0.0040073018828474805,38.59575710296631,37.32203720092773,39.07559163331451,72.46358133605413,0.01333813414110248,40.01749801635742
2017-11-14,40.01749801635742,40.51730788656065,39.980128188133286,40.41454264083575,99130000,-0.015117863208808813,38.729406929016115,37.36800369262696,39.16529700312812,63.708629254689065,0.01404237166014919,39.48966598510742
2017-11-15,39.48966598510742,39.77927683331214,39.32617742716253,39.697530772448054,116632400,-0.013190030796884078,38.84492664337158,37.40420463562012,39.196189287126145,57.30201978166958,0.014435825012288864,39.961448669433594
2017-11-16,39.961448669433594,40.14128429391195,39.77460308353181,39.98013002061895,94550000,0.011946991005294727,39.028019714355466,37.452866592407226,39.269071133060194,61.07029047411557,0.01309274843608545,39.73957443237305
2017-11-17,39.73957443237305,40.02918531900126,39.620462088020936,39.94743924729169,87598000,-0.005552207050748326,39.19687690734863,37.50933204650879,39.31388097108999,58.45738494525809,0.013285334598281445,39.69987487792969
2017-11-20,39.69987487792969,39.8353378776979,39.60178171888046,39.77227671695763,65049600,-0.0009989929436944323,39.36467990875244,37.55164543151855,39.35064229555091,57.97938181391454,0.013295512173007649,40.43791198730469
2017-11-21,40.43791198730469,40.56870286213054,39.88671932640713,39.88671932640713,100525200,0.018590413991085297,39.5585636138916,37.611698608398434,39.45419179000365,63.890739077364195,0.013662957468143853,40.86298370361328
2017-11-22,40.86298370361328,40.87232438112121,40.41689062220264,40.48929245518663,102355600,0.010511712781857918,39.78172988891602,37.68588478088379,39.588362448442666,66.78861907303258,0.013521349391569005,40.86530685424805
2017-11-24,40.86530685424805,40.98909128927828,40.790567199401096,40.89567028450248,56106800,5.685220275686298e-05,39.99337615966797,37.766494140625,39.70997620137651,66.80429898020806,0.013582934090185296,40.65978240966797
2017-11-27,40.65978240966797,40.891004241956935,40.48461532684453,40.88399784374668,82867200,-0.005029313625690146,40.12911949157715,37.83554565429687,39.80043393549951,63.928732305414925,0.01173966875837217,40.42155838012695
2017-11-28,40.42155838012695,40.8419565345033,40.138953913985674,40.70883140262639,105715200,-0.005858959773586303,40.21024742126465,37.90546463012695,39.859588644511646,60.66892380015502,0.011016971800263082,39.583106994628906
2017-11-29,39.583106994628906,40.38654095812081,39.041258419766855,40.31881122268246,166665600,-0.020742678389912506,40.22245712280274,37.95833572387696,39.83325705880853,50.84241645101142,0.01176249191936139,40.13661575317383
2017-11-30,40.13661575317383,40.204345451649964,39.340188625783696,39.804962967086695,166108800,0.013983459121084785,40.287360191345215,38.03465721130371,39.86214836303379,55.91841393737533,0.01171334894472959,39.949771881103516
2017-12-01,39.949771881103516,40.094575523647414,39.35420310942091,39.69285874389665,159037200,-0.004655197469047634,40.328725242614745,38.11971549987793,39.870493459992815,53.89529789487739,0.011717838905466495,39.6578369140625
2017-12-04,39.6578369140625,40.3164634359694,39.61813279428302,40.28376571592841,130169600,-0.007307550288643938,40.304410743713376,38.20591682434082,39.850240455618504,50.80255750289282,0.010256607513256197,39.62046432495117
2017-12-05,39.62046432495117,40.05955101829121,39.33085342197184,39.485001333095546,109400800,-0.0009423758837959761,40.25786514282227,38.297607498168944,39.82835701460257,50.403801134566365,0.009942437648042613,39.47332763671875
2017-12-06,39.47332763671875,39.75126005364587,38.87776224477137,39.120659097370506,114240000,-0.003713653808437578,40.19744644165039,38.37430061340332,39.79454469289934,48.78042155395108,0.009904342108279526,39.54573059082031
2017-12-07,39.54573059082031,39.807312348742876,39.44997171022931,39.47799730892554,102693200,0.0018342247394975697,40.12400875091553,38.44736862182617,39.77084811174896,49.63995521666999,0.00967832728770821,39.55738830566406
2017-12-08,39.55738830566406,39.93808581967727,39.4289353251064,39.818973513352255,93420800,0.00029479073137816947,40.05534267425537,38.52509147644043,39.750518606407546,49.7860695873385,0.009689060835910673,40.3281364440918
2017-12-11,40.3281364440918,40.379519077673,39.42193752142367,39.517696389805344,141095200,0.01948430296945003,40.03198738098145,38.61431930541992,39.80552982904414,58.383294053831534,0.01076563415926207,40.10158157348633
2017-12-12,40.10158157348633,40.262735852355064,40.04553039042469,40.206681105510164,77636800,-0.005617786750933829,40.00547828674316,38.700459213256835,39.83372523327673,55.38173947930632,0.010799057015342488,40.23471450805664
2017-12-13,40.23471450805664,40.53132821982413,40.171653356672216,40.288431418755565,95273600,0.0033198923669965907,40.01633911132812,38.78614326477051,39.871914688017675,56.787664543177875,0.010268543368937339,40.22303009033203
2017-12-14,40.22303009033203,40.435566987462984,40.089901408464364,40.265068475900904,81906000,-0.0002904063783594202,40.05300731658936,38.876248092651366,39.90535425014285,56.61904096513118,0.009768182512004751,40.63176345825195
2017-12-15,40.63176345825195,40.67847397521654,40.279094956817715,40.55235522303376,160677200,0.010161675214472865,40.08652305603027,38.965637283325194,39.97453607948657,60.983498925950286,0.009670215140518312,41.20396423339844
2017-12-18,41.20396423339844,41.38613769523844,40.83961730971844,40.84428942929417,117684400,0.014082597614410775,40.159742546081546,39.06688980102539,40.09162447509722,66.12205659935591,0.009975095697672694,40.764888763427734
2017-12-19,40.764888763427734,40.963412916005446,40.659789208915306,40.879332559638705,109745600,-0.010656146274750977,40.21299324035645,39.15684730529785,40.15574488350965,59.632010475319646,0.010347462110677327,40.72051239013672
2017-12-20,40.72051239013672,40.97041559422269,40.46359922352152,40.84195901091509,93902400,-0.0010885930180883907,40.22712326049805,39.24563827514648,40.20953226509318,59.001687441853704,0.00952745792195186,40.874656677246094
2017-12-21,40.874656677246094,41.11055064734147,40.66212330924727,40.678470385039326,83799600,0.0037854211074885846,40.22770690917969,39.3344864654541,40.27287744720298,60.56112695164715,0.00926655661070299,40.874656677246094
2017-12-22,40.874656677246094,40.97041554503167,40.75554433493134,40.79758272735407,65397600,0.0,40.22817440032959,39.42589469909668,40.33018975482613,60.561126951647154,0.009266564741558823,39.837669372558594
2017-12-26,39.837669372558594,40.04786845648848,39.629801003099054,39.89138628266804,132742000,-0.025369933082881824,40.18706874847412,39.49195541381836,40.28328305175303,46.701568588066344,0.010836805326742614,39.84467315673828
2017-12-27,39.84467315673828,39.88671154525252,39.63680836470116,39.7278951035987,85992800,0.00017580808039219242,40.158224487304686,39.54470474243164,40.241510680799244,46.79013959087503,0.010777213933980803,39.9567756652832
2017-12-28,39.9567756652832,40.13661484956386,39.81664058801304,39.938090750728314,65920800,0.0028134879687415904,40.1769079208374,39.59695022583008,40.214393060273906,48.27187656175852,0.009700709041468407,39.52470397949219
2017-12-29,39.52470397949219,39.8423404676631,39.52236970108952,39.82599339127674,103999600,-0.010813477278809214,40.14631233215332,39.64385887145996,40.14870838591374,43.27043273201944,0.009470583624953958,40.232383728027344
2018-01-02,40.232383728027344,40.24172797035305,39.53171523253815,39.74191791945546,102223600,0.01790474506532269,40.16044292449951,39.72251480102539,40.15667746611504,52.03603796083089,0.010286237905404732,40.225364685058594
2018-01-03,40.225364685058594,40.76721652854548,40.16230710620868,40.29543222534164,118071600,-0.0001744625179606052,40.188819313049315,39.79977348327637,40.163219106014424,51.95029740555142,0.010127258859885394,40.4122200012207
2018-01-04,40.4122200012207,40.51498527654076,40.19034237338912,40.29777620574446,89738400,0.004645211239850289,40.228407096862796,39.88114158630371,40.186933476986454,54.11769953256663,0.010154872618765085,40.8723258972168
2018-01-05,40.8723258972168,40.95874053156003,40.41689212140461,40.50797887656705,94640000,0.011385316025256609,40.298357009887695,39.96738334655762,40.25220894557982,59.01957499173191,0.010342478549866552,40.72051239013672
2018-01-08,40.72051239013672,41.0147918288002,40.622415680131866,40.72051239013672,82271200,-0.0037143349136001813,40.357096099853514,40.053800430297855,40.29680927363285,56.86099167563364,0.010415497940025751,40.715843200683594
2018-01-09,40.715843200683594,40.88633818873765,40.50097197485756,40.76722583770547,86336000,-0.00011466430992790322,40.41501884460449,40.135469665527346,40.336717266685305,56.79219346434597,0.010418427532553572,40.70649337768555
2018-01-10,40.70649337768555,40.708831219637595,40.405207559899,40.442577393297114,95839600,-0.0002296359908835477,40.43393669128418,40.190701217651366,40.371934039161516,56.64439625078703,0.009520872261949927,40.937721252441406
2018-01-11,40.937721252441406,40.98676961148585,40.753213463964485,40.77656694044623,74670800,0.005680368304153971,40.47574367523193,40.23347564697266,40.42581853566436,59.454617341788214,0.009473198649357393,41.360443115234375
2018-01-12,41.360443115234375,41.42350425128343,41.02412180801642,41.14790623861987,101672400,0.010325974427991769,40.53203010559082,40.27390625,40.514830400385314,64.04317124450564,0.009687683653916562,41.15024948120117
2018-01-16,41.15024948120117,41.897628282123996,41.13857096354328,41.549628413105026,118263600,-0.005081996666418287,40.57839107513428,40.32014015197754,40.57534650332016,60.38381640018353,0.009791047967608752,41.829898834228516
2018-01-17,41.829898834228516,41.86493082363039,40.88866803861023,41.1409054898702,137547200,0.01651628754615042,40.6382978439331,40.37428871154785,40.69482767769239,66.95807861317046,0.010192529200504175,41.86726760864258
2018-01-18,41.86726760864258,42.06345745239051,41.63137721705079,41.89295892367008,124773600,0.0008933508197606077,40.67146301269531,40.408751525878905,40.80648862349717,67.27959395461873,0.009753025859504692,41.680423736572266
2018-01-19,41.680423736572266,41.942005431691854,41.43518911550599,41.71545572653174,129700400,-0.004462767281993463,40.71723976135254,40.431332473754885,40.88972053902813,63.929973359484315,0.009462662315203506,41.33944320678711
2018-01-22,41.33944320678711,41.52161673920579,41.24602216177707,41.40951077243685,108434400,-0.008180831652293552,40.74818630218506,40.4444873046875,40.93255126929089,58.232132004659356,0.00968147902950079,41.34878158569336
2018-01-23,41.34878158569336,41.90931851592628,41.29740250844497,41.40950846897786,130756400,0.0002258951302158696,40.77189254760742,40.45117324829101,40.97219225180541,58.341637174071394,0.009656378560324618,40.69015121459961
2018-01-24,40.69015121459961,41.40950455731997,40.45192295265972,41.39782603750043,204420400,-0.01592865244961983,40.7626672744751,40.446362075805666,40.945331200642954,48.65310807293299,0.010342791698761351,39.96378707885742
2018-01-25,39.96378707885742,40.86064170736339,39.82832410416899,40.757876446304344,166116000,-0.01785110435966053,40.768973159790036,40.429732971191406,40.85185080809195,40.63800767264552,0.00947942391415304,40.05720138549805
2018-01-26,40.05720138549805,40.17164514591045,39.718545787431545,40.17164514591045,156572000,0.0023374738349071222,40.779599571228026,40.41824172973633,40.77616991070206,41.9622057752691,0.009491440765275156,39.228092193603516
2018-01-29,39.228092193603516,39.74191500654441,39.02022736439535,39.74191500654441,202561600,-0.02069813075345539,40.74316539764404,40.40245361328125,40.62873393764505,34.587472210056546,0.010560701246281355,38.99686050415039
2018-01-30,38.99686050415039,39.0902815143299,38.46668718373474,38.66053916545118,184192800,-0.005894543336747549,40.716773223876956,40.39259750366211,40.47331742016937,32.85331855342369,0.010372462394879205,39.10429763793945
2018-01-31,39.10429763793945,39.34019158896355,38.8870921670817,38.973506787042304,129915600,0.0027550200811070624,40.66036891937256,40.37545448303223,40.34293458376653,34.49664572940519,0.009461543824055984,39.18605422973633
2018-02-01,39.18605422973633,39.382240558791324,38.94782593657848,39.04358482234974,188923200,0.0020907316263252262,40.60840339660645,40.36438407897949,40.232755502430315,35.784574650389814,0.009490227303172331,37.48576354980469
2018-02-02,37.48576354980469,38.95716806545105,37.39234251164283,38.77032242534317,346375200,-0.04339019871618954,40.462080574035646,40.32010185241699,39.97113722122788,24.84409056826594,0.013249529584564792,36.5492057800293
2018-02-05,36.5492057800293,38.27518570798291,36.434761975477315,37.15878751717038,290954000,-0.024984358889503566,40.24592456817627,40.24232772827148,39.64523898873277,21.030111280474543,0.013566955787934222,38.076656341552734
2018-02-06,38.076656341552734,38.237810644644064,35.967644731061384,36.16149675044778,272975200,0.04179162115632207,40.11373176574707,40.18660118103028,39.49585016519182,37.80099471652233,0.01720712121155917,37.26153564453125
2018-02-07,37.26153564453125,38.163062260948806,37.15176756499472,38.090660445947215,206434400,-0.02140736018703271,39.941016387939456,40.11452575683594,39.28305830608129,33.689257968920316,0.017658319812513583,36.2362174987793
2018-02-08,36.2362174987793,37.602521732588116,36.208191914916895,37.43669537924355,217562000,-0.027516797899402645,39.71750259399414,40.02605445861816,38.992882991100146,29.362726566963374,0.018369189225216645,36.67945861816406
2018-02-09,36.67945861816406,37.026530037973,35.23254226234786,36.83423501638265,282690400,0.012231991912502904,39.50458946228027,39.95121246337891,38.772556860344324,33.34773643056552,0.018638123381085607,38.1568603515625
2018-02-12,38.1568603515625,38.43357852431035,36.93741390436866,37.16957849038807,243278000,0.040278722452757654,39.34441032409668,39.92268753051758,38.713919097603195,44.5722164310828,0.02101288807005539,38.53911209106445
2018-02-13,38.53911209106445,38.63526140008167,37.90828388171339,37.97863712192877,130196800,0.010017903359449187,39.213853454589845,39.89073745727539,38.69727081126618,47.056491030518906,0.02123501905341197,39.249664306640625
2018-02-14,39.249664306640625,39.28953029970094,38.19672402713639,38.23424264640194,162579600,0.01843717140906631,39.08484172821045,39.876735305786134,38.749879715587554,51.415622247537556,0.021332336272397088,40.567604064941406
2018-02-15,40.567604064941406,40.59105275486671,39.63191438389785,39.81717442105685,204588800,0.03357837019966059,39.01985855102539,39.89493064880371,38.92299632028792,58.277483879676836,0.02284187155653536,40.436275482177734
2018-02-16,40.436275482177734,40.99675390725299,40.2815026814743,40.419861757422765,160704400,-0.0032372772755678847,38.957651138305664,39.911246871948244,39.06711814522981,57.407399114912025,0.022834663766014517,40.30024719238281
2018-02-20,40.30024719238281,40.865409397416904,40.19940677665754,40.347148130210115,135722000,-0.003364016299050032,38.90569133758545,39.92778526306152,39.18455900686343,56.46700439112001,0.02278325093246317,40.11735153198242
2018-02-21,40.11735153198242,40.832599250578035,40.10327802296101,40.53008500542689,149886400,-0.004538326018877603,38.8441198348999,39.93921768188476,39.2733963902081,55.158681219891626,0.02279437216867802,40.45269012451172
2018-02-22,40.45269012451172,40.792726514243476,40.26743010361679,40.288534996190876,123967600,0.008358941448613821,38.83224678039551,39.95712371826172,39.385710079189394,57.12039602427354,0.022618306303905975,41.156227111816406
2018-02-23,41.156227111816406,41.191401942979354,40.69658904083861,40.72707628005614,135249600,0.017391599548490566,38.89186878204346,39.97368553161621,39.554330748963395,60.977494477777384,0.022531159913078722,41.96996307373047
2018-02-26,41.96996307373047,42.06845615928356,41.32272126367563,41.35555229219334,152648800,0.019771879470468434,38.98750686645508,40.01105316162109,39.784390970369785,64.90922852457487,0.02289102654228995,41.83395004272461
2018-02-27,41.83395004272461,42.32407170138227,41.78001411689453,42.00045256808782,155712400,-0.0032407231516243806,39.11779975891113,40.04303787231445,39.979587072498816,63.75298006930084,0.02228124875975552,41.7706298828125
2018-02-28,41.7706298828125,42.35690081010692,41.75421615757141,42.037969282526205,151128400,-0.0015136070069271534,39.25648822784424,40.07398986816406,40.15016257824298,63.188654158481384,0.02220588713771204,41.038963317871094
2018-03-01,41.038963317871094,42.15991300108843,40.490214610015975,41.869121344243176,195208000,-0.017516292356473784,39.35322151184082,40.08213386535645,40.23481026773137,56.91901213317598,0.02270709155615219,41.32271957397461
2018-03-02,41.32271957397461,41.34382446752006,40.44096585273092,40.52304520982578,153816000,0.006914313451479082,39.46005477905273,40.08450897216797,40.33842067784977,58.63325332019447,0.022726312849654873,41.46576690673828
2018-03-05,41.46576690673828,41.681514152796034,40.92639700243722,41.088208331558874,113605600,0.0034617114807169447,39.65905494689942,40.09852653503418,40.44578698536296,59.50798462165329,0.019948223496112024,41.43058776855469
2018-03-06,41.43058776855469,41.8011113730967,41.30395484011507,41.72137939673423,95154000,-0.0008483899082999402,39.903124046325686,40.11272804260254,40.53957753614312,59.17657642027148,0.01871510995721769,41.045997619628906
2018-03-07,41.045997619628906,41.23829619080357,40.86777255571941,41.024892726201514,126814000,-0.009282758696889215,40.051591110229495,40.1161548614502,40.587808020284626,55.535291137353155,0.017049732325389005,41.493919372558594
2018-03-08,41.493919372558594,41.536129169515,41.05538978315525,41.151535513438546,95096400,0.01091267794440176,40.26321029663086,40.128540115356444,40.67410433954882,58.72111328656542,0.016025857657265125,42.20682144165039
2018-03-09,42.20682144165039,42.21151261164634,41.599445535644904,41.733117043172626,128740800,0.017180880472893234,40.561740493774415,40.17592315673828,40.820077396891826,63.235947952635975,0.014188294137981623,42.6148681640625
2018-03-12,42.6148681640625,42.77198836793643,42.26076175637478,42.27951928008762,128828400,0.009667790856419334,40.858510971069336,40.231327056884766,40.99100985090808,65.55797490253528,0.01415721072333237,42.20447540283203
2018-03-13,42.20447540283203,43.03228973656736,42.033285279377445,42.81888624202116,126774000,-0.009630271755165398,41.060891723632814,40.27628105163574,41.106577998710364,61.36032679047395,0.012385672135590766,41.845672607421875
2018-03-14,41.845672607421875,42.333450428842454,41.69793119458534,42.28654947219528,117473600,-0.008501534303778535,41.226219749450685,40.32270042419434,41.17696796144479,57.87144969581659,0.012689253691600845,41.894927978515625
2018-03-15,41.894927978515625,42.26779908740857,41.758916243258284,41.85975314669296,90975200,0.0011770720369546073,41.358482933044435,40.3559513092041,41.245345105927726,58.222623114509354,0.01224932911327871,41.7471809387207
2018-03-16,41.7471809387207,42.00513799817259,41.65337544393605,41.894918778246705,157618800,-0.0035266092322843168,41.4174617767334,40.38638763427734,41.29313899476515,56.69594665837734,0.01003838020566709,41.109317779541016
2018-03-19,41.109317779541016,41.61820051060324,40.72472419771771,41.58302568659741,133787200,-0.01527919118936405,41.451113891601565,40.40032958984375,41.27563221236286,50.53508249051144,0.010677138622188786,41.09524917602539
2018-03-20,41.09524917602539,41.46108167074591,41.02489594742979,41.09524917602539,78597600,-0.0003422242030644007,41.490863990783694,40.40478805541992,41.258452875568814,50.40498429863791,0.010635223395600675,40.164249420166016
2018-03-21,40.164249420166016,41.06006953035237,40.16190204635174,41.04834339622222,148219600,-0.022654680882249312,41.49320888519287,40.39366279602051,41.154243022673306,42.59089593989425,0.0118380074382808,39.596736907958984
2018-03-22,39.596736907958984,40.494900752679506,39.538109819601516,39.866420083077934,165963200,-0.014129792549343434,41.45041122436523,40.371280670166016,41.00590910698623,38.65683005128188,0.012080313381408839,38.6798095703125
2018-03-23,38.6798095703125,39.847660204185324,38.6798095703125,39.48886269872853,164115200,-0.023156638886124514,41.326590347290036,40.330746994018554,40.78437581777921,33.30419156141048,0.01223293921949186,40.51602554321289
2018-03-26,40.51602554321289,40.5934137604131,39.03158663869596,39.41383655381112,150164800,0.04747220819591935,41.25389347076416,40.32231307983398,40.75881864877289,48.64091199515395,0.015952655191486833,39.477134704589844
2018-03-27,39.477134704589844,41.07413599250078,39.14413327762529,40.729408432396,163690400,-0.025641479505806974,41.13605270385742,40.284646911621095,40.636753511231646,42.66340234687088,0.016832917592264907,39.040958404541016
2018-03-28,39.040958404541016,39.87112016511795,38.73844413544846,39.22153087897611,166674000,-0.011048833794873092,40.99956912994385,40.24246109008789,40.484773024880155,40.41762744447249,0.016930454211671202,39.3458137512207
2018-03-29,39.3458137512207,40.27681225973409,39.139445242034746,39.35284871600534,153594000,0.007808603045058149,40.91491165161133,40.19277938842774,40.37630071310307,42.68838022963434,0.01675251136656014,39.087852478027344
2018-04-02,39.087852478027344,39.61784367192837,38.569590996327946,39.078473717905176,150347200,-0.0065562571618017484,40.803168296813965,40.13719108581543,40.253591357381566,41.255597547747094,0.016646878180538154,39.488861083984375
2018-04-03,39.488861083984375,39.57328423348167,38.6657380601208,39.31297982072446,121112000,0.010259161875993295,40.70432300567627,40.093359832763674,40.18075990277231,44.38080744958823,0.016846332969338677,40.243980407714844
2018-04-04,40.243980407714844,40.337782321799516,38.63994405999684,38.665740123117175,138422000,0.01912233736304758,40.644992637634275,40.071450576782226,40.18678090324303,49.79694203159359,0.01751583915960802,40.523040771484375
2018-04-05,40.523040771484375,40.858385971022656,40.35419448498673,40.47144865181492,107732800,0.006934213786567556,40.61884479522705,40.05493576049805,40.21880565259935,51.66999003375327,0.01750256920612727,39.486515045166016
2018-04-06,39.486515045166016,40.447997082703736,39.44430168365907,40.09389078098584,140021200,-0.025578675898570546,40.51847457885742,40.03086303710938,40.149063689986654,44.96013744539081,0.018140989554190197,39.878150939941406
2018-04-09,39.878150939941406,40.59105484435307,39.83124997936275,39.838284944533854,116070800,0.009918218772343446,40.402041053771974,40.029150314331055,40.123262475696635,47.72247475317462,0.017799540962900432,40.628578186035156
2018-04-10,40.628578186035156,40.80445947688379,40.225223472757165,40.56995108908561,113634400,0.018818005058056197,40.3027265548706,40.0405778503418,40.17138778144316,52.6284745503923,0.018245747447510206,40.43862533569336
2018-04-11,40.43862533569336,40.785696733727676,40.26508784751927,40.389377001781156,89726400,-0.004675350672426082,40.21443405151367,40.06478851318359,40.19683897708603,51.315716155916206,0.0181734267046799,40.8372917175293
2018-04-12,40.8372917175293,41.03896908014141,40.57933105198561,40.66610159129438,91557200,0.009858554254168705,40.164015007019046,40.10159713745117,40.257834476175866,53.91397127418972,0.01828995637359064,40.975643157958984
2018-04-13,40.975643157958984,41.235947570635815,40.76927824238423,40.98736929116872,100497200,0.003387870120934,40.118050765991214,40.139024047851564,40.32619720777426,54.81521851033552,0.018310863868908785,41.23126220703125
2018-04-16,41.23126220703125,41.318029156505595,40.99909763886708,41.04599859592581,86313600,0.0062383169456758925,40.09225482940674,40.17992820739746,40.41239387437016,56.50753991099051,0.018368655490910733,41.79878234863281
2018-04-17,41.79878234863281,41.96293752806813,41.36963150776399,41.38839261088725,106421600,0.013764316473066529,40.12672805786133,40.266188583374024,40.54443087191898,60.08216415011576,0.018283471989862014,41.70497131347656
2018-04-18,41.70497131347656,41.93479211258438,41.479845262421385,41.69793634802571,83018000,-0.0022443485165141164,40.15721416473389,40.36930389404297,40.6549585330197,59.21577860384818,0.01829570914970751,40.523040771484375
2018-04-19,40.523040771484375,41.13041649685922,40.490209747905006,40.748166767939104,139235200,-0.028340279462325313,40.175153732299805,40.4182315826416,40.642394936683004,49.525855556887414,0.018720129707495356,38.86272430419922
2018-04-20,38.86272430419922,40.152520237693295,38.79471487839581,40.00712620479609,261964400,-0.040972158941574355,40.13845310211182,40.45025535583496,40.47290249549407,39.69842897832591,0.020691007376353997,38.75016403198242
2018-04-23,38.75016403198242,39.14413637278911,38.48047726168653,39.123031478455985,146062000,-0.0028963556784060707,40.141970825195315,40.500534286499025,40.30883216563581,39.131519811475584,0.020020408301456738,38.210792541503906
2018-04-24,38.210792541503906,39.00577573441421,37.80743787824953,38.85099935886724,134768000,-0.013919205349255948,40.026709175109865,40.53116096496582,40.10901886809944,36.445716599642104,0.016861288832242402,38.37729263305664
2018-04-25,38.37729263305664,38.792373442463585,38.08650454957621,38.135749302540106,113528400,0.004357410052981292,39.971717071533206,40.5355696105957,39.94409256000013,37.86348578279104,0.016035399807358564,38.51096725463867
2018-04-26,38.51096725463867,38.86507362764552,38.31163369614759,38.48751498482302,111852000,0.0034831696665045264,39.945217514038085,40.53500671386719,39.80760443567999,39.039276398010315,0.01589850141566128,38.065399169921875
2018-04-27,38.065399169921875,38.5367596909896,37.669079464232254,38.459371501862606,142623200,-0.011569901160120244,39.88119678497314,40.51132141113281,39.64168012465541,36.55617932559813,0.01595195053552073,38.75485610961914
2018-04-30,38.75485610961914,39.22387290010459,37.95283782728673,38.02084726576304,169709600,0.018112431623784397,39.86454696655274,40.47506645202637,39.55722069465196,42.63623228678499,0.016487621311468578,39.65538787841797
2018-05-01,39.65538787841797,39.67883658089463,38.75721991447035,39.0245594552507,214277600,0.02323661752869488,39.872873306274414,40.459448699951174,39.56656995024872,49.450393263128696,0.017166326127880535,41.40714645385742
2018-05-02,41.40714645385742,41.68386462519915,40.75755723807973,41.09290250453425,266157600,0.04417454144718702,39.93103160858154,40.481586685180666,39.741862950592406,59.523019616687094,0.0193794428383262,41.482181549072266
2018-05-03,41.482181549072266,41.62523178453475,40.907636811934324,41.24532940570239,136272800,0.0018121291042951793,39.97898864746094,40.50888328552246,39.90760757901906,59.89168657176711,0.01933910331854337,43.109683990478516
2018-05-04,43.109683990478516,43.20817709910858,41.78236545254622,41.80112655585403,224805200,0.03923377172150322,40.16014709472656,40.5620231628418,40.21256723725329,66.92777666718004,0.020008203839018746,43.42156982421875
2018-05-07,43.42156982421875,44.01018453355884,43.32542053554756,43.42625741514392,169805600,0.007234704708322992,40.33731803894043,40.60733001708984,40.518186531249995,68.08328700100415,0.019979561545839318,43.630271911621094
2018-05-08,43.630271911621094,43.67013789503362,43.072140987220045,43.38169367486485,113611200,0.00480641506622681,40.487402725219724,40.64053619384766,40.81457561509487,68.86715877372168,0.01969300969363575,43.937477111816406
2018-05-09,43.937477111816406,43.94685586976027,43.43562947146801,43.747525953215835,92844800,0.0070411021232597015,40.66234531402588,40.68260673522949,41.111994805258824,70.03381984565557,0.019603117643796263,44.56596755981445
2018-05-10,44.56596755981445,44.643355748706455,44.00549271751808,44.026601189625815,111957200,0.014304199724499478,40.848779106140135,40.738513488769534,41.44094459140698,72.31920455887527,0.019693981517237606,44.39646911621094
2018-05-11,44.39646911621094,44.74252598594442,44.1280988490821,44.608342648435915,104848800,-0.003803315688726383,41.01982040405274,40.80566360473633,41.722423117578785,70.75202583156121,0.019781999970407887,44.29288864135742
2018-05-14,44.29288864135742,44.61775924769171,44.224620553416436,44.4953436639537,83115200,-0.002333079114521186,41.172901725769044,40.86506698608398,41.967229357938656,69.75719155319548,0.019828371205458415,43.89033508300781
2018-05-15,43.89033508300781,44.03864620212648,43.574882993810874,43.97037452197802,94780800,-0.009088446716788212,41.277479362487796,40.913558349609374,42.150382284135716,65.880180007185,0.01988076352709087,44.29995346069336
2018-05-16,44.29995346069336,44.36587231146577,43.78675557653705,43.80323618725819,76732400,0.009332769433426646,41.40722846984863,40.97094566345215,42.35510334856978,67.83893014879817,0.019899858148654397,44.01982498168945
2018-05-17,44.01982498168945,44.47181696457234,43.87151382139041,44.2575905312766,69176000,-0.006323448607061355,41.58206768035889,41.03042221069336,42.51364826600975,65.08705063421003,0.018631181903595407,43.8597297668457
2018-05-18,43.8597297668457,44.21284873798185,43.81735721452309,44.06689404605473,73190800,-0.0036368889451592334,41.831917953491214,41.0777384185791,42.641846504184606,63.501642239862974,0.015454847081950548,44.170475006103516
2018-05-21,44.170475006103516,44.55655159388453,44.00097761711557,44.2575765338486,73603200,0.007084978428041122,42.10293350219727,41.11701148986816,42.787430171034025,65.2699691112806,0.015306848092570807,44.05982971191406
2018-05-22,44.05982971191406,44.46473973224768,43.970371760969364,44.347033414525384,60962800,-0.0025049604781058887,42.395385360717775,41.14591072082519,42.908611079689265,64.07949097637695,0.014699235385585143,44.342323303222656
2018-05-23,44.342323303222656,44.37528092786658,43.73024902599362,43.86914520823956,80233600,0.006411590629280317,42.693636894226074,41.188667678833006,43.04515510097816,65.79486812592896,0.014685146768148308,44.29288864135742
2018-05-24,44.29288864135742,44.455323944524565,43.836191117930454,44.43884692692997,92936000,-0.0011148414918900063,42.982732963562015,41.23761199951172,43.163986866728564,65.2080198915128,0.014784531584207167,44.39411163330078
2018-05-25,44.39411163330078,44.64600126495954,44.17517603214325,44.31171578071335,69844000,0.002285310239369842,43.29916858673096,41.287595672607424,43.28114160640211,65.87911845627033,0.014174688742057042,44.234039306640625
2018-05-29,44.234039306640625,44.434141513213916,43.99156454363286,44.16341837924985,90056400,-0.0036057107749416506,43.57312774658203,41.33733283996582,43.37189376832959,63.78385004948673,0.014176056753697682,44.1398811340332
2018-05-30,44.1398811340332,44.25758748372396,43.9703837031095,44.19167221526615,74762000,-0.0021286360930028447,43.797352409362794,41.397944107055665,43.445035422206125,62.52415289302334,0.013749555015250457,43.991554260253906
2018-05-31,43.991554260253906,44.31171556066353,43.81970405692057,44.073950112432165,109931200,-0.0033603822658446747,43.92657279968262,41.45587020874024,43.49708483535353,60.49722915758107,0.010407171843037513,44.784912109375
2018-06-01,44.784912109375,44.78961777692441,44.198733209336964,44.25523354894354,93770000,0.018034321870684433,44.09170932769776,41.54828346252442,43.619735051927,66.71303878390893,0.010922369347322634,45.15919876098633
2018-06-04,45.15919876098633,45.53350392684501,45.046201720599235,45.114469792969665,105064800,0.00835742740093437,44.19418506622314,41.65953269958496,43.76635064326598,69.17716330283797,0.007218352396296914,45.50761413574219
2018-06-05,45.50761413574219,45.65592523952757,45.28397285957056,45.45111740448041,86264000,0.007715269188010021,44.29848728179932,41.796088790893556,43.93218526159705,71.30652438765664,0.007236247109707221,45.66535186767578
2018-06-06,45.66535186767578,45.68889457314305,45.18040230879515,45.58295958276537,83734400,0.0034661832954610006,44.40024127960205,41.89907531738281,44.09724874789026,72.24149038391676,0.00721871739160874,45.542938232421875
2018-06-07,45.542938232421875,45.71714131505994,45.27927359062222,45.70301712912846,85388800,-0.0026806677326963735,44.48051433563232,42.020391387939455,44.2349334607028,70.32631132368833,0.007210448651914374,45.128604888916016
2018-06-08,45.128604888916016,45.199229403281045,44.674260192565555,45.00383647011967,106627200,-0.009097641908639487,44.508646202087405,42.14214431762695,44.32004502529453,64.12927826957623,0.006972900526522672,45.017948150634766
2018-06-11,45.017948150634766,45.19215475873357,44.7778298974444,45.04620010380088,73234000,-0.002452031002368238,44.539720153808595,42.25558700561523,44.38651198961265,62.54414672287325,0.006933911488591305,45.26515197753906
2018-06-12,45.26515197753906,45.34283859669024,44.999134487001314,45.05563482605106,67644400,0.005491228211404131,44.58833332061768,42.37913299560547,44.47019198846279,64.64648942011279,0.0069733183369933525,44.8931884765625
2018-06-13,44.8931884765625,45.406389885336665,44.83198248503108,45.29809849342999,86553600,-0.0082174362556241,44.63847599029541,42.48721954345703,44.51047736828181,59.2569354694619,0.006908698911548162,44.91674041748047
2018-06-14,44.91674041748047,45.09800918830484,44.78020063094766,45.093299928876135,86440400,0.0005246217013581411,44.669315338134766,42.580674743652345,44.54916908725311,59.4872443700163,0.0066351385524538896,44.455326080322266
2018-06-15,44.455326080322266,44.766072517330024,44.31878630576844,44.73546772189716,246876800,-0.010272658542662905,44.6910903930664,42.6593204498291,44.540231658021604,53.148579941927935,0.006908670577871876,44.43178176879883
2018-06-18,44.43178176879883,44.54477882716092,44.06924430139088,44.22932676017291,73939600,-0.0005296173394588877,44.71969299316406,42.75822578430176,44.52990309714325,52.83918754695706,0.006845034419675645,43.713768005371094
2018-06-19,43.713768005371094,43.86443193167213,43.1864424672618,43.584290351805045,134314000,-0.016159913801429893,44.696857643127444,42.83493812561035,44.452175945545896,44.358578437954804,0.007627264051225197,43.90446853637695
2018-06-20,43.90446853637695,44.06925670790328,43.72319975164164,43.869158068233006,82514800,0.004362482112784782,44.68908958435058,42.900455932617184,44.400013335148856,46.80077188853023,0.007686224452792255,43.65964126586914
2018-06-21,43.65964126586914,44.33998383053485,43.537225655114895,44.08102842165333,102847600,-0.005576363378706262,44.65495548248291,42.9648762512207,44.32950170950317,44.12319837844769,0.007614815608995383,43.53249740600586
2018-06-22,43.53249740600586,43.822053897184134,43.4807063468213,43.81499180657816,108801600,-0.002912159976052653,44.616935920715335,43.018780364990235,44.25359653774152,42.755163278268355,0.007629963737311242,42.885128021240234
2018-06-25,42.885128021240234,43.53251289934205,42.54613318305983,43.174684615472465,126652400,-0.014870945232659971,44.541486740112305,43.05697006225586,44.12326620283664,36.54259606253239,0.008203235674305592,43.41714859008789
2018-06-26,43.41714859008789,43.91151653812936,42.9722188736952,43.07815742835521,98276800,0.012405712502109312,44.50064220428467,43.10068778991699,44.05601690638438,43.77338108233957,0.008768813314466507,43.35358428955078
2018-06-27,43.35358428955078,44.08807043532732,43.32297950277305,43.60547389790933,101141200,-0.001464036736664509,44.461327362060544,43.13178382873535,43.98911856192404,43.1408794145984,0.008765151070098556,43.669044494628906
2018-06-28,43.669044494628906,43.836189048695495,43.26884372711666,43.33946823717454,69460800,0.007276450384614552,44.4452018737793,43.1710652923584,43.95863531741974,47.2171273926431,0.00892678209981987,43.57722854614258
2018-06-29,43.57722854614258,44.066887207854,43.0593215205996,43.85501370278321,90950800,-0.0021025408169308424,44.38481769561768,43.232149047851564,43.9223108630124,46.17943811456148,0.007812542912135264,44.06453323364258
2018-07-02,44.06453323364258,44.092785191156864,43.17938306061224,43.273550265473915,70925200,0.011182553451833499,44.33008441925049,43.33618522644043,43.93585585069147,52.18555812454173,0.008019837206768698,43.29709243774414
2018-07-03,43.29709243774414,44.24580509220455,43.20763448482043,44.208138207593315,55819200,-0.017416292414338064,44.21955833435059,43.42712379455566,43.87502123993458,43.880441377408175,0.008504384991704675,43.64550018310547
2018-07-05,43.64550018310547,43.88326923845472,43.38183918687277,43.61254255857638,66416800,0.008046908596975433,44.11856575012207,43.5358179473877,43.85316209166515,47.93175575480519,0.008730832122656575,44.25051498413086
2018-07-06,44.25051498413086,44.358802788798194,43.59842095439938,43.65021202345311,69940800,0.013862020104871808,44.05394458770752,43.65328239440918,43.89100522428093,54.12503077789956,0.009440005664634802,44.86494064331055
2018-07-09,44.86494064331055,44.88847975166625,44.56361275630815,44.61069456513132,79026400,0.013885164034814768,44.040761375427245,43.780361862182616,43.98376097847423,59.405824309374985,0.009843373055544431,44.810794830322266
2018-07-10,44.810794830322266,45.029726848456654,44.77077152281335,44.89554351943175,63756400,-0.0012068624679291151,44.03040370941162,43.91526977539063,44.06252610722166,58.76385553764402,0.009832623276417573,44.22932815551758
2018-07-11,44.22932815551758,44.67661073672415,44.16576573663476,44.375282843511165,75326000,-0.01297604019313725,43.97861251831055,44.024759216308595,44.07841201658317,52.235614008839406,0.010134058328137166,44.97087860107422
2018-07-12,44.97087860107422,45.06033655826407,44.5659685524734,44.617759623255736,72164400,0.01676603458567638,43.98249702453613,44.13106903076172,44.16340883415375,58.55858338434468,0.010733639572295468,45.04151153564453
2018-07-13,45.04151153564453,45.16157071738776,44.940282208513345,44.98265836167209,50055600,0.0015706371938355446,43.988735580444335,44.20375633239746,44.24703766286716,59.11377780980835,0.010738153491972267,44.942630767822266
2018-07-16,44.942630767822266,45.352246488020654,44.82727727386679,45.08623263086396,60172400,-0.0021953252555482194,44.01310081481934,44.27296531677246,44.31328462524383,57.94345900117744,0.010472405554767831,45.069759368896484
2018-07-17,45.069759368896484,45.168632268930324,44.54008080949994,44.66955850910829,62138000,0.0028286862362592036,44.04499969482422,44.31216682434082,44.38532983892504,59.06553106936977,0.010480304558713547,44.82257080078125
2018-07-18,44.82257080078125,45.15215069308998,44.711926558834094,45.147441433912235,65573600,-0.005484577055137829,44.100439834594724,44.34018684387207,44.42697183529229,55.940302344501426,0.009824241417436631,45.17097473144531
2018-07-19,45.17097473144531,45.328700755988756,44.6554205182641,44.6554205182641,81147200,0.00777295733911787,44.16376514434815,44.371000900268555,44.49782925397353,59.21581184603193,0.009909442040525275,45.06740188598633
2018-07-20,45.06740188598633,45.30045812912671,44.76842679084426,45.147441331264595,82704800,-0.0022929070287890374,44.234153175354,44.393599395751956,44.55207426654617,57.83921340273971,0.009813298176009098,45.107418060302734
2018-07-23,45.107418060302734,45.18981392473907,44.624821408844134,44.88848242766125,63957600,0.0008879183765162502,44.31289920806885,44.40442840576172,44.60496415166585,58.24311173098208,0.009757276291919954,45.43463134765625
2018-07-24,45.43463134765625,45.590004524216056,45.21099009830505,45.30515370052308,74791600,0.007254090378573164,44.44037437438965,44.42519165039062,44.68398007509351,61.49172120279027,0.008988832600853786,45.86309051513672
2018-07-25,45.86309051513672,45.87015260670079,45.300450878380246,45.44876198544905,66839600,0.009430233167338598,44.56267147064209,44.45659568786621,44.79627630747858,65.2986830760178,0.008847255039526807,45.71949768066406
2018-07-26,45.71949768066406,46.13146986631483,45.578248637310274,45.813661314825,76304000,-0.003130901839797806,44.68096714019775,44.49317893981934,44.884202152543864,63.0490535483114,0.008897062445054229,44.9591064453125
2018-07-27,44.9591064453125,45.95019527251233,44.751945758003224,45.903113461401674,96096000,-0.016631662068176012,44.745470237731936,44.50636199951172,44.891335894712306,52.69590459134563,0.009808927542944764,44.70722198486328
2018-07-30,44.70722198486328,45.24631543024671,44.50947619991051,45.17569090930291,84118000,-0.005602523723544306,44.80196990966797,44.52010993957519,44.873801236631444,49.77984504768737,0.009907356950450289,44.79667282104492
2018-07-31,44.79667282104492,45.2321876723777,44.57303151581136,44.799029246561446,157492000,0.002000814011926977,44.83857688903809,44.53884880065918,44.86645567324225,50.82065157406051,0.009635665305450332,47.435646057128906
2018-08-01,47.435646057128906,47.49685204920368,46.449266539565365,46.877719260424044,271742800,0.05891002768500764,45.045504570007324,44.60415222167969,45.11114047170764,70.3463175442987,0.015402131163464169,48.822227478027344
2018-08-02,48.822227478027344,49.05528728580015,47.16492406575627,47.21906796740019,249616000,0.029230790263265582,45.30434093475342,44.699400177001955,45.464577329452375,75.78611403059446,0.016345052423002198,48.96348190307617
2018-08-03,48.96348190307617,49.14004140332828,48.372593809947276,48.737484162224085,133789600,0.002893240074152814,45.53998928070068,44.791823348999024,45.79780633646416,76.26381519794784,0.01624202046356615,49.217716217041016
2018-08-06,49.217716217041016,49.26008876273099,48.74689099589185,48.96582299951276,101701600,0.005192325057031377,45.75762805938721,44.890319900512694,46.123512039376244,77.13803793573003,0.01611304251593464,48.75632095336914
2018-08-07,48.75632095336914,49.31895712244186,48.67392507741745,49.27658456368668,102349600,-0.009374576862469786,45.95490436553955,44.977564086914064,46.374255745470805,71.95821166987106,0.016373652984177492,48.78926467895508
2018-08-08,48.78926467895508,48.92109516921225,48.14658924289564,48.50677025810236,90102000,0.0006756811207606628,46.18290119171142,45.06866859436035,46.60425659627883,72.1022572489157,0.015890674165167245,49.17300033569336
2018-08-09,49.17300033569336,49.384870304763766,48.77750517675299,49.32601713645395,93970400,0.007865165815950537,46.39300727844238,45.16933097839355,46.848898857175456,73.79109245249528,0.015667917659406318,49.02653121948242
2018-08-10,49.02653121948242,49.39742705887133,48.82336614927484,48.986371143415944,98444800,-0.002978649161349156,46.592258262634275,45.27003051757813,47.056292415490404,71.99947161087624,0.015746883354406965,49.34308624267578
2018-08-13,49.34308624267578,49.83446227625625,49.06668789966988,49.44703165810567,103563600,0.006456810533386648,46.81228103637695,45.36119400024414,47.274082303793776,73.49716309903414,0.015675928187392545,49.55097961425781
2018-08-14,49.55097961425781,49.742332045788096,49.198983276632525,49.64783817493935,82992000,0.004213221900218889,47.03634204864502,45.44902961730957,47.49092966669511,74.46321073887484,0.01566984295726977,49.6667366027832
2018-08-15,49.6667366027832,49.78485574116098,49.21552062904969,49.42577255117373,115230400,0.002336119072247067,47.27855033874512,45.53221206665039,47.69814937489397,75.00943811356014,0.01549459788718115,50.39435577392578
2018-08-16,50.39435577392578,50.5101102336531,49.95731347801585,50.02345991349157,114001600,0.014650029796839936,47.53971939086914,45.62679214477539,47.954930936706525,78.1702428657161,0.015629130793877,51.400718688964844
2018-08-17,51.400718688964844,51.488125687654055,50.356546060158145,50.42269248155154,141708000,0.01996975454064165,47.856385231018066,45.74394775390625,48.283101198826365,81.63080698730045,0.015828967885892224,50.89988327026367
2018-08-20,50.89988327026367,51.778686042603226,50.817198459822336,51.523551963197136,121150800,-0.009743743501561153,48.14600849151611,45.859373321533205,48.53231853896325,75.23842409639744,0.016208829019854556,50.80068588256836
2018-08-21,50.80068588256836,51.30860042475476,50.56208648112297,51.216467625710436,104639200,-0.0019488725969881715,48.414311218261716,45.975028076171874,48.7483535240685,74.00235117266814,0.01630708878832549,50.80304718017578
2018-08-22,50.80304718017578,51.11251877669157,50.51719725085432,50.57862151592245,76072400,4.648160878928387e-05,48.66130905151367,46.08578598022461,48.94403863417396,74.01329554312541,0.016329718558948002,50.906986236572266
2018-08-23,50.906986236572266,51.27551736200739,50.696734319896585,50.708543349660324,75532800,0.0020459216949695325,48.92068347930908,46.206061935424806,49.13098602487855,74.52173504868657,0.016230584830825623,51.06525802612305
2018-08-24,51.06525802612305,51.24007201397918,50.817207157054575,51.16920342685341,73905600,0.0031090386850887164,49.22599105834961,46.329032287597656,49.31520240594946,75.31378401460775,0.015391761128525274,51.48576354980469
2018-08-27,51.48576354980469,51.67475486622444,51.10541983221715,51.29913331813298,82100400,0.008234669517708681,49.56491813659668,46.469641036987305,49.52192251488805,77.33021114608258,0.015127976460060933,51.90154266357422
2018-08-28,51.90154266357422,52.09998192790679,51.71727711744975,51.738537694761895,91107200,0.008075613239518775,49.92016162872314,46.619036254882815,49.74855300523911,79.14418422511238,0.015079227315671885,52.67641067504883
2018-08-29,52.67641067504883,52.796894504886076,51.83304188973848,52.00785590995711,109019200,0.014929575725664002,50.18219985961914,46.798289108276364,50.027396592840034,82.03007204324928,0.009276888550353263,53.160709381103516
2018-08-30,53.160709381103516,53.92375815284669,52.53940143992006,52.74020545576809,195175200,0.009193844072676871,50.399123954772946,46.9834139251709,50.325807334579416,83.56113920045196,0.007459768040882461,53.7749137878418
2018-08-31,53.7749137878418,54.06784690966644,53.38984428836114,53.51032449768809,173360400,0.011553728569254407,50.63969554901123,47.185719375610354,50.65429366346155,85.27468883285027,0.007623851718255847,53.947364807128906
2018-09-04,53.947364807128906,54.141078290113896,53.53867365991013,53.95917744010946,109560400,0.003206904616667172,50.87617797851563,47.39401672363281,50.96791948666797,85.72462410842503,0.007630371227198012,53.59537124633789
2018-09-05,53.59537124633789,54.25683907496072,53.17723213437342,54.096198793356,133332000,-0.006524759124925783,51.11813049316406,47.60822158813477,51.21815298758891,80.32935071888289,0.007377586522188281,52.70476531982422
2018-09-06,52.70476531982422,53.70877807859269,52.27953566575668,53.44418873566715,137160000,-0.016617217229828007,51.31390552520752,47.79397392272949,51.359735114468464,68.57013363206691,0.008765321633093504,52.2795295715332
2018-09-07,52.2795295715332,53.24101745045913,52.14014985816449,52.409461340228574,150479200,-0.008068259970622993,51.46923198699951,47.97249282836914,51.447334586569866,63.7700399845249,0.00910386481669892,51.57789611816406
2018-09-10,51.57789611816406,52.40945574431646,51.13849284121695,52.19683916241394,158066000,-0.013420806558886667,51.59680023193359,48.130669860839845,51.45976901815026,56.71531241945062,0.009747896642630307,52.881935119628906
2018-09-11,52.881935119628906,52.98824161403199,51.15975621240195,51.50230096312733,142996000,0.025282904104450443,51.77374267578125,48.31676399230957,51.59521340876728,64.56216828701488,0.010973400366746126,52.22520446777344
2018-09-12,52.22520446777344,53.15361928773822,51.934628753608905,53.139445566015176,197114800,-0.012418809001028763,51.90745391845703,48.479977416992185,51.655212557244056,58.782646409090695,0.011534468101598444,53.48671340942383
2018-09-13,53.48671340942383,53.94501627996278,52.57955921881434,52.80398487884961,166825600,0.02415517477636353,52.098452758789065,48.68376983642578,51.8296412098326,65.2227990278572,0.012490963215698422,52.87957763671875
2018-09-14,52.87957763671875,53.58829250227248,52.56774497032442,53.33079363291841,127997200,-0.011351151229982093,52.22271385192871,48.86845138549805,51.92963515525033,60.336538499335106,0.012652728561402113,51.471595764160156
2018-09-17,51.471595764160156,52.66932192659372,51.327490274311316,52.48033058839213,148780400,-0.026626193617342975,52.226257705688475,49.01287300109863,51.88601235609888,50.82684972860716,0.013523802899735746,51.55664825439453
2018-09-18,51.55664825439453,52.409468667615585,51.292058905319834,51.450338134874215,126286800,0.0016524160359061568,52.25909595489502,49.146707153320314,51.854644346412755,51.325916152265336,0.013323345473060902,51.58735656738281
2018-09-19,51.58735656738281,51.88265444324082,50.86210685872496,51.61806869997937,108495200,0.0005956227572583295,52.29842948913574,49.28223838806152,51.82918836745752,51.51724094642141,0.013308604225210168,51.9795036315918
2018-09-20,51.9795036315918,52.51103971221684,51.77161281099577,52.02911525185576,106435200,0.007601611912344541,52.357252311706546,49.43724189758301,51.843504106898884,54.00366060969586,0.013391480556481579,51.419620513916016
2018-09-21,51.419620513916016,52.29370135458624,51.33220990655215,52.15668273128186,384986800,-0.010771228629730456,52.38288402557373,49.566216735839845,51.80313424090052,50.05653475484057,0.013654507005364927,52.159053802490234
2018-09-24,52.159053802490234,52.27008609427585,51.17630519274992,51.221191047477355,110773600,0.014380372340050629,52.43757381439209,49.70856758117676,51.8370313420043,54.75949716527656,0.013992386251159413,52.48978042602539
2018-09-25,52.48978042602539,52.63861168577063,51.901545851293584,51.91335848542905,98217600,0.006340732805228955,52.48777465820312,49.85951057434082,51.899197921434876,56.722452075951644,0.013948277625463667,52.07164001464844
2018-09-26,52.07164001464844,52.85831390102555,51.91572188840217,52.20865864637607,95938800,-0.007966129939641187,52.49627952575683,49.99954818725586,51.91562097793141,53.55836876377744,0.013984713154026315,53.14179992675781
2018-09-27,53.14179992675781,53.493796258750265,52.80870308957469,52.87485312376238,120724800,0.020551684406489246,52.51954898834229,50.16593276977539,52.03239992543869,59.74709610574549,0.014346992586168606,53.32843017578125
2018-09-28,53.32843017578125,53.35205184075627,52.92210004922642,53.10400092790325,91717600,0.003511929390435764,52.52793502807617,50.32908187866211,52.155831377852266,60.729915592675916,0.014222274430368418,53.6875
2018-10-01,53.6875,54.19777545284046,53.47252594568271,53.85050495893871,94403200,0.006733178213481628,52.52356433868408,50.501483840942385,52.30170457996158,62.620895822672466,0.014060615352779342,54.16471862792969
2018-10-02,54.16471862792969,54.334810496992766,53.538688557565926,53.68515515409394,99152800,0.008888821940483016,52.53443202972412,50.68262985229492,52.47913448929188,65.03097774476748,0.014185405748937343,54.82381057739258
2018-10-03,54.82381057739258,55.15454267446678,54.2828229843168,54.34660831900594,114619200,0.012168288992514764,52.59585399627686,50.87041343688965,52.7024369738729,68.09103103923863,0.014327425823296876,53.85996627807617
2018-10-04,53.85996627807617,54.88996531394605,53.56230374089691,54.51906948736873,128168000,-0.01758076078925208,52.65361404418945,51.03035095214844,52.8126778599875,59.843765584790674,0.014392075363390851,52.98587417602539
2018-10-05,52.98587417602539,53.959178192789615,52.10943230916903,53.852871703900746,134322000,-0.016228976036447684,52.68893127441406,51.175678482055666,52.82917274722921,53.513545815925895,0.01477865739723845,52.863037109375
2018-10-08,52.863037109375,53.1063622318355,52.01966478038702,52.49450599592842,118655600,-0.002318298387270379,52.75318832397461,51.333757095336914,52.832397924576426,52.67036039465405,0.014421568870338295,53.59537124633789
2018-10-09,53.59537124633789,53.68986871026096,52.503951672171496,52.83232269929613,107564000,0.013853425323400836,52.788860130310056,51.511520080566406,52.90506205045847,57.01851794858849,0.013627015742051747,51.11250686645508
2018-10-10,51.11250686645508,53.47252823327348,51.03927358720979,53.26227633927173,167962400,-0.04632609723834058,52.73322525024414,51.63783676147461,52.734342509124815,42.69678301272663,0.01703564995730055,50.66129684448242
2018-10-11,50.66129684448242,51.854300842204054,50.15811177498409,50.67783525382728,212497600,-0.008827781097717646,52.59195442199707,51.70234977722168,52.53690958868268,40.696255270166525,0.016046514674447183,52.470890045166016
2018-10-12,52.470890045166016,52.65279454925669,51.22591316903266,52.07164673313409,161351600,0.03571944094203894,52.571520042419436,51.77532302856445,52.53062201310967,50.67743698246002,0.018023394186570178,51.348758697509766
2018-10-15,51.348758697509766,52.404744221133875,51.32749811495075,52.24646498756588,123164000,-0.021385788323589283,52.565378189086914,51.823028564453125,52.418063602100155,45.55704919226341,0.017653793978198308,52.48032760620117
2018-10-16,52.48032760620117,52.67877048262682,51.20700353895954,51.71964012658048,116736000,0.022036928202244566,52.611562156677245,51.88828079223633,52.42399350725263,50.94019366029577,0.018327982622884376,52.253543853759766
2018-10-17,52.253543853759766,52.59608862651848,51.816501609567986,52.51576847933284,91541600,-0.004321309770455972,52.64487152099609,51.95822525024414,52.407760206919974,49.875805785330016,0.018367317043006006,51.032196044921875
2018-10-18,51.032196044921875,51.91100276572367,50.31875540497844,51.46687363023819,130325200,-0.023373492375101557,52.5975061416626,52.003083877563476,52.276754096253484,44.484874451601286,0.01905686409592381,51.809417724609375
2018-10-19,51.809417724609375,52.27008165957751,51.36528859514771,51.51411986825671,132314800,0.015230026138858266,52.61699600219727,52.055812225341796,52.23224587038261,48.31348636204542,0.019223107544026504,52.12596130371094
2018-10-22,52.12596130371094,52.766168459873874,51.72199597000286,51.922796292261246,115168400,0.006109769092255357,52.615341377258304,52.117800827026365,52.2221235306996,49.83102084879531,0.01899766244204121,52.61734390258789
2018-10-23,52.61734390258789,52.74018880071451,50.72035106187289,50.98730143528951,155071200,0.009426830442779144,52.62171955108643,52.18328598022461,52.259763566117535,52.17826160511721,0.019063091243920673,50.81249237060547
2018-10-24,50.81249237060547,52.97171017320504,50.68256059159632,52.586644215954536,163702000,-0.034301456480277714,52.55876216888428,52.20851623535156,52.12192821416401,44.029802287721346,0.020517801023540533,51.92516326904297
2018-10-25,51.92516326904297,52.29842010209034,51.20463595223347,51.43142623733275,119423200,0.021897585544951026,52.49793033599853,52.253684768676756,52.10318869558105,49.28766710223733,0.020594346607793756,51.09834289550781
2018-10-26,51.09834289550781,52.017309700274836,50.24079674850228,51.003845416593705,189033600,-0.01592330811269871,52.38642597198486,52.267764511108396,52.00748909557408,45.8414691072374,0.02082969708627709,50.13920974731445
2018-10-29,50.13920974731445,51.89918406854014,48.68634228122267,51.78106493819332,183742000,-0.018770337624347433,52.209011459350585,52.24253433227539,51.829557729073166,42.15895659289189,0.021051154019999397,50.389617919921875
2018-10-30,50.389617919921875,50.83374336526925,49.43757808963061,49.88170353497799,146640000,0.004994258462975409,52.020256423950194,52.232329025268555,51.69242060439209,43.436501712231596,0.020951206703053282,51.703102111816406
2018-10-31,51.703102111816406,52.07872005381638,51.17392714872992,51.235351399048334,153435600,0.02606656383030903,51.864221000671385,52.250377349853515,51.69343789081345,49.71093780329423,0.02171132025977119,52.49687576293945
2018-11-01,52.49687576293945,52.529948981033634,51.21882568388859,51.7480007781059,233292800,0.015352534349029723,51.796066474914554,52.28425392150879,51.76995578339688,53.097004661449944,0.021772204631314827,49.01470184326172
2018-11-02,49.01470184326172,50.47229113790129,48.53041280128759,49.50371665866198,365314800,-0.0663310695935928,51.597507858276366,52.246408233642576,51.50755064624115,40.28305855676843,0.02606853963095736,47.623268127441406
2018-11-05,47.623268127441406,48.284735950815005,46.815333742036444,48.26347537336716,264654800,-0.028388088950735857,51.33551940917969,52.177568435668945,51.13761897778403,36.49321135330048,0.026648529978028294,48.13827133178711
2018-11-06,48.13827133178711,48.362696958228696,47.64689531758217,47.70122910815629,127531600,0.010814108829480862,51.06266441345215,52.110618591308594,50.851966821022415,38.78863789427114,0.026544643355346332,49.598228454589844
2018-11-07,49.598228454589844,49.62421481077782,48.22332347597132,48.6580010661063,133697600,0.03032840778058188,50.98695049285889,52.064552307128906,50.73256316707646,44.871831823642836,0.02578912768572863,49.4251594543457
2018-11-08,49.4251594543457,49.81156885025763,49.01266942276052,49.778380246609615,101450400,-0.0034894189900874784,50.92514362335205,51.999527282714844,50.608048527768766,44.309669167496914,0.02573339795484727,48.4721794128418
2018-11-09,48.4721794128418,48.83725414465748,47.94590026761649,48.72820739840714,137463200,-0.019281273991319736,50.72520809173584,51.90575668334961,50.40463242158525,41.24549191323428,0.02452269461119985,46.03044509887695
2018-11-12,46.03044509887695,47.376962562228506,45.940360152383896,47.175457903164016,204542000,-0.05037393291455661,50.4592924118042,51.75086730957031,49.988043152755886,34.63632822510091,0.026409274872373635,45.57052993774414
2018-11-13,45.57052993774414,46.743988758610655,45.38562145044577,45.42829458759235,187531600,-0.009991542774458906,50.11380252838135,51.583330612182614,49.56732760846905,33.5459574186345,0.025635931967426053,44.283287048339844
2018-11-14,44.283287048339844,46.10392577764723,44.0770401608399,45.96642905840981,243204000,-0.028247266186345765,49.71528968811035,51.39708892822266,49.064085650361505,30.63872033498224,0.026072818218009632,45.37614440917969
2018-11-15,45.37614440917969,45.50889886088742,44.3069899736933,44.6602144819987,185915200,0.02467877688589093,49.432487106323244,51.25051651000977,48.71285315120133,35.731187065277325,0.026777591244415068,45.87871170043945
2018-11-16,45.87871170043945,46.22008232656418,44.913869072574464,45.160412515171664,147713200,0.011075583829420532,49.13595180511474,51.12250015258789,48.442934917795434,37.98602881787745,0.026623909797974552,44.060447692871094
2018-11-19,44.060447692871094,45.207829618939165,43.854204422517,45.04188654984463,167701200,-0.03963197614267233,48.732676124572755,50.97215118408203,48.025555182088354,33.417862911868795,0.027504541187794888,41.9553337097168
2018-11-20,41.9553337097168,43.019745978740524,41.60685143343039,42.28485054583868,271300800,-0.047777861855336945,48.1995756149292,50.75361915588379,47.447438851386295,29.060494049958564,0.028550893982878942,41.90791702270508
2018-11-21,41.90791702270508,42.735266618961745,41.85339364940584,42.607250817126655,124496800,-0.001130170655769036,47.75434684753418,50.54727340698242,46.91986534389285,28.96886831819839,0.02807733600789318,40.843505859375
2018-11-23,40.843505859375,41.8652485061949,40.79846701261189,41.47172379819083,94496000,-0.025398808601090672,47.20026397705078,50.29440925598144,46.34116444060543,26.917199607523756,0.02730074787645286,41.395851135253906
2018-11-26,41.395851135253906,41.474082191574425,40.36225852694691,41.305769848179885,179994000,0.013523454078125496,46.715139389038086,50.06473472595215,45.87018222104814,29.699598658754596,0.02784235084177715,41.30577087402344
2018-11-27,41.30577087402344,41.43141370833802,40.509240737589266,40.658587651286105,165549600,-0.0021760697934715134,46.273467445373534,49.86141822814941,45.43547637847436,29.50232723072115,0.02781758486741104,42.89409637451172
2018-11-28,42.89409637451172,42.97706609276824,41.469348200420384,41.89606149396926,184250000,0.03845287152084498,45.89869136810303,49.68816719055176,45.19344018762078,37.398116723756644,0.029665253250753802,42.564579010009766
2018-11-29,42.564579010009766,43.335032251064035,42.12601187203321,43.30184364075627,167080000,-0.007682114611412105,45.441765213012694,49.5077116394043,44.943072456419735,36.48513882552558,0.02859001557947415,42.334625244140625
2018-11-30,42.334625244140625,42.7494846540276,41.96717761478334,42.74000012754947,158126000,-0.005402467761165042,44.93365268707275,49.31481407165527,44.694648912393156,35.8278174012229,0.028019704097183573,43.81390380859375
2018-12-03,43.81390380859375,43.84235015808843,42.95810782751556,43.72856114282213,163210000,0.034942521775549906,44.67361278533936,49.16269973754883,44.61076842631702,42.9485196124226,0.026473326949525294,41.88658142089844
2018-12-04,41.88658142089844,43.237837196394814,41.787015586628954,42.896466554735234,165377200,-0.043988830488948194,44.38677845001221,48.95725028991699,44.35132204484859,37.16261390081555,0.02740420462924268,41.41957092285156
2018-12-06,41.41957092285156,41.43379409773715,40.40020118769581,40.717864151099256,172393600,-0.01114940590052238,44.05084342956543,48.73584609985352,44.07210765227744,35.90055036181312,0.027132074685912732,39.94267654418945
2018-12-07,39.94267654418945,41.36505206470577,39.89763407394036,41.12798947795305,169126400,-0.03565692125138098,43.56806583404541,48.493266830444334,43.6788284991262,32.17876121197472,0.026336887389949,40.205810546875
2018-12-10,40.205810546875,40.32196888310216,38.71942732261499,39.11532135314505,248104000,0.006587790940710603,43.10709838867187,48.23454704284668,43.34806488462608,33.501501902457036,0.026572109249695924,39.975860595703125
2018-12-11,39.975860595703125,40.72497553514085,39.58944746589914,40.69415986213853,189126800,-0.005719321362860796,42.68228244781494,47.967495651245116,43.026902571395325,32.89767120993754,0.026493879592594315,40.0872802734375
2018-12-12,40.0872802734375,40.75579481048931,40.06831483459586,40.3954587070733,142510800,0.002787173961336764,42.38512420654297,47.695491256713865,42.74693854301839,33.522896098303605,0.0247613315026851,40.52583694458008
2018-12-13,40.52583694458008,40.909880685541545,40.19395086452644,40.41679021139973,127594400,0.010940045524444608,42.13288955688476,47.422713623046874,42.535405057452834,36.04868276531094,0.025050886698336723,39.22909927368164
2018-12-14,39.22909927368164,40.08252567244225,39.18168749981416,40.06356023943796,162814800,-0.03199780112306505,41.88018016815185,47.11081939697266,42.220518792331774,32.1580089965133,0.025243048712039938,38.864036560058594
2018-12-17,38.864036560058594,39.909483314980214,38.57718927162782,39.22199972246695,177151600,-0.009305916281079685,41.5545747756958,46.8109008026123,41.90085381782957,31.139086119756044,0.024210637438010336,39.36897659301758
2018-12-18,39.36897659301758,39.71508586552915,38.97070965657398,39.20540286647577,135366000,0.012992475245814372,41.22908802032471,46.53856285095215,41.659722653561765,34.24260076108587,0.024291434728280287,38.14099884033203
2018-12-19,38.14099884033203,39.696128806296855,37.714285467405595,39.35238878434899,196189200,-0.03119150811005178,40.933115577697755,46.24412208557129,41.32460609992084,30.62744388823711,0.023768572292181496,37.17851257324219
2018-12-20,37.17851257324219,38.430202292752995,36.815807235047956,38.02482382326648,259092000,-0.02523495179345081,40.694274520874025,45.91578491210937,40.92974004976097,28.121413792982608,0.02221250030514414,35.73243713378906
2018-12-21,35.73243713378906,37.493813760545514,35.47167049927005,37.18563172221628,382978400,-0.03889546244230013,40.385500526428224,45.608183517456055,40.43475881966841,24.83367293975992,0.02337049979874584,34.807884216308594
2018-12-24,34.807884216308594,35.92681940627139,34.75098791914076,35.12080480751575,148676800,-0.025874331325869693,40.083719444274905,45.291115264892575,39.898866000300806,22.98354031686958,0.023389710329062622,37.259117126464844
2018-12-26,37.259117126464844,37.27334029939218,34.78181443000984,35.15637365867392,234330000,0.07042177269159522,39.87688274383545,44.98687980651855,39.64746134564976,36.4925642265254,0.028915007355707355,37.01731872558594
2018-12-27,37.01731872558594,37.16429997821352,35.575981488377714,36.94382990791601,212468400,-0.006489643865102757,39.66246013641357,44.70025100708008,39.39697157231035,35.825019478358556,0.028910040727500155,37.03627014160156
2018-12-28,37.03627014160156,37.57914524507539,36.6380069125309,37.3373405032617,169165600,0.0005119607974881646,39.369568824768066,44.391369857788085,39.172142864623794,35.92395326598967,0.027091189121837594,37.39424514770508
2018-12-31,37.39424514770508,37.77828529250411,37.095544041939455,37.58152295661812,140014000,0.00966552530087017,39.11105213165283,44.09418388366699,39.0028192725363,37.87227234481581,0.02734373127300703,37.43691635131836
2019-01-02,37.43691635131836,37.657386397267345,36.56215498900312,36.718617135510485,148158800,0.001141116860220892,38.86616668701172,43.82227828979492,38.85368566099174,38.11383224161612,0.027391659264153895,33.707923889160156
2019-01-03,33.707923889160156,34.54475438454186,33.66288142679495,34.132264253567534,365248800,-0.09960736154560135,38.36086769104004,43.460248413085935,38.363613111293496,27.903509141758207,0.03284491822180243,35.146888732910156
2019-01-04,35.146888732910156,35.215638890994725,34.089591894725444,34.262646525522236,234428400,0.04268921599804454,38.02388305664063,43.12066696166992,38.05725840859032,35.12575914145941,0.03416383480150103,35.06865310668945
2019-01-07,35.06865310668945,35.282011522303684,34.58741653180372,35.2511922404592,219111200,-0.0022259616438665697,37.70633716583252,42.76969314575195,37.77262933221881,34.920933980758335,0.034181131299749305,35.737178802490234
2019-01-08,35.737178802490234,35.990837462958424,35.2085303378544,35.45507379403959,164101200,0.01906334109174157,37.49606227874756,42.46818687438965,37.578776900816095,38.23526870202725,0.03401713598261523,36.344058990478516
2019-01-09,36.344058990478516,36.63327559109025,35.471670542086514,35.865191626259296,180396400,0.01698175984574335,37.302974700927734,42.15656478881836,37.46118471887919,41.16456666803115,0.03428164775004695,36.46022033691406
2019-01-10,36.46022033691406,36.50052053570231,35.76325587216913,36.15203830332984,143122800,0.003196157767242802,37.127192687988284,41.86380233764648,37.365854777739656,41.73418009320731,0.034322452743981116,36.10224533081055
2019-01-11,36.10224533081055,36.43650431282502,35.91733687635287,36.2421149502893,108092800,-0.009818234854194863,36.927940940856935,41.58306304931641,37.24551102088927,40.434985214357894,0.03430657505313332,35.55937576293945
2019-01-14,35.55937576293945,35.8604461572393,35.37446729835511,35.76088033917748,129756800,-0.015037002903744434,36.6796178817749,41.28645820617676,37.08492671060833,38.47870811197338,0.03417669451016898,36.28716278076172
2019-01-15,36.28716278076172,36.36302090848889,35.571232935659744,35.62338698103528,114843600,0.02046681085388391,36.5325210571289,40.97813941955567,37.00894919348008,42.49540554827903,0.03408556848000986,36.730472564697266
2019-01-16,36.730472564697266,36.95331194342955,36.270570632809374,36.28953607113632,122278800,0.012216711089095611,36.42584285736084,40.66281135559082,36.98242760978648,44.85708571510563,0.03422634716822813,36.948570251464844
2019-01-17,36.948570251464844,37.37528357720768,36.33220615680434,36.55504553898602,119284800,0.0059377860272127325,36.304822540283205,40.421488723754884,36.97920309947013,46.03140998241549,0.03409708495556188,37.176151275634766
2019-01-18,37.176151275634766,37.427437002899225,36.97701598209478,37.33735207528084,135004000,0.006159400015238736,36.25658016204834,40.21254638671875,36.99796006862867,47.292767516817,0.033465943789859974,36.34169387817383
2019-01-22,36.34169387817383,37.15481678323688,36.18048944437783,37.078958639376545,121576000,-0.022446040507905995,36.21473922729492,39.97661483764649,36.93545852668059,43.296936552836954,0.033364147142894936,36.48866271972656
2019-01-23,36.48866271972656,36.777879284107165,35.96238363485609,36.54318608659887,92522400,0.004044083416843813,36.252550506591795,39.71442352294922,36.89290654506593,44.191312220336535,0.03212864587463739,36.19945526123047
2019-01-24,36.19945526123047,36.62142636446528,35.97187720999421,36.53371436735213,101766000,-0.007925953897448323,36.32212905883789,39.449909439086916,36.82686356565303,42.76195778296502,0.03156809318354308,37.39897918701172
2019-01-25,37.39897918701172,37.48669477291411,36.58348721486467,36.85847696932407,134142000,0.03313651868860967,36.329122161865236,39.22844543457031,36.88135076768719,49.987431200413084,0.028271366635047465,37.052879333496094
2019-01-28,37.052879333496094,37.0599909210056,36.42703431164568,36.93197511125913,104768400,-0.0092542593685504,36.33090019226074,39.0488941192627,36.89768682157375,48.10069963941432,0.02831449371711299,36.6688346862793
2019-01-29,36.6688346862793,37.48670340411951,36.53371090938889,37.04102463814137,166348800,-0.010364772026491775,36.312528419494626,38.870860214233396,36.87589138011714,46.024800751726254,0.028417403156707665,39.174583435058594
2019-01-30,39.174583435058594,39.38793826706386,37.984528510908085,38.70045837079162,244439200,0.06833456176661357,36.4015453338623,38.76868614196778,37.094814432968704,58.58403314167048,0.03224832731309941,39.45668411254883
2019-01-31,39.45668411254883,40.06356354968348,39.01100544334011,39.37845305142474,162958400,0.007201114925903029,36.502533721923825,38.650296936035154,37.31975440245253,59.720366212153046,0.03226004744565656,39.475650787353516
2019-02-01,39.475650787353516,40.05882254527424,39.33578115515661,39.57995887212942,130672400,0.00048069611603929197,36.79092006683349,38.52223571777344,37.52507786768119,59.80022692737208,0.021426981149677598,40.59695816040039
2019-02-04,40.59695816040039,40.69415466560486,39.655819629284345,39.68663891563872,125982000,0.028405038313037645,37.063423538208006,38.452965927124026,37.81763789555921,64.30592399333943,0.02042968402028527,41.29154968261719
2019-02-05,41.29154968261719,41.504908129697604,40.85772843652332,40.97862902443456,144406400,0.01710944744856091,37.37456836700439,38.43969024658203,38.14848663718377,66.78910538997141,0.020406297123863455,41.30577087402344
2019-02-06,41.30577087402344,41.621064429829325,40.976254147130874,41.402963748878,112958400,0.00034440924391443417,37.652997970581055,38.4276473236084,38.449180374025644,66.83997031390803,0.02032029947621113,40.52347946166992
2019-02-07,40.52347946166992,41.23466722725265,40.381240461638164,40.869588815238885,126966800,-0.01893903432378463,37.861968994140625,38.4212467956543,38.646732668087,61.279983882178776,0.02101001347968087,40.57109069824219
2019-02-08,40.57109069824219,40.630610517833716,40.09731162648508,40.23301855889848,95280000,0.0011749049490505925,38.06751251220703,38.40475158691406,38.830004861435114,61.489944195987995,0.02102735503577252,40.3377685546875
2019-02-11,40.3377685546875,40.761552993076776,40.29491603027586,40.723459438398876,83973600,-0.005750945797589724,38.27928867340088,38.385391540527344,38.973601403649624,59.77920809137506,0.020890004070966466,40.68536376953125
2019-02-12,40.68536376953125,40.71155263291125,40.40204887463883,40.4972827563848,89134000,0.008617115604015124,38.535588073730466,38.34121688842774,39.136626390876444,61.497778104535044,0.020311915015987905,40.51633834838867
2019-02-13,40.51633834838867,41.06392153006669,40.45443903083637,40.80441593407917,89960800,-0.004154452743744597,38.747046852111815,38.30025207519531,39.26802752968713,60.15182981015781,0.02019519128659465,40.6639404296875
2019-02-14,40.6639404296875,40.77345486056133,40.325868299005165,40.40443489478929,87342800,0.003643026179454889,38.94372024536133,38.26683837890625,39.40097161540145,60.955456657617574,0.020140868728093578,40.5734748840332
2019-02-15,40.5734748840332,40.87821610502483,40.41396218498305,40.77108114390779,98507200,-0.002224711739648555,39.12496547698974,38.20202980041504,39.51263859336638,60.154717341047366,0.020209584180630923,40.694889068603516
2019-02-19,40.694889068603516,40.81631182485076,40.35205796132108,40.40443569287842,75891200,0.002992452209660046,39.300902366638184,38.17819595336914,39.6252338767223,60.89715136179956,0.02021143492918961,40.95677947998047
2019-02-20,40.95677947998047,41.2639037947893,40.70917861976395,40.75679375063616,104457600,0.006435461979892754,39.531656646728514,38.16894012451172,39.752047743699265,62.51941762472424,0.01917332978939078,40.72583770751953
2019-02-21,40.72583770751953,41.03772095743167,40.54489877740289,40.90201766804449,68998800,-0.005638670212676833,39.74351539611816,38.18460334777832,39.84478964501548,60.149604523087326,0.019351132209899338,41.180564880371094
2019-02-22,41.180564880371094,41.18770696667767,40.80201977491948,40.84963489456358,75652800,0.011165569536402797,39.992570877075195,38.20409843444824,39.97200633409697,63.11436449323827,0.019114011553742608,41.48054504394531
2019-02-25,41.48054504394531,41.87099485294799,41.41388314724736,41.46388138617128,87493600,0.007284508224830288,40.196649169921876,38.23419212341309,40.11567668741586,64.96607063341231,0.01807334936239646,41.50436019897461
2019-02-26,41.50436019897461,41.735297384970416,41.22818736975056,41.35675221185204,68280800,0.00057412830530712,40.4192232131958,38.26253372192383,40.247932259945266,65.11579386738032,0.017786902406367537,41.63291931152344
2019-02-27,41.63291931152344,41.663870778026364,41.12342983703562,41.237710498215094,111341600,0.0030974845036162435,40.667427444458006,38.28467536926269,40.379835788667,65.961472294847,0.017391948339504845,41.22343063354492
2019-02-28,41.22343063354492,41.642452539667424,41.16867341001371,41.501986620138595,112861600,-0.009835694559741648,40.769869804382324,38.32456199645996,40.46017815484585,60.89741100229604,0.009963403872218774,41.65673065185547
2019-03-01,41.65673065185547,41.699583177214194,41.16152532850225,41.49245537237755,103544800,0.010511013073180697,40.87987213134765,38.3804158782959,40.574135535513435,64.04314372001988,0.010070778529897564,41.86623764038086
2019-03-04,41.86623764038086,42.3185867630682,41.41864748708526,41.82814408844058,109744800,0.005029367049381284,40.99940147399902,38.430361099243164,40.69719287883414,65.48881856212097,0.010067847654880582,41.7900505065918
2019-03-05,41.7900505065918,41.90194804483561,41.554350741031215,41.8876638710685,78949600,-0.0018197750283530656,41.05905609130859,38.503342132568356,40.8012745576682,64.47364813365371,0.008135447221210108,41.549598693847656
2019-03-06,41.549598693847656,41.78053589569321,41.41151226975844,41.58530913421484,83241600,-0.005753805267744605,41.07195854187012,38.590763854980466,40.87254352301863,61.24674506923981,0.007396557160539757,41.06868362426758
2019-03-07,41.06868362426758,41.53055809671059,40.95440656528032,41.39485113751143,99185600,-0.011574481696529304,41.06010417938232,38.69748878479004,40.891223532661385,55.28670231768023,0.007861522429376006,41.16627883911133
2019-03-08,41.16627883911133,41.20437238621775,40.35442782630872,40.549654530628665,95997600,0.002376390140395923,41.092244148254395,38.8246566772461,40.91741927613281,56.21782837949626,0.006527362266524307,42.59236145019531
2019-03-11,42.59236145019531,42.644739157469544,41.74718331503341,41.78051425304431,128044000,0.034642009219669534,41.19330768585205,38.9313215637207,41.07693757842448,67.02397636094771,0.009995164915024607,43.070919036865234
2019-03-12,43.070919036865234,43.48993721924746,42.704274948579794,42.85426604222394,129870400,0.011235760835414554,41.32996520996094,39.05239356994629,41.26684057446645,69.72444951699518,0.00998056907156597,43.261383056640625
2019-03-13,43.261383056640625,43.63992820049974,43.07329841068218,43.38994425600369,124130000,0.004422102523802041,41.45876617431641,39.17689582824707,41.456797001340185,70.75108155718038,0.00990742343009813,43.742305755615234
2019-03-14,43.742305755615234,43.8303975608462,43.463753429758704,43.78277879788824,94318000,0.011116674155908335,41.62006454467773,39.303857040405276,41.67446450174733,73.22038315666163,0.00990571546432836,44.31130599975586
2019-03-15,44.31130599975586,44.599383472174495,43.74467989147585,44.00894798730422,156171600,0.013008007564109247,41.80243282318115,39.441344833374025,41.92559226346243,75.82126034500838,0.01011290523913808,44.76366424560547
2019-03-18,44.76366424560547,44.85175241081099,44.23274487113642,44.235127988769825,104879200,0.010208641691854092,42.011942291259764,39.66245964050293,42.195884833190334,77.67741719028301,0.01006938868840669,44.4089241027832
2019-03-19,44.4089241027832,44.99460068115345,44.263695608787415,44.84223009997764,126585600,-0.007924734241502418,42.19764404296875,39.84770034790039,42.406650477913466,72.94800731457116,0.010470378343125863,44.79700469970703
2019-03-20,44.79700469970703,45.11365062400967,43.980390761705074,44.33750973354687,124140800,0.008738797544962429,42.38965530395508,40.042267379760744,42.63430326094142,74.7586044008157,0.010506227336737943,46.44688034057617
2019-03-21,46.44688034057617,46.74209992048173,45.18982218227039,45.23982042355803,204136800,0.03683004370334464,42.67570743560791,40.25646141052246,42.99740583995426,80.67916062905799,0.01245165103697419,45.48503494262695
2019-03-22,45.48503494262695,47.06588079152945,45.42075253712384,46.50639318081825,169630800,-0.020708503798239963,42.8909309387207,40.43928092956543,43.23432289735166,70.32328054333092,0.01381110619852501,44.935081481933594
2019-03-25,44.935081481933594,45.70645597035694,44.42559200356954,45.59455842593482,175381200,-0.012090865960354802,43.06365776062012,40.60877815246582,43.39629990540708,65.17225458713573,0.014318041068757798,44.470821380615234
2019-03-26,44.470821380615234,45.92072676985604,43.9446682740036,45.63026979507093,199202000,-0.010331796138057903,43.21198081970215,40.776149673461916,43.49863528399833,61.10333034844658,0.014663071677013861,44.87080383300781
2019-03-27,44.87080383300781,45.17792451700558,44.41369203462886,44.93746574322131,119393600,0.008994267251536181,43.373875045776366,40.96237823486328,43.629318002951614,63.23312548716914,0.014712508577799521,44.9303092956543
2019-03-28,44.9303092956543,45.13029496238023,44.6469944513923,44.98506649737201,83121600,0.0013261510283599787,43.55921897888184,41.13524116516113,43.75322193558996,63.552859949737226,0.01437369775241687,45.22315216064453
2019-03-29,45.22315216064453,45.254103625195796,44.88745955109944,45.194583813551674,94256000,0.006517713089025046,43.737540054321286,41.30509475708008,43.89321529035707,65.15865509814576,0.014312117442409178,45.530277252197266
2019-04-01,45.530277252197266,45.6350290710456,44.84937044927723,45.625507499441596,111448000,0.006791324285882361,43.92074203491211,41.47672889709472,44.04912595338947,66.81022271651453,0.014322831722085486,46.192142486572266
2019-04-02,46.192142486572266,46.29689795003126,45.485046741025556,45.49456831370297,91062800,0.014536815374719847,44.14084663391113,41.65704872131348,44.25322276607355,70.09962532812685,0.014421628656695714,46.50878143310547
2019-04-03,46.50878143310547,46.78257110861055,45.98500419384211,46.00881357119078,93087200,0.0068548226925229105,44.38880577087402,41.86039047241211,44.468037877219444,71.5522075076973,0.014195171478482581,46.589725494384766
2019-04-04,46.589725494384766,46.75161762841101,45.98262272618478,46.37545200589024,76457200,0.0017404038288064694,44.66485786437988,42.06241172790527,44.670103364568526,71.92765406880864,0.01364140552654802,46.901615142822266
2019-04-05,46.901615142822266,46.92542452241121,46.64686858586537,46.7706708206856,74106400,0.00669438690887092,44.95162467956543,42.27645492553711,44.882628295830784,73.38520372360895,0.013608266220025539,47.6396598815918
2019-04-08,47.6396598815918,47.67060771411414,46.74447956713856,46.763526343275984,103526800,0.015736019676978685,45.203989601135255,42.48126853942871,45.14520273256993,76.49524904028516,0.012137137906252315,47.49680709838867
2019-04-09,47.49680709838867,48.2943739839882,47.432524688138955,47.69203381366528,143072800,-0.0029986104761912102,45.42528400421143,42.69014709472656,45.36916505312409,74.6763141812244,0.012211620533646514,47.763465881347656
2019-04-10,47.763465881347656,47.792037866383424,47.182551833909685,47.301591478620686,86781200,0.0056142464988564456,45.650388145446776,42.91203971862793,45.5971937034311,75.83158225610129,0.012211699083897961,47.36586380004883
2019-04-11,47.36586380004883,47.85392696581256,47.24444469615284,47.81821653313754,83603200,-0.008324397611482737,45.83156604766846,43.07586532592774,45.76563847453755,70.65574319266112,0.012472887370058595,47.3468132019043
2019-04-12,47.3468132019043,47.6491748277413,46.71352523919768,47.425379780246224,111042800,-0.00040220100756427346,45.98334140777588,43.233667907714846,45.91622654381058,70.40777503413304,0.012326170823961653,47.432525634765625
2019-04-15,47.432525634765625,47.58013723283315,47.142068673382234,47.27777558297322,70146400,0.0018103104953615112,46.116784477233885,43.392805404663086,46.0606359810444,70.90256742034798,0.012224290577929264,47.43729019165039
2019-04-16,47.43729019165039,47.94201703520826,47.27301492918647,47.48728843219198,102785600,0.00010044915005069655,46.268202781677246,43.52961204528808,46.19174590586402,70.93166312973747,0.011977056722458985,48.36103057861328
2019-04-17,48.36103057861328,48.420550380484144,47.28491154360388,47.50632346281932,115627200,0.019472874256326822,46.44640407562256,43.67100166320801,46.398344446125854,75.95231064255708,0.012460957735474645,48.534847259521484
2019-04-18,48.534847259521484,48.603888659534256,48.21582186271426,48.35866726602402,96783200,0.0035941475776795073,46.55080242156983,43.81558319091797,46.60182090454449,76.76551338058093,0.009763658895097097,48.69435501098633
2019-04-22,48.69435501098633,48.79196838798587,48.17296080479051,48.28962096019007,77758000,0.0032864582969003298,46.71126842498779,43.9790007019043,46.80110986706276,77.51688867912739,0.008132517350394806,49.39667892456055
2019-04-23,49.39667892456055,49.460961335538265,48.54435482277016,48.67053652737033,93292000,0.014423107430332704,46.93434829711914,44.155512466430665,47.04830692015779,80.50613756524254,0.00761081431290684,49.32050704956055
2019-04-24,49.32050704956055,49.63476982624294,49.29431818210354,49.36812218144555,70162400,-0.001542044458420544,47.176832580566405,44.335167236328125,47.264706932481864,79.27506362562595,0.006914698271106752,48.87291717529297
2019-04-25,48.87291717529297,49.46335280715113,48.83482361638554,49.24194080750497,74172800,-0.009075127184272613,47.37693824768066,44.49891830444336,47.417869812749586,72.2807061645131,0.007546049655089997,48.63959503173828
2019-04-26,48.63959503173828,48.80624979227358,48.12058034001254,48.78244041242512,74596400,-0.004774058047687824,47.56240253448486,44.66138343811035,47.53422459551041,68.86957053531442,0.007792183156154939,48.71338653564453
2019-04-29,48.71338653564453,49.037174401453356,48.534827130958796,48.663388303900355,88818800,0.0015171076950393214,47.736914253234865,44.822372360229494,47.646525732666035,69.3620313234778,0.007787466801631167,47.775360107421875
2019-04-30,47.775360107421875,48.42531540799,47.4039570785258,48.34436933918975,186139600,-0.01925602991153741,47.849168395996095,44.966410064697264,47.65879567311897,57.01484766052088,0.00928637549750938,50.120452880859375
2019-05-01,50.120452880859375,51.260851075448706,49.81332856402731,49.96808228138352,259309200,0.049085820978944206,48.04558391571045,45.15492134094238,47.8932392167133,70.94154769843652,0.013779457704873812,49.79426574707031
2019-05-02,49.79426574707031,50.62754298924419,49.55142756639598,49.95854098463266,127985200,-0.006508064373728528,48.209858131408694,45.33167106628418,48.074289362461585,67.65802120483309,0.013965541807541622,50.41328430175781
2019-05-03,50.41328430175781,50.43471056370915,50.05140280221845,50.208535988797536,83569600,0.012431522895262725,48.40103607177734,45.52541999816894,48.2970507852517,70.4529780357609,0.01409823329745588,49.634765625
2019-05-06,49.634765625,49.720474308259035,48.44913186725117,48.63721289375776,129772400,-0.015442728787472881,48.53769359588623,45.694504013061525,48.42445219856106,63.07076357790018,0.014733888642524262,48.2967643737793
2019-05-07,48.2967643737793,49.38240534277165,47.81346371111648,49.01576483871082,155054800,-0.02695693702534141,48.5705488204956,45.8308283996582,48.412291453343755,52.82589615598046,0.01583367121320277,48.30629348754883
2019-05-08,48.30629348754883,48.88720762057261,48.032503717496866,48.068214163050705,105358000,0.00019730335754553074,48.611023139953616,45.96686706542969,48.402196408982334,52.884593961881045,0.015809395937183925,47.78726577758789
2019-05-09,47.78726577758789,48.01581981569588,46.82066463565413,47.71107867635127,139634400,-0.010744515310302516,48.612213134765625,46.08995399475098,48.343631586944774,49.28729981394656,0.01597834206071276,47.12525939941406
2019-05-10,47.12525939941406,47.52438618157137,46.07128914292564,47.182619788615604,164834800,-0.013853196398700529,48.600182914733885,46.20799057006836,48.22759614051328,45.075713557856986,0.016179140956722345,44.3863525390625
2019-05-13,44.3863525390625,45.28497649247843,43.700434952267486,44.86195605399725,229722400,-0.05811971955714301,48.4521598815918,46.2625830078125,47.86176341656559,32.646429011217066,0.020735792463303565,45.089012145996094
2019-05-14,45.089012145996094,45.33756652424248,44.31227469963762,44.55127083697869,146118800,0.015830532736728298,48.33498420715332,46.3270384979248,47.59769186698754,37.41436678373883,0.021140638836666125,45.629146575927734
2019-05-15,45.629146575927734,45.82751382697898,44.45806684688862,44.517815887080246,106178800,0.01197929172151091,48.24457702636719,46.40382041931152,47.41021136307708,40.878969972051586,0.021377659205755403,45.428382873535156
2019-05-16,45.428382873535156,45.99958345378855,45.132026372240446,45.38775397079813,132125600,-0.004399900446494298,48.09794464111328,46.48139610290527,47.22146579264452,39.992776744296656,0.020790307595226487,45.17025375366211
2019-05-17,45.17025375366211,45.62434479299866,44.63490128521863,44.675530176376924,131516400,-0.005682111128446632,47.92971496582031,46.563427505493166,47.026112265122386,38.82730377896229,0.020740833471280046,43.75779724121094
2019-05-20,43.75779724121094,44.05893467607337,43.08621875043243,43.860567465632776,154449200,-0.03126961650811311,47.68288707733154,46.61525787353516,46.71484416760701,33.13676350223322,0.021578660091644077,44.5966796875
2019-05-21,44.5966796875,44.93127281356524,44.14258484864967,44.266863858384575,113459200,0.019171039201649087,47.44288711547851,46.65534423828125,46.51311421712063,38.8673635452455,0.021829498387555265,43.68370819091797
2019-05-22,43.68370819091797,44.38396868148397,43.62874010735263,44.13302203951607,118994400,-0.02047173697637239,47.16104717254639,46.667600021362304,46.2436469765299,35.319491550043665,0.022086449293108146,42.93804931640625
2019-05-23,42.93804931640625,43.148363449235205,42.49590497882846,42.971508631637576,146118800,-0.01706949582331352,46.864303779602054,46.66113334655762,45.92882815175622,32.694515074672864,0.02222045108304859,42.773128509521484
2019-05-24,42.773128509521484,43.53074564161301,42.68947842323507,43.06709266530931,94858800,-0.0038409012405170584,46.57098045349121,46.64174980163574,45.628285328686246,32.12581270343212,0.022224619213374434,42.59626388549805
2019-05-28,42.59626388549805,43.16029469500414,42.51978704777683,42.76117173928439,111792800,-0.004134947107833575,46.26512432098389,46.607448959350585,45.33952138171594,31.49314398018798,0.022157559591653286,42.39311981201172
2019-05-29,42.39311981201172,42.86394231443668,42.06330410151559,42.16368200323392,113924800,-0.00476905847969189,45.99601230621338,46.56003807067871,45.058911708410776,30.744226987181122,0.021952829614449717,42.613006591796875
2019-05-30,42.613006591796875,42.83527122076542,42.22344177055687,42.52935649566115,84873600,0.005186850620105821,45.62063999176026,46.524119720458984,44.825968363971356,32.61223345071696,0.018027461919483023,41.841060638427734
2019-05-31,41.841060638427734,42.53892900730646,41.821940507484086,42.11829342013039,108174400,-0.018115266091497606,45.22297973632813,46.4650008392334,44.541691437729106,29.594342465186415,0.018165807608287295,41.41801834106445
2019-06-03,41.41801834106445,42.52217898232048,40.6938605637744,41.96771001391318,161584400,-0.010110697265038993,44.77321643829346,46.36442359924317,44.24419876185628,28.06177459135496,0.017485071793206564,42.93326187133789
2019-06-04,42.93326187133789,42.978671716588416,41.70960293183085,41.92947891959907,123872000,0.03658416290697164,44.43814125061035,46.313388137817384,44.11934762942596,40.03916082577075,0.020229642656373652,43.626346588134766
2019-06-05,43.626346588134766,44.21188995189266,43.29175350609404,44.0422011159206,119093600,0.016143304435472627,44.204620361328125,46.287213439941404,44.07239514930299,44.5840730838918,0.020290677554064177,44.26686096191406
2019-06-06,44.26686096191406,44.32660999100133,43.53314113426265,43.75540941879875,90105200,0.014681824719961822,44.002648735046385,46.28313423156738,44.090915702885,48.47125285123415,0.020734861287933424,45.44511413574219
2019-06-07,45.44511413574219,45.86813832067342,44.39831353218565,44.57516834017903,122737600,0.026617048243873898,43.885541152954104,46.29462043762207,44.21988698220473,54.75813023795747,0.021766826293941458,46.02587890625
2019-06-10,46.02587890625,46.69267655873653,45.79644099815194,45.84185085004158,104883600,0.012779476552156943,43.8305721282959,46.316531829833984,44.39188621306618,57.5099440078231,0.021836229241262873,46.558834075927734
2019-06-11,46.558834075927734,46.843240045404315,46.26965080968736,46.57078461142005,107731600,0.011579467515727693,43.93919620513916,46.34324546813965,44.59826220000537,59.919236769414866,0.017328677582077467,46.4106559753418
2019-06-12,46.4106559753418,46.83606876664861,46.219458354725056,46.353295595119384,73012800,-0.0031825990389769965,44.00527839660644,46.36085304260254,44.77087113098979,58.91892559832548,0.017080617903698546,46.40109634399414
2019-06-13,46.40109634399414,47.03204596994404,46.269651392297824,46.53254494248193,86698400,-0.00020597923357801307,44.04387588500977,46.36503211975098,44.92613067508544,58.8506662662106,0.016906734623750953,46.064109802246094
2019-06-14,46.064109802246094,46.26725429994497,45.48095873253902,45.77970385867657,75046000,-0.007262469387572246,44.075662231445314,46.356138687133786,45.034509639576925,56.3714056827316,0.016966638866622398,46.33894729614258
2019-06-17,46.33894729614258,46.59467483835488,45.927873769058344,46.102339876909845,58676400,0.0059664127902692154,44.13409690856933,46.35112312316895,45.15874179734508,57.92812655925484,0.016931172796667383,47.42877960205078
2019-06-18,47.42877960205078,47.86853159056381,46.65443450201509,46.85519036892868,106204000,0.023518710922440844,44.31764602661133,46.361666412353514,45.37493587398372,63.49109635085079,0.01575629610584176,47.2901611328125
2019-06-19,47.2901611328125,47.77054566831844,47.156323888998976,47.72274352684957,84496800,-0.0029226657401129064,44.45232009887695,46.35467643737793,45.55733827958646,62.36161693156031,0.015418861994731456,47.670166015625
2019-06-20,47.670166015625,47.94501008519834,47.32839967976791,47.88764970557996,86056000,0.008035601353636235,44.65164299011231,46.35814361572265,45.75855996873299,64.2397189547795,0.01441511798318746,47.50763702392578
2019-06-21,47.50763702392578,48.00236062388434,47.35706833754004,47.51241796627832,191202400,-0.0034094488289792,44.880122375488284,46.35302703857422,45.92513873589421,62.7964422261748,0.013643612882967287,47.4598388671875
2019-06-24,47.4598388671875,47.837453086244224,47.361849605634255,47.45027698241665,72881600,-0.0010061152213107771,45.11445789337158,46.35490653991699,46.071300653160236,62.35276545859609,0.013559683996765267,46.74045181274414
2019-06-25,46.74045181274414,47.62234403363482,46.6735295743441,47.42397690607938,84281200,-0.015157806507866689,45.32166728973389,46.342779312133786,46.135029335025365,55.94602624543913,0.014173427574873694,47.75142288208008
2019-06-26,47.75142288208008,48.03582883274254,47.16588314960564,47.266261076876305,104270000,0.021629467198695185,45.589582443237305,46.34915725708008,46.288971577602005,61.87467443886158,0.014466703635250804,47.73707580566406
2019-06-27,47.73707580566406,48.17443904653246,47.696446911829156,47.86852072527501,83598800,-0.00030045338023632073,45.84578590393066,46.355152969360354,46.42688626598887,61.74767536010123,0.014536151184438014,47.3021125793457
2019-06-28,47.3021125793457,47.67972689411709,47.09418711775815,47.48374832133551,124442400,-0.009111643706226968,46.118838500976565,46.333974609375,46.51024115297524,57.8696360412185,0.013881419445316536,48.16966247558594
2019-07-01,48.16966247558594,48.87231156085323,47.95456380737443,48.55683497285938,109012000,0.018340616283997635,46.456420707702634,46.32667091369629,46.66828127893816,62.877529398325144,0.013571645026773563,48.45167541503906
2019-07-02,48.45167541503906,48.547276037358415,48.12425194472356,48.136202478362335,67740800,0.0058545757840022805,46.7323413848877,46.321817321777345,46.8381283395192,64.36055959452983,0.01174150907496136,48.853187561035156
2019-07-03,48.853187561035156,48.86035715139442,48.44211402874797,48.58312083486759,45448000,0.008286857834258976,46.993683433532716,46.310947494506834,47.03003874156834,66.41758377761747,0.01151814882762761,48.81016540527344
2019-07-05,48.81016540527344,49.01331351953692,48.492300200743436,48.599851347583254,69062000,-0.000880641733110421,47.220848655700685,46.30074066162109,47.199574614302165,65.9781566511648,0.011407169663214894,47.80399703979492
2019-07-08,47.80399703979492,48.133809151047075,47.419213204341766,47.99280233879046,101354400,-0.020613910178837624,47.33879280090332,46.279362258911135,47.25713865482528,56.55422700378861,0.011575056329839423,48.095584869384766
2019-07-09,48.095584869384766,48.16011120195485,47.51482234871203,47.608030698104976,82312000,0.006099653745420319,47.44227809906006,46.268482055664066,47.336990675259514,58.4082800505101,0.011360155909474617,48.57118225097656
2019-07-10,48.57118225097656,48.69068031541606,48.17205915336362,48.24137007294178,71588400,0.00988858713088514,47.5428955078125,46.265637969970705,47.45453273008971,61.30858699474529,0.011293266184348104,48.21746826171875
2019-07-11,48.21746826171875,48.84841788640936,48.207910021298474,48.590301633564366,80767200,-0.007282383768838607,47.63323612213135,46.27448013305664,47.527193256911524,58.06554159676394,0.01143205225335653,48.58790969848633
2019-07-12,48.58790969848633,48.75520624546054,48.32501251981883,48.38476154708042,70380800,0.007682722675459885,47.74257678985596,46.24382926940918,47.62821387039484,60.42649925674842,0.011488851489993445,49.04439926147461
2019-07-15,49.04439926147461,49.20213394156513,48.75521232885727,48.776721106125294,67789600,0.009395126602915083,47.891591262817386,46.228831939697265,47.7630886695453,63.17771042212673,0.011357002181302247,48.87470245361328
2019-07-16,48.87470245361328,49.25948632051337,48.63570635359561,48.89621122738501,67467200,-0.0034600649700409214,48.018379020690915,46.198060302734376,47.868956648980344,61.46695219127096,0.01143153872887567,48.599853515625
2019-07-17,48.599853515625,49.0157043539387,48.58073339192921,48.76715003947481,56430000,-0.005623541918217123,48.076932716369626,46.177362060546876,47.93856587437507,58.694724499610885,0.010458012748167456,49.15193557739258
2019-07-18,49.15193557739258,49.20451500768722,48.68350164752872,48.75520120218422,74162400,0.011359747444302126,48.17002143859863,46.194465484619144,48.054124893710075,62.366345675159614,0.010642497159378476,48.418212890625
2019-07-19,48.418212890625,49.35268839848465,48.36324481568932,49.1829995843911,83717200,-0.01492764584239592,48.207423782348634,46.196703872680665,48.088799941035305,55.32742895852471,0.011180613679887482,49.524784088134766
2019-07-22,49.524784088134766,49.527172736866554,48.66200781300446,48.67156605472358,89111600,0.022854441158525862,48.308281135559085,46.2314542388916,48.22556033599716,62.24780689176897,0.012155353753776488,49.911956787109375
2019-07-23,49.911956787109375,49.928688268638105,49.54151201266084,49.82114072684129,73420800,0.007817756424451927,48.43088703155517,46.28718818664551,48.386169521817365,64.32991400659381,0.012194789424199902,49.87131118774414
2019-07-24,49.87131118774414,49.98602828414967,49.512817070534965,49.63231510960469,59966400,-0.0008143459399638786,48.587430000305176,46.39688735961914,48.527611585238965,63.93128599586472,0.011497801330896406,49.47697448730469
2019-07-25,49.47697448730469,50.00754613010088,49.40766357491906,49.92389603495717,55638400,-0.007907085076527154,48.67370758056641,46.48464660644531,48.61802709972141,60.043862857158636,0.010902375391900785,49.64905548095703
2019-07-26,49.64905548095703,50.12465542771981,49.50565634966482,49.58691415556109,70475600,0.003478001543859577,48.76930656433105,46.5650447845459,48.71622027888671,61.153921564751194,0.010896197264314105,50.112709045410156
2019-07-29,50.112709045410156,50.34214694513412,49.81635616480668,49.821137108723676,86693600,0.00933861802529079,48.90983638763428,46.6587313079834,48.849219209031794,64.05182976345566,0.010682931077248665,49.89760208129883
2019-07-30,49.89760208129883,50.2274178438979,49.54627754638872,49.892821138521654,135742800,-0.004292463293421367,48.99623336791992,46.753278274536136,48.94906519686675,61.7502720607029,0.010151715284447622,50.91573715209961
2019-07-31,50.91573715209961,52.906575478576855,50.4998861935349,51.7235452895837,277125600,0.020404488960048983,49.11943645477295,46.896437072753905,49.13636728784131,67.67149667557042,0.010946813982797902,49.81395721435547
2019-08-01,49.81395721435547,52.10832131790344,49.41005685372621,51.121266221435036,216071600,-0.021639280885845102,49.16747493743897,47.000782623291016,49.20089966179504,57.3288727416377,0.012104079953486627,48.75998306274414
2019-08-02,48.75998306274414,49.33596086524618,48.18878255632911,49.12086584402196,163448400,-0.021158209677579976,49.1649658203125,47.10230812072754,49.15890760474257,49.53029121396207,0.01308340986085961,46.207496643066406
2019-08-05,46.207496643066406,47.476565118347665,46.02586095314947,47.31883049277341,209572000,-0.05234797592922058,49.085140800476076,47.16769706726074,48.8778208464877,36.55962881672513,0.017043699437720102,47.08223342895508
2019-08-06,47.08223342895508,47.33796101580563,46.37480334238874,46.917325530412754,143299200,0.01893062488638253,49.03447322845459,47.253879165649415,48.70681252100841,42.15061776190112,0.017580109827497387,47.56978988647461
2019-08-07,47.56978988647461,47.69406889981579,46.32223339634937,46.70223638200557,133457600,0.010355423309627687,48.98440361022949,47.353349685668945,48.59852465105281,45.057093829943106,0.017595512516781996,48.61897659301758
2019-08-08,48.61897659301758,48.64287766257979,47.653433919438044,47.847020183801895,108038000,0.02205573556340812,49.004479026794435,47.47786682128906,48.600472455049456,50.7871525149578,0.01824562363506592,48.21833801269531
2019-08-09,48.21833801269531,48.64296573649967,47.810498015760096,48.292707715938555,98478800,-0.008240374610842816,48.98600044250488,47.58997344970703,48.56407869863478,48.69858528435693,0.018266549831679146,48.09598159790039
2019-08-12,48.09598159790039,48.472632859788966,47.77690864820563,47.889663888347634,89927600,-0.002537549402111483,48.93857955932617,47.71507186889649,48.51949802237436,48.04870266826337,0.0181302972115352,50.13277816772461
2019-08-13,50.13277816772461,50.89327399998517,48.09599030561405,48.225540616343345,188874000,0.04234858094492311,49.00148334503174,47.88936706542969,48.67314375050295,58.07791907155652,0.020515550719729242,48.640560150146484
2019-08-14,48.640560150146484,49.52580693537661,48.60217461253329,48.738921717537906,146189600,-0.02976531666738569,49.003518676757814,48.00351303100586,48.670040550469,50.4011211262349,0.02163475111449972,48.39826202392578
2019-08-15,48.39826202392578,49.213934627282455,47.90165870212019,48.81089743333585,108909600,-0.004981400820072035,48.96583499908447,48.09895133972168,48.644156881274405,49.262477622117245,0.021501882202977517,49.54021072387695
2019-08-16,49.54021072387695,49.69854835341414,48.90206475803103,49.00762317772249,110481600,0.023594828661133382,49.02193489074707,48.204418334960934,48.72949534247465,54.48179736216088,0.021868569854028304,50.46384811401367
2019-08-19,50.46384811401367,51.034817600178286,50.387077015671984,50.528619610011084,97654400,0.018644195828814825,49.068888092041014,48.30479301452637,48.89467179690694,58.22497913108113,0.02167028368979766,50.46624755859375
2019-08-20,50.46624755859375,51.18356243300789,50.45665300129767,50.590998767328294,107537200,4.75477925239165e-05,49.09660263061524,48.393600387573244,49.04434567897235,58.23458787202464,0.021614299843011588,51.01321792602539
2019-08-21,51.01321792602539,51.25551979787076,50.76371922258588,51.0971858421528,86141600,0.010838340354047071,49.1536979675293,48.48268806457519,49.23185732154882,60.46686847305299,0.021725949044650406,50.97004318237305
2019-08-22,50.97004318237305,51.445052429028564,50.55980542800198,51.14517220703567,89014800,-0.0008463442497383955,49.22835140228271,48.57387580871582,49.397398832103505,60.1933847828104,0.02162459644094217,48.61418151855469
2019-08-23,48.61418151855469,50.87168066728109,48.22073882087,50.24312924415703,187272000,-0.046220515360149594,49.1766077041626,48.61813751220703,49.322806707003615,47.55446505917017,0.024122154177426535,49.53781509399414
2019-08-26,49.53781509399414,49.70574728667128,49.19475021549554,49.38667429026109,104174400,0.018999262079254065,49.1478630065918,48.68761161804199,49.34328369624081,51.82531835535764,0.024430061205078648,48.97883605957031
2019-08-27,48.97883605957031,50.03201521587099,48.827695261576054,49.866480753429116,103493200,-0.01128388551984394,49.10192470550537,48.74040939331055,49.308574397510284,49.21334061825463,0.024540111582904246,49.3074951171875
2019-08-28,49.3074951171875,49.35307748719448,48.777309044460935,48.96443397138166,63755200,0.006710225968160177,49.02151260375977,48.77798370361328,49.308471608908114,50.783952908607894,0.02410929130671053,50.142372131347656
2019-08-29,50.142372131347656,50.21674550325925,49.578599495883154,50.02002231545943,83962000,0.016932050840869683,49.037933349609375,48.835027923583986,49.387890706283315,54.622945127003895,0.023940878984802523,50.07759475708008
2019-08-30,50.07759475708008,50.4878288131881,49.70814030749895,50.418258218749706,84573600,-0.0012918689625990298,49.10381393432617,48.883176498413086,49.453576806359195,54.26923319788088,0.023396383512238956,49.348289489746094
2019-09-03,49.348289489746094,49.6553665497577,48.993232325479035,49.52341851756975,80092000,-0.01456350431508846,49.26085357666015,48.91998954772949,49.44354944287223,50.3185398748438,0.020105166443645465,50.185546875
2019-09-04,50.185546875,50.255117463865645,49.73692731137663,49.993622833766814,76752400,0.01696628989395621,49.4160192489624,48.974503707885745,49.51421586497963,54.42077795406487,0.020030406719492296,51.1667594909668
2019-09-05,51.1667594909668,51.33229394881414,50.74212809831234,50.859682455783634,95654800,0.019551697193033624,49.59586772918701,49.0630298614502,49.6716009722165,58.72237774817787,0.02030247150801542,51.16196060180664
2019-09-06,51.16196060180664,51.44025031008519,50.98203247914074,51.35148694097706,77449200,-9.378919454539059e-05,49.72301692962647,49.131240615844725,49.81353998455842,58.69320259258662,0.019856191122788462,51.38026428222656
2019-09-09,51.38026428222656,51.92484765262386,50.63656371615153,51.540999601287744,109237600,0.004266913891728619,49.88111324310303,49.20410438537598,49.96275182243157,59.67470666400056,0.019688400036705734,51.98723602294922
2019-09-10,51.98723602294922,52.006428796977275,50.79011648570887,51.30590901786626,127111600,0.011813324614070142,50.07567596435547,49.297806854248044,50.155559841528486,62.353201007306346,0.019723407051561493,53.64017868041992
2019-09-11,53.64017868041992,53.668969673381696,52.23433993559697,52.31591014489986,177158400,0.03179516327317389,50.25104598999023,49.40721717834472,50.48742830237529,68.49110830601438,0.01876361331177494,53.52021789550781
2019-09-12,53.52021789550781,54.31909918340094,53.46504096397798,53.930455617643666,128906800,-0.0022363979364575792,50.4950288772583,49.508588027954104,50.77626540648315,67.62933393447068,0.01712916694503346,52.479026794433594
2019-09-13,52.479026794433594,52.968429593626404,52.06399368750889,52.77890694754464,159053200,-0.019454164090045856,50.69906711578369,49.58110481262207,50.938433157716524,60.51259565365474,0.01786012667529471,52.75493621826172
2019-09-16,52.75493621826172,52.810116824219136,52.19356122516146,52.23434450305529,84632400,0.005257517920614241,50.85980339050293,49.660000228881835,51.111433449197015,61.663859953628865,0.017273580480670386,52.94684982299805
2019-09-17,52.94684982299805,52.97564081276649,52.567800793429946,52.76932307922049,73274800,0.0036378321820413895,50.98395347595215,49.7628572845459,51.28623500860664,62.48320363485891,0.016893339220624304,53.443450927734375
2019-09-18,53.443450927734375,53.462643699876494,52.64456963297275,53.03321320207144,101360000,0.009379237979152188,51.13281364440918,49.86981460571289,51.49168414376166,64.59205077709785,0.016949612862244782,53.009220123291016
2019-09-19,53.009220123291016,53.68094878345625,52.867673899298595,53.261116540529656,88242400,-0.00812505174919409,51.232613754272464,49.95857536315918,51.636211379907316,61.344949745379125,0.01701878728229607,52.23433303833008
2019-09-20,52.23433303833008,53.39307059939063,52.17195927300286,53.10998544062051,221652400,-0.014617968028178385,51.29582824707031,50.03891265869141,51.693175347376155,55.940567338343186,0.017416507474551493,52.471832275390625
2019-09-23,52.471832275390625,52.74052373300916,52.21513309590776,52.52700920101302,76662000,0.004546803285231382,51.48871078491211,50.11659111022949,51.767333150044195,57.185557806386406,0.013336959419151233,52.22233581542969
2019-09-24,52.22233581542969,53.376277900497726,52.10478511979031,53.026016216053826,124763200,-0.004754864641499323,51.62293682098389,50.18014984130859,51.81066673722377,55.414086364274844,0.012975223098481922,53.0260124206543
2019-09-25,53.0260124206543,53.13876766068672,52.092785451052755,52.43105117115003,87613600,0.01538951853982673,51.82529563903809,50.26317604064941,51.926413945169536,59.74040783286191,0.01282988161583742,52.752540588378906
2019-09-26,52.752540588378906,53.00444076009896,52.49824269221032,52.77893019990478,75334000,-0.005157314679933744,51.99754791259765,50.346229782104494,52.00509267309423,57.68910000464785,0.012974259161986305,52.495819091796875
2019-09-27,52.495819091796875,53.00921374061931,52.126364712544174,52.90845079308042,101408000,-0.004866523843566006,52.11522026062012,50.41310745239258,52.05182852249449,55.753700304881335,0.012695757415271246,53.73133850097656
2019-09-30,53.73133850097656,53.877680194515705,52.96844131904631,52.994830924787706,103909600,0.023535577319389933,52.29790744781494,50.51936996459961,52.2117818537785,62.3076376201919,0.013506545696160215,53.88007736206055
2019-10-01,53.88007736206055,54.75093068188669,53.78651488097034,53.995234000823245,139223200,0.0027681957165701654,52.52449684143066,50.606475830078125,52.370667140281554,63.01783204085549,0.012817340028162368,52.529422760009766
2019-10-02,52.529422760009766,53.63777894021879,52.28231807789279,53.51302773713352,138449200,-0.025067792552982526,52.64169063568115,50.658825149536135,52.38578672311281,53.212885271988114,0.014049217443186008,52.97564697265625
2019-10-03,52.97564697265625,53.00923341408551,51.61059149483936,52.40227242290722,114426000,0.00849474807071715,52.73213500976563,50.72091186523438,52.44196388973599,55.66704044493256,0.013546419961775658,54.460636138916016
2019-10-04,54.460636138916016,54.57579275889607,53.71213641227853,54.13196864675856,138478800,0.028031543758705757,52.89706878662109,50.820585098266605,52.634218389657896,62.68232334658981,0.014743639137818745,54.472633361816406
2019-10-07,54.472633361816406,55.16115707118716,54.17995001859924,54.28311070218234,122306000,0.00022029164091641462,53.051687240600586,50.91705665588379,52.809305529863465,62.73363047123778,0.014756447459277665,53.83449935913086
2019-10-08,53.83449935913086,54.712549582666675,53.81770796918431,54.17516653401763,111820000,-0.011714763236191472,53.144050407409665,50.991492462158206,52.906943037412745,58.15372553421872,0.014955830596696609,54.465450286865234
2019-10-09,54.465450286865234,54.64777616121193,54.13198359496226,54.465450286865234,74770400,0.011720196811440431,53.18531398773193,51.08284942626953,53.055372299265365,61.17206908888538,0.013437069533255198,55.19955062866211
2019-10-10,55.19955062866211,55.28351855399068,54.530219592534166,54.68135673321952,113013600,0.013478275455916178,53.26928062438965,51.16852569580078,53.25957975920792,64.39035104399713,0.013703942725636391,56.66776657104492
2019-10-11,56.66776657104492,57.010827782874266,55.73213809572937,55.88567662071718,166795600,0.026598331429539712,53.47871761322021,51.30560188293457,53.584168979382866,69.78456201993906,0.013842213025521194,56.58619689941406
2019-10-14,56.58619689941406,57.128382680732784,56.2983126199482,56.35348955552275,96427600,-0.0014394368539052405,53.670280647277835,51.46212615966797,53.87007640033822,69.15776825464532,0.013889525491043985,56.45425796508789
2019-10-15,56.45425796508789,57.01323152837121,56.34869953163861,56.71095355493265,87360000,-0.002331645198929033,53.84565105438232,51.6670613861084,54.11618893031438,68.09241656398183,0.013952729647908616,56.22633361816406
2019-10-16,56.22633361816406,56.43505271476371,55.94564620616464,55.986429471773434,73903200,-0.004037327832114634,53.98479518890381,51.84994338989258,54.31715509106197,66.19535266210133,0.013967802953110986,56.44464874267578
2019-10-17,56.44464874267578,56.65336418407442,56.02241875184439,56.39906636796876,67585200,0.003882791397965102,54.15656661987305,52.027440567016605,54.519773534072804,67.13970161642985,0.013737185019788234,56.715755462646484
2019-10-18,56.715755462646484,56.99644295054352,56.207156045533786,56.27912804104148,97433600,0.004803054426056219,54.38063774108887,52.18937614440918,54.72891467012744,68.32312347834164,0.013079529616293358,57.6993522644043
2019-10-21,57.6993522644043,57.81450890497435,56.93406101508978,56.98204111833702,87247200,0.01734256722376948,54.642013740539554,52.37899642944336,55.01181348863,72.23059773607706,0.013406009071622075,57.56739807128906
2019-10-22,57.56739807128906,58.10478099298496,57.48582788297742,57.85528230228995,82293600,-0.002286926766708941,54.90926685333252,52.568424758911135,55.25520249650229,70.9658784887341,0.013324105731480662,58.33988571166992
2019-10-23,58.33988571166992,58.35428303469319,57.869675657680986,58.08079246759652,75828800,0.013418838896005703,55.1749605178833,52.73256690979004,55.54898185032778,73.8522981310736,0.01325006293947005,58.435855865478516
2019-10-24,58.435855865478516,58.72853923419843,58.01122447632799,58.65896497767729,69275200,0.0016450178576437047,55.45912628173828,52.92847282409668,55.82392223272309,74.19552021514038,0.013065148602961523,59.15556716918945
2019-10-25,59.15556716918945,59.19155132829628,58.26792252496766,58.33509539573167,73477200,0.012316261874691037,55.79211368560791,53.14361892700195,56.1412217504818,76.66886356344398,0.01293195316171558,59.748130798339844
2019-10-28,59.748130798339844,59.79611089742203,59.1891536754474,59.35708585255852,96572800,0.010017039097192981,56.092953300476076,53.34777732849121,56.48473689789685,78.49638363492207,0.012309256272794559,58.36627197265625
2019-10-29,58.36627197265625,59.916054204609026,58.193544373374564,59.72892928312802,142839600,-0.02312806789466948,56.31726303100586,53.50582580566406,56.663930714540605,65.59316099050605,0.013863748618720575,58.35907745361328
2019-10-30,58.35907745361328,58.84848392967806,57.86727691472334,58.71893364927705,124522000,-0.00012326500905079918,56.60874576568604,53.66368240356445,56.825373261118955,65.53276198503724,0.012113332503415593,59.678565979003906
2019-10-31,59.678565979003906,59.776927577095016,56.91966774812424,59.313914239806,139162000,0.022609824948645274,56.94389171600342,53.836989364624024,57.09710590091752,70.83667920224211,0.012703303628453722,61.37228775024414
2019-11-01,61.37228775024414,61.39867369524902,59.77452506763022,59.86568616480788,151125200,0.028380738435238584,57.28947429656982,54.04503425598145,57.504266077043866,75.95216975484165,0.01273530373949625,61.77532196044922
2019-11-04,61.77532196044922,61.859289881741645,61.26672630639548,61.7345350313778,103272000,0.0065670390493708375,57.654608726501465,54.30825706481934,57.91103330403485,76.98663285222806,0.012660762147849957,61.68655776977539
2019-11-05,61.68655776977539,61.940855593414504,61.49223598607557,61.667361337070204,79897600,-0.0014368875443604434,58.04721164703369,54.55123191833496,58.27060706267681,76.20908624770524,0.012082790643220572,61.71294403076172
2019-11-06,61.71294403076172,61.772920071009715,61.26432442111376,61.600188782243734,75864400,0.0004277473397820142,58.409586334228514,54.805914077758786,58.598448678684896,76.2857597072742,0.012109497161003561,62.42518615722656
2019-11-07,62.42518615722656,62.646563835655755,62.10756018771795,62.259154734223145,94940400,0.011541211291261844,58.770868110656735,55.06826789855957,58.96289986711743,78.31711328894889,0.012056991678394871,62.59602355957031
2019-11-08,62.59602355957031,62.66820792913619,61.804367371392445,62.2471153056992,69986400,0.0027366742954273438,59.06728096008301,55.31734092712402,59.30891164735104,78.78649770745938,0.011077035631607638,63.09172439575195
2019-11-11,63.09172439575195,63.156690344064025,62.148473460221936,62.15328330493137,81821200,0.007919046738007252,59.392557334899905,55.57762351989746,59.669179528151126,80.13055760498655,0.010985976466621215,63.033966064453125
2019-11-12,63.033966064453125,63.2336884296262,62.78372197443297,62.93530917879608,87388800,-0.0009154660433201567,59.72154273986816,55.8513370513916,59.98963538875132,79.49851705125761,0.010937207885240436,63.63792037963867
2019-11-13,63.63792037963867,63.71251333861556,62.8197990809014,62.83423595404066,102734400,0.009581410672588664,60.092122077941895,56.120384521484375,60.33709110216916,81.17095215085817,0.010728623228558781,63.197608947753906
2019-11-14,63.197608947753906,63.73660536483951,63.06766968889383,63.464698561953334,89182800,-0.006919010383401036,60.4297700881958,56.36100151062012,60.60952137317724,76.2850582118985,0.011119616566590919,63.948333740234375
2019-11-15,63.948333740234375,63.953143583967275,63.28661673495305,63.447830947643325,100206400,0.011879006262738523,60.791399002075195,56.616728973388675,60.92750350337315,78.64523077812552,0.011201015376614864,64.2707748413086
2019-11-18,64.2707748413086,64.35017765749019,63.58018402978714,63.957958734167235,86703200,0.0050422127085283375,61.11997013092041,56.87453918457031,61.24591029746224,79.58500865154522,0.010883172315342839,64.07586669921875
2019-11-19,64.07586669921875,64.48733232322434,63.85930623096703,64.46326841713567,76167200,-0.003032609184673629,61.445393562316895,57.1163117980957,61.51542995477238,77.36855284558,0.010912360181157012,63.32993698120117
2019-11-20,63.32993698120117,64.02533768482304,62.65859284317202,63.89540579483597,106234400,-0.011641351985437476,61.694896125793456,57.31010696411133,61.6882401477656,69.40229676389427,0.011375268211523817,63.045997619628906
2019-11-21,63.045997619628906,63.52724639081918,62.84627526735179,63.4502448250431,121395200,-0.004483493512026593,61.92540321350098,57.50062255859375,61.81755038318115,66.5915526773199,0.011528472972348927,62.99066162109375
2019-11-22,62.99066162109375,63.32753434710897,62.76447407435324,63.18556681769094,65325200,-0.0008777083498465732,62.11715793609619,57.71085525512695,61.929275262982344,66.03030110152972,0.01139626837098977,64.0951156616211
2019-11-25,64.0951156616211,64.11196113080011,63.16871031932938,63.21442953951619,84020400,0.017533615493212862,62.33450717926026,57.93765884399414,62.13554577713841,71.2403988515201,0.011751082773980171,63.59463882446289
2019-11-26,63.59463882446289,64.28522983057158,63.16391899690021,64.23229215710982,105207600,-0.007808345955725882,62.59592552185059,58.15061462402344,62.274507019740746,66.27956330897868,0.010331904799989397,64.44883728027344
2019-11-27,64.44883728027344,64.48252822045184,63.84005785272113,63.90502379599888,65235600,0.013431925577380044,62.900413513183594,58.37072235107422,62.481586092172435,70.10582401198937,0.010466808628902717,64.30687713623047
2019-11-29,64.30687713623047,64.48734545373158,63.98203269607354,64.15047272971776,46617600,-0.002202679676370556,63.13182907104492,58.59667549133301,62.65542333446368,68.71043153873057,0.009716632844540486,63.5633430480957
2019-12-02,63.5633430480957,64.54749597316658,63.3925017784307,64.31168141512865,94487200,-0.01156227951420552,63.2413818359375,58.82325569152832,62.74189187861911,61.77499025372255,0.00841288078036971,62.43001174926758
2019-12-03,62.43001174926758,62.4492584727649,61.66963766381255,62.155696372325146,114430400,-0.01782995110830754,63.274116325378415,59.02241928100586,62.71218900915706,52.9944282112728,0.009395037229158111,62.98103332519531
2019-12-04,62.98103332519531,63.358815426886686,62.72597202752109,62.819819076069386,67181600,0.008826228932020008,63.338840103149415,59.237593231201174,62.73779322973213,56.25039643365838,0.009558562667743974,63.90500259399414
2019-12-05,63.90500259399414,63.979602887742494,63.219229168207036,63.4742903556325,74424400,0.014670595574829859,63.44844303131104,59.45517303466797,62.84895602632851,61.114393461058015,0.010026350610809915,65.1394271850586
2019-12-06,65.1394271850586,65.20921031494399,64.31889712610206,64.36221509760516,106075600,0.019316556465963863,63.58415508270264,59.70291076660156,63.06709613668376,66.47676415095995,0.010560672974474975,64.22747039794922
2019-12-09,64.22747039794922,65.161086935307,63.7438129866393,64.96859034566656,128042400,-0.01400007378816126,63.66572742462158,59.93754379272461,63.17760797109,59.90440766259602,0.011160586597195004,64.60285949707031
2019-12-10,64.60285949707031,64.98545151813082,63.972417225633926,64.6317332581653,90420400,0.005844681361342863,63.7412841796875,60.154974212646486,63.31334621165955,61.58790084580786,0.01110579458561325,65.15387725830078
2019-12-11,65.15387725830078,65.23328743607989,64.60766242070665,64.68225540996873,78756800,0.008529309159379439,63.847279739379886,60.38045021057129,63.48863488276824,63.97869814930741,0.011209517321834419,65.31987762451172
2019-12-12,65.31987762451172,65.58456585235227,64.32369673116669,64.43438186525576,137310400,0.00254782022492428,63.93137760162354,60.63625930786133,63.66303895341047,64.69168229605702,0.01105905324930074,66.20781707763672
2019-12-13,66.20781707763672,66.24390927709698,65.19238158759332,65.31991225453659,133587600,0.013593709685576494,64.08188800811767,60.90090270996094,63.90539877476535,68.30547850901519,0.011200802065170648,67.34114837646484
2019-12-16,67.34114837646484,67.56493467366947,66.64815619751495,66.65296604245897,128186000,0.017117786824162318,64.2515287399292,61.15851295471192,64.23261302254626,72.21446057748916,0.011491890861646691,67.47349548339844
2019-12-17,67.47349548339844,67.80074117462817,67.08608634301142,67.27137184882572,114158400,0.001965322987866447,64.41166477203369,61.41853019714355,64.54126849500837,72.63884184746362,0.011478779509909135,67.31226348876953
2019-12-18,67.31226348876953,67.8320130444866,67.16307754415392,67.32670036448889,116028400,-0.002389560426265147,64.57348461151123,61.68808547973633,64.80517278012849,71.21188346828069,0.011463366093506597,67.37964630126953
2019-12-19,67.37964630126953,67.65877150492523,67.12218375712777,67.25452424857191,98369200,0.0010010480855577875,64.77597007751464,61.946369400024416,65.05036073452287,71.46418233910592,0.010979186204107623,67.24010467529297
2019-12-20,67.24010467529297,68.01250719304456,67.02835395986887,67.91144902458615,275978000,-0.002070975934670871,64.98567543029785,62.18718048095703,65.25890777650098,70.0941737062956,0.01090376867703739,68.33734130859375
2019-12-23,68.33734130859375,68.39749741890061,67.46387341201411,67.50237420380351,98572000,0.016318187465641287,65.25300941467285,62.42057197570801,65.55209192241458,74.27093852764358,0.011231559012181877,68.40231323242188
2019-12-24,68.40231323242188,68.55150656735154,68.0774760830421,68.5033787375967,48478800,0.0009507528765968498,65.46836929321289,62.656894302368165,65.8235415709867,74.49806484746435,0.010794486474722437,69.75943756103516
2019-12-26,69.75943756103516,69.77628303549606,68.505786189875,68.53465994993616,93121200,0.01984032797256363,65.7766092300415,62.92299789428711,66.19838880813418,78.72310112050465,0.011062433082530146,69.73295593261719
2019-12-27,69.73295593261719,70.73636302317358,69.32870865807601,70.050581938303,146266000,-0.00037961355973947786,66.04081516265869,63.193130340576175,66.53501424856114,78.44997712264733,0.010918475991831537,70.14683532714844
2019-12-30,70.14683532714844,70.4283691578937,68.63090426605163,69.65114955957583,144114400,0.005935205083392514,66.33281307220459,63.46717407226563,66.8789972084266,79.63894920013999,0.010826232298097106,70.65935516357422
2019-12-31,70.65935516357422,70.66657360200388,69.66557519453796,69.76423208192604,100805600,0.007306385726961295,66.68761367797852,63.74604606628418,67.23903129939303,81.03439262208346,0.010162794635183022,72.27153778076172
2020-01-02,72.27153778076172,72.3316938789073,71.02991503384398,71.28256770874596,135480400,0.022816265637513267,67.17968997955322,64.03748977661132,67.71831763095196,84.60792322044199,0.009310828511901877,71.56891632080078
2020-01-03,71.56891632080078,72.32688174170664,71.34513738245916,71.50154177990413,146322800,-0.009721966372050472,67.6090841293335,64.31752014160156,68.08504131569947,77.73357903132998,0.010054018634615376,72.13919067382812
2020-01-06,72.13919067382812,72.17769145821572,70.44279162661955,70.693043053502,118387200,0.00796818482581374,68.02079353332519,64.59350624084473,68.47115077837839,79.21003693594028,0.00987605192340178,71.7999267578125
2020-01-07,71.7999267578125,72.40388908002937,71.5809576466451,72.14882777323544,108872000,-0.004702907155551328,68.35381851196288,64.86078765869141,68.78817706213401,75.98213266525893,0.009645139871369623,72.95490264892578
2020-01-08,72.95490264892578,73.25568310862707,71.50393800505775,71.50393800505775,132079200,0.016086031605702322,68.79019012451172,65.13677436828613,69.18500807039989,79.10405677589473,0.008851963352154733,74.50454711914062
2020-01-09,74.50454711914062,74.69704373534724,73.67920704582386,73.92945117823741,170108400,0.02124112861437233,69.28527450561523,65.43190269470215,69.69163083694663,82.40809207681643,0.009448001745017795,74.67298126220703
2020-01-10,74.67298126220703,75.23604892918155,74.17248564445511,74.73795456246773,140644800,0.0022607229971758347,69.76122970581055,65.75803688049317,70.16604516316191,82.72777087478735,0.009505302750070157,76.26831817626953
2020-01-13,76.26831817626953,76.2947906823847,74.87029080894176,74.98820177445941,121532000,0.0213643125946803,70.30865173339843,66.11622169494629,70.7472140215531,85.42866310768159,0.009973205016573582,75.23844146728516
2020-01-14,75.23844146728516,76.4150983993522,75.11572800719021,76.2057563300334,161954400,-0.013503335770485347,70.76018295288085,66.42741920471191,71.17494996876567,77.05218722812678,0.01094180754952657,74.91602325439453
2020-01-15,74.91602325439453,75.91702195277803,74.48530338751499,75.03874408663886,121923600,-0.004285285641261183,71.13892669677735,66.69829391479492,71.5312426626351,74.58650556128174,0.010892158448640922,75.85443115234375
2020-01-16,75.85443115234375,75.96512366006613,75.09646578451866,75.45740237331857,108829200,0.01252613068852626,71.5579734802246,66.97987609863281,71.9429748997502,76.90316055429187,0.010972576228178483,76.69420623779297
2020-01-17,76.69420623779297,76.69660748800922,75.7966747158336,76.10226501476049,137816400,0.011070877108848576,72.02707061767578,67.28002906799317,72.39547312242094,78.7684044319462,0.010847648200606045,76.17447662353516
2020-01-21,76.17447662353516,76.76400206376488,76.03731893774885,76.32366259336249,110843200,-0.006776647673311542,72.46681213378906,67.56925971984863,72.75537821776516,74.7452576988214,0.011192893598661309,76.4463882446289
2020-01-22,76.4463882446289,76.99741293025565,76.35254118737379,76.65813158547017,101832400,0.0035695896203866706,72.92712631225587,67.84968376159668,73.10690298222838,75.45168978360394,0.01104325987733793,76.81454467773438
2020-01-23,76.81454467773438,76.89394751401544,75.95310504727735,76.49932724037184,104472000,0.004815877395376367,73.35098648071289,68.13405418395996,73.46001171513372,76.41369343717713,0.010801582400071664,76.59315490722656
2020-01-24,76.59315490722656,77.80108679471296,76.40305956833261,77.05996684733118,146537600,-0.00288213347402666,73.76052856445312,68.40408279418945,73.75840630485685,74.52243025682353,0.010927637981455088,74.34090423583984
2020-01-27,74.34090423583984,75.01945939831474,73.3615612587431,74.60799376962629,161940000,-0.02940537798860432,73.98960189819336,68.63022155761719,73.8138822982838,58.62555974762215,0.01294266344719911,76.44396209716797
2020-01-28,76.44396209716797,76.6148033558296,75.12052796860432,75.2191848484719,162234000,0.0282893769311221,74.3251522064209,68.88634239196777,74.06436608865373,65.93317213543702,0.014057343113285775,78.04412078857422
2020-01-29,78.04412078857422,78.88871482326161,77.33187458625076,78.07059329235672,216229200,0.020932440542162034,74.72001647949219,69.18327262878418,74.44339034578901,70.24013255822612,0.0145191903749238,77.9310302734375
2020-01-30,77.9310302734375,77.9839679399373,76.69903440937786,77.12975418029563,126743200,-0.0014490587374683672,75.08360023498535,69.46292655944825,74.77554652937458,69.57069001773232,0.014592035123300987,74.47563934326172
2020-01-31,74.47563934326172,77.64465768330331,74.18207736450624,77.2235651023254,199588400,-0.044339089552028366,75.19380531311035,69.66702384948731,74.74698394022097,52.96163108827475,0.017679151090604847,74.27114868164062
2020-02-03,74.27114868164062,75.43336162333348,72.72152653053286,73.22202218961303,173788400,-0.0027457389211335004,75.32891693115235,69.87092948913575,74.70166629654665,52.16788262098288,0.01751093151357083,76.72309875488281
2020-02-04,76.72309875488281,76.91319410520111,75.46703897288427,75.87128624120515,136616400,0.033013493351938594,75.55811233520508,70.13879272460937,74.89418367353105,59.923766111832414,0.018807596433851666,77.34870910644531
2020-02-05,77.34870910644531,78.14517520873252,76.74714816252607,77.84679598712277,118826800,0.008154133001864405,75.83555145263672,70.4248469543457,75.12794800047527,61.633169575248445,0.018740922327386982,78.25346374511719
2020-02-06,78.25346374511719,78.2558723391088,77.06237729988993,77.61821910965085,105425600,0.011697087761694647,76.1004795074463,70.73010299682618,75.42561616663164,64.02313990804875,0.018615960666945795,77.18978881835938
2020-02-07,77.18978881835938,78.00261640454451,76.70016229061778,77.75418535570422,117684000,-0.013592688116942031,76.23474159240723,70.99199645996094,75.59363260965333,59.34289975253533,0.018515468970074646,77.55641174316406
2020-02-10,77.55641174316406,77.55641174316406,75.69921076977592,75.77880204777287,109348800,0.004749629846344305,76.37891311645508,71.27123191833496,75.78056395570196,60.41697697535522,0.018526129328531322,77.08848571777344
2020-02-11,77.08848571777344,78.12321641331339,76.87141125259707,78.05086071182195,94323200,-0.0060333635204812275,76.41992149353027,71.52402488708496,75.90512793304211,58.3000291965422,0.018029881847767035,78.9191665649414
2020-02-12,78.9191665649414,78.9239878248454,77.53711376977571,77.53711376977571,113730400,0.02374778580902759,76.60395774841308,71.81627067565918,76.19217923131824,63.664236622999084,0.018406609956437066,78.35717010498047
2020-02-13,78.35717010498047,78.68278545723169,77.99055564537478,78.19315895415963,94747600,-0.007121165673974472,76.77601509094238,72.11214721679687,76.39836883833368,61.06716919139304,0.018472863300717107,78.37646484375
2020-02-14,78.37646484375,78.62489586415948,77.86995292388279,78.32580849927255,80113600,0.0002462408831722662,76.9021167755127,72.43107627868652,76.58675893408763,61.125801789815,0.018322432099852758,76.94135284423828
2020-02-18,76.94135284423828,77.12224944183446,75.88250122650535,76.06339782410153,152531200,-0.018310496682553024,76.91447410583496,72.71028266906738,76.6205297826734,54.54593467375707,0.018713442874658856,78.05567932128906
2020-02-19,78.05567932128906,78.28481796940162,77.18255286966328,77.18255286966328,93984000,0.014482803276238743,77.00853424072265,72.99329620361328,76.75721069111299,58.29950931749715,0.018891588755423138,77.25492095947266
2020-02-20,77.25492095947266,78.30412292796458,76.75082321347557,77.8169106346844,100566000,-0.010258809721203743,77.04896087646485,73.23560607910156,76.804611669052,54.79757966467374,0.01905996087979243,75.5062255859375
2020-02-21,75.5062255859375,77.29107763684756,74.89118019048897,76.84968588281482,129554000,-0.022635391400536276,76.983544921875,73.46118118286132,76.68095585161252,48.01470017015475,0.019724759554201887,71.91966247558594
2020-02-24,71.91966247558594,73.36683527541466,69.76096746559567,71.6977667682717,222195200,-0.04750023037861306,76.74987030029297,73.60751724243164,76.22749933960999,37.70584567229831,0.022337866973022494,69.48360443115234
2020-02-25,69.48360443115234,72.96888275320897,69.0132775682206,72.58779705787798,230673600,-0.03387193377416842,76.50700531005859,73.69411178588867,75.5852236340426,32.58799440976742,0.022637089737785603,70.58586120605469
2020-02-26,70.58586120605469,71.84731631381621,69.10251036153399,69.10974593206521,198054800,0.01586355204117984,76.21410026550294,73.79943145751953,75.10909387899613,36.769976293795075,0.021887565435693465,65.97178649902344
2020-02-27,65.97178649902344,68.98190880585912,65.8367176160919,67.8000523998572,320605600,-0.06536825687458592,75.6104835510254,73.79471084594726,74.23887412852254,28.734160962953624,0.025044899766621363,65.93321228027344
2020-02-28,65.93321228027344,67.15125422909904,61.83530222470277,62.04996979820484,426510000,-0.0005847078091567592,75.01059265136719,73.76655212402343,73.44785871440358,28.67773504328504,0.025057657045723096,72.07162475585938
2020-03-02,72.07162475585938,72.70597008087806,66.98481268602946,68.08466354649526,341397200,0.09310046125907467,74.89039192199706,73.85851470947266,73.31678881358985,46.63623943136012,0.032356342817008645,69.78268432617188
2020-03-03,69.78268432617188,73.32343252495296,68.93367144924383,73.24384124809224,319475600,-0.03175924557606713,74.66596870422363,73.90792312622071,72.98020743383576,42.35371674606276,0.03307416694209515,73.0195083618164
2020-03-04,73.0195083618164,73.1786982425022,70.70162361460446,71.49997996726277,219178400,0.04638434400882696,74.48078918457031,74.02072036743164,72.98395037935772,49.426187018327184,0.033955303948452926,70.65098571777344
2020-03-05,70.65098571777344,72.25010562325896,70.28677817477744,71.27808809920204,187572800,-0.03243684731903129,74.14590301513672,74.08893798828124,72.76176326873065,45.068865752338745,0.034529046244671215,69.71273040771484
2020-03-06,69.71273040771484,70.14447238483373,67.83140857783133,68.01712645055636,226176800,-0.01328014465087013,73.7188663482666,74.11644577026367,72.47137918672915,43.435311410194636,0.03438433714096924,64.1989974975586
2020-03-09,64.1989974975586,67.07404319923313,63.43440466648222,63.61530125773645,286744800,-0.07909219561347247,73.06932678222657,74.0323794555664,71.68353331157006,35.3309067339886,0.038139157473946673,68.82271575927734
2020-03-10,68.82271575927734,69.08803225317006,64.97082373995369,66.84491728627172,285290000,0.0720216583116362,72.63264198303223,74.01364501953125,71.411074497066,44.65647522928972,0.04212578498445832,66.43246459960938
2020-03-11,66.43246459960938,67.82898839120944,65.5713950302336,66.90521300673807,255598800,-0.034730555650090866,72.09984092712402,73.94763519287109,70.9369211734987,41.337814088739016,0.04264406587079092,59.871952056884766
2020-03-12,59.871952056884766,65.12277860691059,59.81647812782899,61.73157079868094,418474000,-0.09875461616944414,71.1474802017212,73.74213752746581,69.88311459096404,33.892809697706454,0.04667014191687064,67.04510498046875
2020-03-13,67.04510498046875,67.51543909047871,61.01039330045894,63.89027147674693,370732000,0.11980823536150487,70.58187694549561,73.66985252380371,69.61282796139307,45.45915855715927,0.05529856251076611,58.419960021972656
2020-03-16,58.419960021972656,62.4889229945198,57.88691638094368,58.35724684046864,322423600,-0.12864690063515793,69.58405170440673,73.39282096862793,68.54684053859113,37.06223514911207,0.0616386810767369,60.98869323730469
2020-03-17,60.98869323730469,62.13436816241869,57.5010047474182,59.69829586216656,324056000,0.04397012963319202,68.78641872406006,73.18121650695801,67.82701698608766,40.58230958918162,0.06290471857176505,59.49569320678711
2020-03-18,59.49569320678711,60.298874658885616,57.19227545874743,57.83144573834236,300233600,-0.024479947860308715,67.85841941833496,72.92834655761719,67.03355757853522,39.20966176275342,0.06272058943720975,59.039833068847656
2020-03-19,59.039833068847656,60.98386817289122,58.51643928547833,59.669353459047855,271857200,-0.007662069527537674,66.94766502380371,72.67314468383789,66.2722504823745,38.77837271282516,0.06272622681668662,55.291656494140625
2020-03-20,55.291656494140625,60.74026183260014,54.99257275597992,59.6187005747609,401693200,-0.06348555508848064,65.93693656921387,72.31987976074218,65.22647962635223,35.336664869377444,0.06376498213790224,54.117027282714844
2020-03-23,54.117027282714844,55.113165767293296,51.28056983554764,55.01186410993206,336752800,-0.021244239834815937,65.04680480957032,71.91212936401367,64.16843654600581,34.308985275975715,0.0632972520390593,59.546348571777344
2020-03-24,59.546348571777344,59.741716345644676,56.51210862018161,57.00897078096802,287531200,0.10032556409092797,64.54994201660156,71.60959671020508,63.72823769131738,42.61612434196864,0.06783087363776101,59.21831130981445
2020-03-25,59.21831130981445,62.28872853386047,58.92405254951491,60.47976255514235,303602000,-0.005508940007756702,63.98156452178955,71.26859657287598,63.29872089307901,42.26832967710747,0.06764464843740137,62.33456039428711
2020-03-26,62.33456039428711,62.39244495401999,59.42091855638433,59.45951071644022,252087200,0.052623065662397384,63.799703216552736,71.01051895141602,63.20689608367025,46.717010210473646,0.06739160433272998,59.75376892089844
2020-03-27,59.75376892089844,61.71468565033882,59.58734345256695,60.96215693824958,204216800,-0.041402256742717025,63.49073104858398,70.7072738647461,62.87802683007293,43.71279456761093,0.06800410650080983,61.45902633666992
2020-03-30,61.45902633666992,61.630276765400616,60.154157765040964,60.4773625403671,167976400,0.028538072937773773,62.96010112762451,70.41936576843261,62.74288392593932,46.175745720218174,0.06466703008453036,61.333595275878906
2020-03-31,61.333595275878906,63.31139742053906,60.78125926146835,61.649564437343955,197002000,-0.0020408891625439685,62.53764667510986,70.11215354919433,62.608665959266894,46.016247023448464,0.06438335776729529,58.10639953613281
2020-04-01,58.10639953613281,59.990135502333565,57.67707190892179,59.45468128316464,176218400,-0.05261709712646301,61.791991233825684,69.7507920074463,62.17987868087317,41.996816827583686,0.06407399560811454,59.076011657714844
2020-04-02,59.076011657714844,59.12907496179199,57.13921209995254,57.96892520332119,165934000,0.016686838787508984,61.213242530822754,69.40338447570801,61.88427229771524,43.59107456616398,0.06408616757840403,58.22700881958008
2020-04-03,58.22700881958008,59.26173593576545,57.63849118766615,58.56227043050136,129880000,-0.014371363507981405,60.638956451416014,69.03163375854493,61.53596149027379,42.48982083012685,0.06409230599298057,63.30657958984375
2020-04-06,63.30657958984375,63.460940873525914,60.14933155714907,60.51594604650854,201820400,0.0872373641243196,60.59433555603027,68.76590225219726,61.70459178547093,50.54065270418394,0.06503028402978185,62.57333755493164
2020-04-07,62.57333755493164,65.53281061360002,62.4696252718209,65.31572880710591,202887200,-0.011582398538393712,60.28186664581299,68.5305509185791,61.787329477800526,49.46420704688347,0.06289798270071494,64.17487335205078
2020-04-08,64.17487335205078,64.48842448399525,63.00748829000569,63.371688404036405,168895200,0.025594540098059948,60.168987083435056,68.28516914367675,62.0147146086815,51.87519069592415,0.0627357745804543,64.63795471191406
2020-04-09,64.63795471191406,65.13964528004216,63.84442712325803,64.80920875044319,161834800,0.007215929470135496,60.407287216186525,68.01704582214356,62.26454699946556,52.57966495920616,0.05825814573310239,65.90668487548828
2020-04-13,65.90668487548828,66.01522581864997,64.1170106330232,64.71517825448223,131022800,0.019628253542811613,60.3503662109375,67.77655891418458,62.61141727337248,54.54299614841448,0.05186379674761831,69.23516082763672
2020-04-14,69.23516082763672,69.5245983530926,67.06440146882377,67.53473560751405,194994800,0.05050285807026467,60.891126251220705,67.67174934387207,63.24224999282622,59.303440422624384,0.043131217917065014,68.6032485961914
2020-04-15,68.6032485961914,69.06151866956002,67.68670844945419,68.1136219235753,131154400,-0.009127042154469467,61.27185401916504,67.55839134216309,63.75282128838481,58.06029499187597,0.04252092123978767,69.14830780029297
2020-04-16,69.14830780029297,69.512515199106,68.10152067807394,69.3147332103003,157125200,0.007945093202653686,61.75448474884033,67.40689552307128,64.26667714666178,58.86135243181412,0.041881188187460484,68.21007537841797
2020-04-17,68.21007537841797,69.21104245877268,66.7773737102237,68.66593834588957,215250000,-0.01356840755358335,62.212996864318846,67.22412284851075,64.64223888301952,56.84851431357236,0.04202072269183524,66.79428100585938
2020-04-20,66.79428100585938,67.9399598531097,66.77498860082595,67.04030517443523,130015200,-0.02075638187912865,62.78812808990479,66.99493919372559,64.84719527567093,53.85566772777182,0.03918160923496922,64.7296142578125
2020-04-21,64.7296142578125,66.87143078398917,64.02049912791077,66.6374709301005,180991600,-0.030910831241162007,63.31875743865967,66.74573570251465,64.83599708349394,49.74292869814742,0.03964681945415625,66.59407806396484
2020-04-22,66.59407806396484,67.02822701343717,65.65341709963987,65.99349627232849,116862400,0.02880387636370485,63.67114391326904,66.52648902893067,65.00343336734831,53.21728114837845,0.03384537571781826,66.33599853515625
2020-04-23,66.33599853515625,67.95683260093587,66.29740637160167,66.53860187329087,124814400,-0.0038754125939052253,64.02702827453614,66.31143928527833,65.13034433571097,52.67445466549235,0.03381773297629303,68.25108337402344
2020-04-24,68.25108337402344,68.2607332539519,66.81114610399659,66.8593881429372,126161200,0.02886946576755367,64.32285442352295,66.09807762145996,65.42755757745502,56.24135788482664,0.032493706620018714,68.29934692382812
2020-04-27,68.29934692382812,68.62978364860732,67.52269696076952,67.96890283834492,117087600,0.0007071470139190517,64.75013332366943,65.89692115783691,65.70106132472864,56.330685963973615,0.030637381856773595,67.19223022460938
2020-04-28,67.19223022460938,68.94089736729391,67.1005821297752,68.76000076632654,112004800,-0.01620976991849543,65.0367935180664,65.6732364654541,65.84307741043156,53.62634658145974,0.03062670506035836,69.39917755126953
2020-04-29,69.39917755126953,69.86709736755677,68.47298779881385,68.67559111709774,137280800,0.03284527570052065,65.44007263183593,65.52239295959473,66.1817536143209,57.95916723464654,0.03119831030871487,70.86321258544922
2020-04-30,70.86321258544922,71.03928789471824,69.54870194183862,69.93702304111527,183064000,0.02109585568356498,66.07791328430176,65.37854362487793,66.62760684966645,60.58975457184497,0.028020329562227414,69.72237396240234
2020-05-01,69.72237396240234,72.11744313333922,68.94572428038448,69.04220099303798,240616800,-0.01609916600480421,66.61023139953613,65.22789268493652,66.92234657468892,57.56693680877343,0.02858267137438009,70.70887756347656
2020-05-04,70.70887756347656,70.83671089109956,69.05910113576175,69.74650982081866,133568000,0.01414902483966185,67.23432483673096,65.13194572448731,67.28296857362108,59.450820082013635,0.028078183676927514,71.77013397216797
2020-05-05,71.77013397216797,72.59984709930193,71.02242643355622,71.16714520888473,147751200,0.015008814243143709,67.65750255584717,65.12895515441895,67.71031765919697,61.43442749731255,0.021515893173752267,72.51058959960938
2020-05-06,72.51058959960938,73.14010619347668,72.08608325049667,72.46958313423785,142333600,0.010317043963280703,68.15436515808105,65.18949485778809,68.16748641542672,62.80171535432953,0.021099811072035332,73.26070404052734
2020-05-07,73.26070404052734,73.60561913010429,72.8337907414733,73.13528505567275,115215200,0.01034489507063685,68.60865669250488,65.24299171447754,68.6525547606744,64.18692331380535,0.020687079058428186,75.00442504882812
2020-05-08,75.00442504882812,75.05763197756472,73.59203166310506,73.91852839032389,133838400,0.023801586827996823,69.12698020935059,65.42364448547363,69.25749478811761,67.24085154064143,0.021032313436012282,76.1846694946289
2020-05-11,76.1846694946289,76.67803493373073,74.30550263769149,74.51349610684939,145946400,0.015735664196244947,69.64087944030761,65.62867362976074,69.91722571254725,69.15793196691801,0.02093364398054868,75.31401062011719
2020-05-12,75.31401062011719,77.31651506334359,75.19308642093533,76.86667320446085,162301200,-0.011428268709272271,69.94482192993163,65.6935213470459,70.43120522755392,66.08555149184204,0.018695324827486953,74.40465545654297
2020-05-13,74.40465545654297,76.41200151515211,73.33084801811279,75.49297320787404,200622400,-0.012074183224167867,70.23489227294922,65.78596076965331,70.8096290588862,62.94046126356115,0.018818619273927303,74.86175537109375
2020-05-14,74.86175537109375,74.92221747074527,72.92454733645849,73.6452582213304,158929200,0.006143431640749375,70.52056465148925,65.82280570983886,71.19554585052501,63.8712305556002,0.018804231683367825,74.41917419433594
2020-05-15,74.41917419433594,74.46512598393333,72.60531107010586,72.63917339112623,166348400,-0.00591197968260182,70.83101959228516,65.89816947937011,71.50255807374509,62.24123390036166,0.01850011479878926,76.17257690429688
2020-05-18,76.17257690429688,76.54502554064396,75.05040406447124,75.73967354309555,135178400,0.023561168595907178,71.29993438720703,66.02736640930176,71.94732177189289,65.94878742357294,0.017958442255085666,75.7323989868164
2020-05-19,75.7323989868164,77.03353696378241,75.70095751911882,76.18948854925284,101729600,-0.005778692744417779,71.85007362365722,66.25803443908691,72.30780531617133,64.24337567761694,0.015952187777004946,77.20528411865234
2020-05-20,77.20528411865234,77.27541485579722,76.54986949857867,76.58856613663914,111504800,0.019448547141525774,72.3806339263916,66.42568580627442,72.77423186878858,67.2913439711168,0.015438964476178572,76.62967681884766
2020-05-21,76.62967681884766,77.60674654641333,76.39266269950214,77.06742188839526,102688800,-0.007455542795750447,72.89531784057617,66.62963005065917,73.14141710212753,64.96085131221294,0.015598129288377876,77.12303161621094
2020-05-22,77.12303161621094,77.20525917779025,76.26688630469137,76.3684584887372,81803200,0.006438168838028169,73.33891525268555,66.9746516418457,73.52061848442119,66.04626147307796,0.014753188264165381,76.60062408447266
2020-05-26,76.60062408447266,78.41690002078316,76.54499631164447,78.23793461869505,125522000,-0.006773690307429137,73.75397911071778,67.16576202392578,73.81395235109277,63.792816932083134,0.01499350704399313,76.93436431884766
2020-05-27,76.93436431884766,77.07947478468351,75.7202884286249,76.45793022136348,112945200,0.00435688662284206,74.24108581542968,67.53605010986328,74.1111344432599,64.62324206539864,0.014077643822837639,76.9682388305664
2020-05-28,76.9682388305664,78.22343238104992,76.3345973225865,76.61030060883014,133560800,0.0004403040438256678,74.61953887939453,67.85564102172852,74.38323962300338,64.7117099254737,0.012733287565274073,76.89327239990234
2020-05-29,76.89327239990234,77.66960361164463,76.53775499591495,77.21009317848531,153532400,-0.0009739917633959649,74.9210418701172,68.20359260559081,74.62229036366043,64.32831343716006,0.012235828751130528,77.83891296386719
2020-06-01,77.83891296386719,77.95983717000007,76.71673278825261,76.84733299745191,80791200,0.012298092335657262,75.32686882019043,68.5795742034912,74.92863537320392,66.98545399114303,0.011378481721788182,78.19924926757812
2020-06-02,78.19924926757812,78.22343558014592,77.1326970947877,77.57286288939194,87642800,0.004629256627442846,75.70138740539551,69.03772605895996,75.24012241076336,67.96468792053797,0.011198957928785683,78.62974548339844
2020-06-03,78.62974548339844,78.89094587146293,77.94773126866299,78.51849729325161,104491200,0.005505119548491644,76.04436798095703,69.52798042297363,75.56294365577622,69.14226977135766,0.010955655134534361,77.95256042480469
2020-06-04,77.95256042480469,78.7506570120071,77.58011190648487,78.45318827090249,87560400,-0.008612326727379882,76.3164665222168,69.89610466003418,75.79052620520751,65.08911468644526,0.011252244188099067,80.17274475097656
2020-06-05,80.17274475097656,80.23320685109042,78.172661136236,78.20168176339025,137250400,0.028481223888900065,76.66206855773926,70.31519332885742,76.20788035242362,71.07569564826959,0.012480952341173872,80.64676666259766
2020-06-08,80.64676666259766,80.68062898183005,79.16182130122834,79.87043535299438,95654400,0.005912506963475561,76.94418563842774,70.68143745422363,76.63063142958305,72.17288175522789,0.01164480300910295,83.19342803955078
2020-06-09,83.19342803955078,83.58522126328481,80.29608895604107,80.32753042867137,147712400,0.03157797246364025,77.29462356567383,71.15023063659667,77.2556596781514,77.18097048632794,0.012970198379687688,85.33378601074219
2020-06-10,85.33378601074219,85.800551637391,83.70130935970825,84.13905436012791,166651600,0.025727488596501535,77.79561233520508,71.62772583007812,78.02500504316005,80.3773689653731,0.013228689797218389,81.23686981201172
2020-06-11,81.23686981201172,84.90329215862222,81.13529762500492,84.4800574912979,201662400,-0.04801048201722502,78.13722305297851,72.02579132080078,78.33089692590784,62.36856577060138,0.017585566091404603,81.9382553100586
2020-06-12,81.9382553100586,84.11489145043873,80.83059261054203,83.37000144098552,200146000,0.008633832146289322,78.49104804992676,72.5024284362793,78.67445486725553,63.86138412314671,0.0176062462812804,82.95156860351562
2020-06-15,82.95156860351562,83.60214129780755,80.4339262304824,80.59596788300412,138808800,0.012366791184686532,78.91766777038575,72.97993957519532,79.08179903261363,65.96220604815814,0.017501884580862794,85.14997100830078
2020-06-16,85.14997100830078,85.42084738289208,83.3699705447458,85.00002619954361,165428800,0.026502240304735913,79.36653747558594,73.51839881896973,79.65972017315525,70.03242243244969,0.017672365822337666,85.0314712524414
2020-06-17,85.0314712524414,85.95291299210936,84.9105470621372,85.89245089695726,114406400,-0.001391659379987642,79.83149108886718,73.95289665222168,80.17131551403965,69.54964610550141,0.017548719550659456,85.0653305053711
2020-06-18,85.0653305053711,85.48131000026396,84.45828873010188,84.98793725501275,96820400,0.0003981967197670411,80.22449340820313,74.40273651123047,80.63741217988074,69.61410212626511,0.017292912239189634,84.5792236328125
2020-06-19,84.5792236328125,86.2334658205362,83.47397466183713,85.76912102080368,264476000,-0.0057145122421866645,80.62197074890136,74.8108235168457,81.01282279444567,67.40801944051664,0.017231170279519415,86.79212951660156
2020-06-22,86.79212951660156,86.93481917934642,84.92505967255737,84.97101145656654,135445200,0.026163705325507047,81.1054256439209,75.25390701293945,81.56323295846052,71.79063814204932,0.01786528085574223,88.64469146728516
2020-06-23,88.64469146728516,90.05950604686922,87.61441494809407,88.03281532631361,212155600,0.021344815031059117,81.70762901306152,75.70866714477539,82.23765757834857,74.84074585789057,0.01790720989658385,87.0799331665039
2020-06-24,87.0799331665039,89.19127232771852,86.70748456883423,88.27466483721669,192623200,-0.017652024897156227,82.21490745544433,76.06556259155273,82.69882668198241,68.13915561567735,0.018765054911997883,88.23597717285156
2020-06-25,88.23597717285156,88.27467380594872,86.47774180640029,87.23472854623947,137522400,0.01327566483241549,82.77829437255859,76.45821716308593,83.22617434777948,70.25810318753304,0.0187706619303193,85.52484893798828
2020-06-26,85.52484893798828,88.35205726047579,85.37731757939976,88.13197433577965,205256800,-0.030725882137081828,83.20987319946289,76.78574798583985,83.44509573732317,60.154198287902155,0.020533913402108528,87.49591827392578
2020-06-29,87.49591827392578,87.59024269738883,84.9565099457261,85.43295161300391,130646000,0.02304674443057686,83.69272346496582,77.17146484375,83.83088835985676,64.18669277767393,0.020858325010789956,88.22628784179688
2020-06-30,88.22628784179688,88.51167454519887,87.06541854675757,87.08476317006986,140223200,0.008347470170945614,84.19407539367675,77.60010498046876,84.24949783432726,65.57686031671247,0.02086135028829783,88.05941009521484
2020-07-01,88.05941009521484,88.84541733018017,88.01104484759307,88.30367932080465,110737200,-0.0018914741928308665,84.66555862426758,78.06670089721679,84.61234662107846,64.95644090606442,0.020940827524024732,88.05941009521484
2020-07-02,88.05941009521484,89.59756962987294,87.94574844202161,88.96392805520118,114041600,0.0,85.17090110778808,78.49600753784179,84.94063838052003,64.95644090606442,0.020714258851831938,90.41502380371094
2020-07-06,90.41502380371094,90.8817894339713,89.45246453610925,89.48390600830983,118655600,0.026750278090087898,85.68301506042481,78.97758804321289,85.46200842082393,69.65623879815384,0.02062019348500992,90.13446807861328
2020-07-07,90.13446807861328,91.56862711706414,90.02321989687357,90.79229592909284,112424400,-0.003102976842728422,86.15740013122559,79.41525573730469,85.90700457870862,68.47829742915113,0.020725842646924002,92.23371124267578
2020-07-08,92.23371124267578,92.2651527115249,91.0220485529992,91.10911780370648,117092000,0.023290126505562725,86.60941429138184,79.89394302368164,86.50954807051502,72.25855221658546,0.020260570369317794,92.6303482055664
2020-07-09,92.6303482055664,93.1769205126767,91.58556145720479,93.12371357510385,125642800,0.00430034699402948,86.97424240112305,80.40270538330078,87.0924814167104,72.91937529760779,0.01968568135240994,92.79238891601562
2020-07-10,92.79238891601562,92.85043754869993,91.61700927809584,92.22646456657715,90257200,0.0017493263664476455,87.55201835632325,80.87056961059571,87.63532974997757,73.20024349513588,0.015406175767503893,92.36433410644531
2020-07-13,92.36433410644531,96.69584034150665,92.15150630871287,94.09354889207897,191649200,-0.004613037928765218,88.07332229614258,81.30059204101562,88.08571111726022,71.10232966921936,0.015605946880569772,93.892822265625
2020-07-14,93.892822265625,94.08387721865836,90.8165098218761,91.74762040886819,170989200,0.01654846726246273,88.62038497924804,81.78400100708008,88.63876932186638,73.97099608537985,0.015721597170303084,94.53853607177734
2020-07-15,94.53853607177734,96.01139191075474,93.34380441075506,95.7622883592816,153198000,0.006877137043826531,89.08981323242188,82.26059417724609,89.20065186947696,75.09573971100968,0.014991887703380759,93.37525177001953
2020-07-16,93.37525177001953,94.22897636244912,92.77788590184623,93.41394840131093,110577600,-0.012304868999395091,89.50700225830079,82.69269653320312,89.59823281238577,69.28704551523631,0.015442026623164677,93.18659973144531
2020-07-17,93.18659973144531,93.97986213133798,92.71499243301174,93.82508300436295,92186800,-0.0020203644434486634,89.91306571960449,83.10621673583984,89.93998204277239,68.36352199385267,0.01548775021594642,95.1504135131836
2020-07-20,95.1504135131836,95.28826887148021,92.9302469895083,93.27367496235873,90318000,0.021073993335928076,90.44162521362304,83.54401092529297,90.43621361138298,72.47622543537224,0.015698120870652404,93.83718872070312
2020-07-21,93.83718872070312,96.01382454154418,93.58808513865422,95.93885212038768,103433200,-0.013801566845513702,90.79387817382812,83.92066619873047,90.7601160027468,66.27193173089479,0.015542273527722328,94.10079193115234
2020-07-22,94.10079193115234,94.78038533647508,93.45263999834938,93.53970187859424,89001600,0.002809155027372112,91.06668319702149,84.27898864746093,91.0782756149759,66.8847353438797,0.014998232013486476,89.81766510009766
2020-07-23,89.81766510009766,93.91215697447913,89.00989228366163,93.83476371071059,197004400,-0.04551637391307384,91.20356979370118,84.56906173706055,90.95821747070177,50.75002897036221,0.01801747005044537,89.59517669677734
2020-07-24,89.59517669677734,89.93860475082967,86.23831895582877,88.02074827137518,185438800,-0.0024771118584786533,91.27152976989746,84.87287216186523,90.82840406366134,50.07428844064433,0.01782834119705074,91.71856689453125
2020-07-27,91.71856689453125,91.81047044943575,90.43193926774624,90.65443561902725,121214000,0.023699827111678395,91.5812156677246,85.21000839233399,90.91318147612515,56.08424264214097,0.01687231601629869,90.21188354492188
2020-07-28,90.21188354492188,91.46707746354134,90.20704185281049,91.29052545592491,103625600,-0.01642724478394797,91.71701393127441,85.5258625793457,90.84639119696294,51.35983480309041,0.016791054832073854,91.94108581542969
2020-07-29,91.94108581542969,92.12489295560428,90.6568714411887,90.69314722395283,90329200,0.01916823152957159,91.90275382995605,85.84123275756836,90.9506478272931,55.94648461678916,0.017187378798633055,93.05358123779297
2020-07-30,93.05358123779297,93.15757426558149,90.71006994116662,91.11637343156816,158130000,0.012100090101139216,92.15246238708497,86.18765640258789,91.15092719972165,58.648156112175215,0.017296243455679018,102.79528045654297
2020-07-31,102.79528045654297,102.94522533389971,97.53748945945877,99.53032596222586,374336800,0.10468913811985003,92.88925590515137,86.69945632934571,92.25991322418082,73.80019766239468,0.028550588282269366,105.38544464111328
2020-08-03,105.38544464111328,107.99740451645603,104.37452005882113,104.67198887947312,308151200,0.02519730646257945,93.63777694702148,87.27457168579102,93.50996383531725,76.28803032219392,0.028499375106322417,106.08921813964844
2020-08-04,106.08921813964844,107.17753592025956,104.85336899973937,105.57407987592546,173071600,0.006678090137891779,94.43551445007324,87.85389541625976,94.70798805477736,76.92906086397115,0.028381377023835898,106.47377014160156
2020-08-05,106.47377014160156,106.79301183705664,105.34675558446708,105.81110781245884,121776800,0.003624798152880304,95.14751739501953,88.45135833740234,95.82853872971299,77.2903282845356,0.028183832005028036,110.18853759765625
2020-08-06,110.18853759765625,110.6819103626939,106.2173913049504,106.8050811008857,202428800,0.03488903840931279,96.02542686462402,89.11644180297851,97.1961576695171,80.47154117821498,0.02881997825204026,107.68331909179688
2020-08-07,107.68331909179688,110.16673452744945,106.88862644814542,109.7112386108564,198045600,-0.022735745119033757,96.76997337341308,89.73074340820312,98.19493494782947,73.04058371344503,0.02965645493631935,109.24848937988281
2020-08-10,109.24848937988281,110.26366188327368,106.60516497027935,109.12492193624439,212403600,0.014534937270568982,97.61418113708496,90.37784774780273,99.24765441754883,74.61759873173503,0.02954100725166658,105.99945831298828
2020-08-11,105.99945831298828,109.01105257691337,105.74021214896973,108.5143723583924,187902400,-0.02973982601806857,98.21951293945312,90.94105865478515,99.89068335997163,65.98841011875098,0.030695199018714283,109.52226257324219
2020-08-12,109.52226257324219,109.77908349339258,106.89347486656195,107.08729946496186,165598000,0.03323417229031489,98.96869926452636,91.56751892089844,100.80797661837836,70.03477931208614,0.03127190503096412,111.4605484008789
2020-08-13,111.4605484008789,112.46118443380263,110.41145251692377,110.8984466622293,210082000,0.017697642306654382,99.87296409606934,92.22413497924805,101.8225072643308,72.00804597530214,0.03097319016842079,111.3612060546875
2020-08-14,111.3612060546875,111.45085012066804,109.55618389407232,111.28609846459923,165565200,-0.0008912781034784434,100.78169441223145,92.8923078918457,102.7309547681743,71.74726558676939,0.030952427724040506,111.07047271728516
2020-08-17,111.07047271728516,112.50480009641929,110.44538201038532,112.48057016956119,119561600,-0.0026107236775037013,101.57769737243652,93.51026245117187,103.52519457285152,70.93758190470226,0.03093496868482062,111.99597930908203
2020-08-18,111.99597930908203,112.41997706741819,110.48896983798126,110.82332353901295,105633600,0.008332606940033793,102.48563690185547,94.13724670410156,104.33193597630205,72.02007694365068,0.030499054991969518,112.13651275634766
2020-08-19,112.13651275634766,113.54661008039473,112.04202566230961,112.40302713967982,145538000,0.001254807968398497,103.38742294311524,94.7161083984375,105.07522900297306,72.18946716859762,0.030518474046231998,114.6247787475586
2020-08-20,114.6247787475586,114.73865273876372,112.16074255230501,112.17770423893735,126907200,0.02218961451581336,104.62777862548828,95.30192825317383,105.98470993102882,75.06758139624284,0.02775556446436478,120.53165435791016
2020-08-21,120.53165435791016,121.01379798138913,115.569666838942,115.5817781022112,338054800,0.05153227491379009,106.17460250854492,96.0878239440918,107.37013320977942,80.28391257857427,0.028816481267493317,121.97325134277344
2020-08-24,121.97325134277344,124.81040740037858,120.11250865643729,124.72559897540391,345937600,0.011960318578077,107.68733673095703,96.88852386474609,108.76090636530266,81.31156086098193,0.02875632494417108,120.97262573242188
2020-08-25,120.97262573242188,121.31667291273054,119.25482982936344,120.84906568793242,211495600,-0.008203647925556834,109.22537384033203,97.64894500732422,109.92392725740925,78.26233902406898,0.02834313324370813,122.61772155761719
2020-08-26,122.61772155761719,123.07321745146164,121.22216092863566,122.28579308436115,163022400,0.013598909796618708,110.7592056274414,98.39830001831055,111.13286004790524,79.6157676382735,0.028328881490600668,121.15191650390625
2020-08-27,121.15191650390625,123.5505310416234,120.01075143908814,123.21860253348014,155552400,-0.011954267581315015,112.16412239074707,99.12070892333985,112.0870559008577,75.12737876467726,0.028956192884954154,120.9556655883789
2020-08-28,120.9556655883789,122.54020052783069,120.73276064666275,122.12347098857094,187630000,-0.0016198746267543918,113.07214164733887,99.838515625,112.93168539490735,74.52162811998232,0.019619649500525416,125.05753326416016
2020-08-31,125.05753326416016,126.9570498293378,122.11136090455392,123.64260037932992,225702700,0.03391215827574556,114.05574607849121,100.64808181762696,114.08652804912191,78.43537090168655,0.0201043382772283,130.03892517089844
2020-09-01,130.03892517089844,130.6398007655306,126.50157751038662,128.66275103381622,151948100,0.03983280156514879,115.25323143005372,101.51301773071289,115.60580396548158,82.04290493753274,0.021255491090023195,127.34468841552734
2020-09-02,127.34468841552734,133.7216162836471,123.08048843223483,133.3436531705274,200119000,-0.020718694435764573,116.29677734375,102.28701766967774,116.72379296072404,74.75842859065031,0.022335955627648008,117.1493911743164
2020-09-03,117.1493911743164,124.86372826632623,116.78112142003687,122.9932991459097,257599600,-0.08006063989055867,116.644820022583,102.88840682983398,116.76432612392331,54.895513741445974,0.029138110036790395,117.2269058227539
2020-09-04,117.2269058227539,119.88234128870778,107.46768860387866,116.36437378387909,332607200,0.000661673506455962,117.12199935913085,103.46822540283203,116.80838133333575,54.993423812480216,0.02849283639593974,109.33811950683594
2020-09-08,109.33811950683594,115.3176975867679,109.20244081478072,110.4332424909772,231366600,-0.06729501440433605,117.12648086547851,103.94449081420899,116.09692782605005,44.42429357030527,0.03258033968306418,113.69926452636719
2020-09-09,113.69926452636719,115.46309530780263,111.7028427061534,113.64111861515656,176940500,0.039886775437532496,117.51147117614747,104.46855773925782,115.86857894036598,50.13039442171974,0.03289122457393565,109.98744201660156
2020-09-10,109.98744201660156,116.78109976625105,109.02799770708086,116.64542107173031,182274400,-0.03264596763424832,117.53473014831543,104.9037808227539,115.30847066191222,45.81851309995888,0.03311143346413266,108.5434341430664
2020-09-11,108.5434341430664,111.6737525060593,106.6051585333688,111.03411800577045,180860300,-0.013128843139357693,117.38887443542481,105.31346130371094,114.66418146964119,44.22484088861509,0.03299794762697557,111.79973602294922
2020-09-14,111.79973602294922,112.35214426737836,109.31874564711791,111.17948842899139,140150100,0.029999989456670706,117.41080093383789,105.78826782226562,114.39137714138482,48.56915713496493,0.0337086916731467,111.97418975830078
2020-09-15,111.97418975830078,115.16265421996873,110.10375338394648,114.67808528768974,184642000,0.0015604127662318668,117.45598678588867,106.21945114135742,114.16116881918634,48.7992468784587,0.0336997313525259,108.66942596435547
2020-09-16,108.66942596435547,112.41999215763813,108.5822071057358,111.6737592561301,154679000,-0.029513620961033382,117.28965911865234,106.59015029907226,113.63814569015483,44.71793147052118,0.034320501369286376,106.93465423583984
2020-09-17,106.93465423583984,108.73725101622504,105.3549623880546,106.33379357166754,178011000,-0.015963751654348934,117.02956619262696,106.88416915893555,112.99971793260102,42.699134224012575,0.03447821289147435,103.54267883300781
2020-09-18,103.54267883300781,107.45799642585531,102.81582548420052,106.99281442322203,287104900,-0.03172007640620578,116.47546119689942,107.10241577148437,112.09904754216356,38.99244241072109,0.03461119209567438,106.68268585205078
2020-09-21,106.68268585205078,106.78929159662262,99.91810106836907,101.31366180172101,195713800,0.030325727076340403,115.78301277160645,107.38022171020508,111.58320357167662,43.85166609599395,0.033096146793161564,108.35928344726562
2020-09-22,108.35928344726562,109.37688098586045,105.7910744674542,109.20243590478516,183055400,0.015715742267119026,115.10231437683106,107.70012069702149,111.27616355982795,46.310642509579175,0.03321119916864327,103.81402587890625
2020-09-23,103.81402587890625,108.65002059588349,103.47482179230717,108.17514522615146,150718700,-0.04194617594136618,114.24438438415527,107.89854476928711,110.56548378069256,41.06066105570378,0.0342050980536794,104.8801040649414
2020-09-24,104.8801040649414,106.84745280660479,101.75947886343313,101.92423053085801,167743300,0.010269115150959296,113.35750350952148,108.10537612915039,110.02401904585912,42.70138798553381,0.034107246954746206,108.81480407714844
2020-09-25,108.81480407714844,108.96986969287116,104.34707769075096,105.08362457756284,149981400,0.037516171892532535,112.74064788818359,108.41416717529297,109.90885571550572,48.40968400854611,0.03551081354254406,111.4120864868164
2020-09-28,111.4120864868164,111.76097670476364,109.29936567544041,111.46054633695047,137672400,0.02386883321341582,112.26346893310547,108.77867691040039,110.05202055086865,51.82166353276143,0.036081722169342245,110.56892395019531
2020-09-29,110.56892395019531,111.75127320535319,110.06497556622581,111.0147338283158,99382200,-0.007567962895308145,111.53903846740722,109.08704711914062,110.1012494460426,50.650549458916444,0.03499554887677901,112.23582458496094
2020-09-30,112.23582458496094,113.64107856003926,110.11341824056427,110.27816986021487,142675200,0.015075670226441407,110.64888343811035,109.45501983642578,110.30454231641576,52.91594878491963,0.033720557199411826,113.18560791015625
2020-10-01,113.18560791015625,114.0869063866764,112.25523648180236,114.00937358582986,116120400,0.008462390049768231,109.9409294128418,109.83671615600586,110.57892951581962,54.20589479911683,0.033717202662169585,109.53192901611328
2020-10-02,109.53192901611328,111.80940830617745,108.75662336739482,109.40594378910399,144712000,-0.032280419405823824,109.56005630493163,110.23100143432617,110.47921518251425,48.680729125418445,0.029582333368322798,112.9045639038086
2020-10-05,112.9045639038086,113.0499360657336,110.04561009300302,110.39450032404892,106243800,0.030791340187199312,109.34393920898438,110.6971891784668,110.71020077501848,53.402303850621735,0.030527272422016895,109.66764831542969
2020-10-06,109.66764831542969,112.53629561221867,108.78572927732188,112.12925207481908,161498200,-0.028669484000103496,109.36041564941407,111.05617080688477,110.61091006458145,48.765041004865935,0.027179254602899168,111.52838897705078
2020-10-07,111.52838897705078,111.9838849635665,110.60770355491991,111.08258643963451,96849000,0.0169670881996955,109.25187187194824,111.48250091552734,110.69828900862615,51.37880576648463,0.02588353393355721,111.4217529296875
2020-10-08,111.4217529296875,112.80762001676187,111.05347590337409,112.66224789552939,83477200,-0.0009561336655299346,109.32358741760254,111.8721142578125,110.76719033444152,51.21754758447159,0.02476729653505222,113.36004638671875
2020-10-09,113.36004638671875,113.38911933685253,111.37331099631979,111.72220118579409,100506900,0.017396005771461942,109.56441802978516,112.27824356079101,111.01412900608696,54.04117166188591,0.024795183829096564,120.56072998046875
2020-10-12,120.56072998046875,121.31665619479716,115.59874235138079,116.3546685657092,240226800,0.06352047148239026,110.00246772766113,112.63355255126953,111.92332909888523,62.68272882262032,0.027715217224660152,117.3625717163086
2020-10-13,117.3625717163086,121.52017325599154,115.95732503612084,121.40387407242964,262330500,-0.02652736313622417,110.27188682556152,112.87309509277344,112.4413522053065,57.51046308038968,0.02855194987915023,117.4498062133789
2020-10-14,117.4498062133789,119.23301612314903,115.92826024261022,117.26566767493782,150712000,0.0007432906061497491,110.71090583801269,113.10030685424805,112.91834782512292,57.613202364517825,0.02753666453275004,116.984619140625
2020-10-15,116.984619140625,117.45949457685697,114.50362881948811,115.0560370517392,112559200,-0.003960730866671369,111.21340408325196,113.31052383422852,113.30561175993265,56.824139751343616,0.02720166608404158,115.3467788696289
2020-10-16,115.3467788696289,117.79870373934006,115.14326081684207,117.53703239008934,115393800,-0.0140004753020333,111.80360908508301,113.41368865966797,113.50000862752277,54.01893810811829,0.02621862655891326,112.4006118774414
2020-10-19,112.4006118774414,116.70357893346838,112.09048805904365,116.25777640664253,120639300,-0.02554182284983797,112.08950538635254,113.50803451538086,113.39530417513407,49.30392200626888,0.02643624766450822,113.8833999633789
2020-10-20,113.8833999633789,115.3080339002408,112.06141592703932,112.6138242501148,124423700,0.013191993007602987,112.3657112121582,113.60073272705078,113.44178948830024,51.593962098748435,0.026378034116142327,113.26314544677734
2020-10-21,113.26314544677734,115.04635557719843,112.8561019222811,113.06931343655647,89946000,-0.005446399710590133,112.83816719055176,113.74600646972657,113.42477577005998,50.565011870251965,0.02429868968522497,112.17770385742188
2020-10-22,112.17770385742188,114.39703037608496,111.05350042518317,113.82523521136082,101988000,-0.009583360810560548,113.20304718017579,113.79911529541016,113.3060070164754,48.73335953166072,0.02446169239125682,111.48961639404297
2020-10-23,111.48961639404297,112.95301658165369,110.75306957595657,112.79795098039979,82572600,-0.006133905755937641,113.3367877960205,113.79969665527344,113.1330174333866,47.557292901446424,0.02319556482979624,111.49932098388672
2020-10-26,111.49932098388672,112.95302786819327,109.39628607186555,110.49141665682858,111850700,8.704478639032232e-05,113.34114952087403,113.80245895385742,112.977427295339,47.57650831532403,0.02258837062368989,113.00148010253906
2020-10-27,113.00148010253906,113.66049418453407,111.00505835146696,111.92573641878347,92276800,0.013472361135449695,113.46277732849121,113.8410791015625,112.97971803888186,50.5941420316817,0.02269342277409859,107.76813507080078
2020-10-28,107.76813507080078,111.86759177611111,107.67122275639692,111.49932202380221,143937800,-0.0463121812828422,113.2393928527832,113.75652221679688,112.48337680382652,41.608131787829585,0.02479101523106018,111.76094818115234
2020-10-29,111.76094818115234,113.32126031487844,108.73723619529932,108.90199520734436,146129200,0.03705003438844323,113.16815986633301,113.74901092529296,112.41457407785755,49.04421839120849,0.026194568822810925,105.50035858154297
2020-10-30,105.50035858154297,108.53375772487753,104.395541902172,107.63245912918691,190272600,-0.05601768508139038,112.96658134460449,113.56652252197266,111.75607736392283,40.36438573341774,0.028181774910474196,105.41313171386719
2020-11-02,105.41313171386719,107.26418875001484,104.00788464199921,105.74264246216923,122866900,-0.0008267921441078574,112.59200973510742,113.2641520690918,111.15198730201277,40.257482737778055,0.02714289201366466,107.03157806396484
2020-11-03,107.03157806396484,108.0491682897085,105.37435335866708,106.27565178371685,107624400,0.015353365598612223,112.46020622253418,112.96531860351563,110.75956737457963,43.26018424764537,0.026740303842597696,111.40238952636719
2020-11-04,111.40238952636719,112.02263714006965,108.88263267145909,110.61739025769825,138235500,0.0408366534574518,112.45390625,112.77391387939453,110.82078853189273,50.49643444522238,0.028077831111615728,115.35646057128906
2020-11-05,115.35646057128906,115.92825566569405,113.26312696012087,114.309790068738,126387100,0.03549359274727237,112.65064163208008,112.62868865966797,111.25275729754952,55.96743452446927,0.0291531835868647,115.22542572021484
2020-11-06,115.22542572021484,115.72053342058035,112.74014741905776,114.8662234022807,114457900,-0.001135912548159701,112.74391059875488,112.51015884399413,111.63110667113669,55.747555851968265,0.0289364617027911,112.92459106445312
2020-11-09,112.92459106445312,118.4290806298261,112.66247568801708,116.98257616030648,154515300,-0.019968115903069017,112.3621036529541,112.34953735351563,111.75429566097634,51.89245951167834,0.02526384679249925,112.58480834960938
2020-11-10,112.58480834960938,114.15751541071181,110.79851455087879,112.1770700305599,138023400,-0.0030089346495822955,112.12321548461914,112.10008285522461,111.83339210751282,51.32795949495861,0.02464907942895462,116.00205993652344
2020-11-11,116.00205993652344,116.13797271482636,113.0410945158488,113.76920185962483,112295000,0.030352688226838564,112.05082817077637,111.81934555053711,112.23040809122813,56.45808071912668,0.025676726897074707,115.73023223876953
2020-11-12,115.73023223876953,117.011700843839,115.10891457611105,116.1282678012146,103162300,-0.0023433006095120446,111.9881088256836,111.58705642700195,112.56372467670826,55.95287078226826,0.025667151900379326,115.7787857055664
2020-11-13,115.7787857055664,116.17681389575209,114.42936059587085,115.95353177622367,81581900,0.00041954004461608463,112.00970916748047,111.55964431762695,112.86992096517095,56.02855889810048,0.025461507314537956,116.78842163085938
2020-11-16,116.78842163085938,117.45827535475047,114.70117908437909,115.44869936969526,91183000,0.008720387928929707,112.22909965515137,111.55087463378906,113.24311150476032,57.65789891655827,0.024760315764043167,115.90497589111328
2020-11-17,115.90497589111328,117.14761119066519,115.48752740079281,116.06030900690259,74271000,-0.007564497639487411,112.33017845153809,111.6822117614746,113.4966223986987,55.712565913342004,0.024710735748342167,114.5846939086914
2020-11-18,114.5846939086914,116.32244455787598,114.55557079610209,115.14776544105797,76322100,-0.01139107249081528,112.3962558746338,111.6999203491211,113.60024825679325,52.84313848638459,0.0248300031860608,115.17687225341797
2020-11-19,115.17687225341797,115.58461058534773,113.4002885699786,114.1575190169027,74113000,0.0051680405517202654,112.5462142944336,111.80370895385742,113.75040292313847,53.98782188679355,0.024721847288809506,113.91482543945312
2020-11-20,113.91482543945312,115.30308383579212,113.8662893904585,115.17688122037637,73604300,-0.010957467321981329,112.6674747467041,111.91113677978515,113.76606221040653,51.13878219453614,0.024824711272331334,110.52670288085938
2020-11-23,110.52670288085938,114.18666026045105,110.42962337461562,113.7595015449486,127959300,-0.029742595360378044,112.61884384155273,111.88567611694336,113.4575517980687,44.3693250137393,0.02578351117794526,111.80817413330078
2020-11-24,111.80817413330078,112.46832515996194,109.30348281979012,110.58495899509562,113874200,0.011594223106634605,112.55917854309082,111.88235580444336,113.30046821094794,47.21539253853498,0.025734774283557315,112.64305877685547
2020-11-25,112.64305877685547,113.34204301090116,111.80816176471099,112.17707422528561,76499200,0.007467116335871049,112.80292472839355,111.96182846069335,113.23785778865341,49.0444390344244,0.023365111513700184,113.18672180175781
2020-11-27,113.18672180175781,114.060452186272,112.82752688184597,113.1673088628538,46691300,0.004826422780114026,112.87421340942383,112.08686981201171,113.23298769466336,50.253282009011905,0.021921890113797735,115.57488250732422
2020-11-30,115.57488250732422,117.43883510792733,113.4002637332647,113.5555968199929,169410200,0.021099300938754784,113.3779396057129,112.32751388549805,113.45602529586915,55.27286686551959,0.01778147968872153,119.13778686523438
2020-12-01,119.13778686523438,119.86589425816237,116.50689304092421,117.47770289816154,127728200,0.030827670170327615,114.06417236328124,112.57661590576171,113.9971454453325,61.5123678711339,0.01864940517737809,119.48727416992188
2020-12-02,119.48727416992188,119.76880990592802,117.36119829848747,118.45821072635326,89004200,0.002933471519685371,114.6869571685791,112.79917572021485,114.52001484767436,62.07129949665612,0.018538610998320153,119.35136413574219
2020-12-03,119.35136413574219,120.16684084637635,118.64266969338425,119.91442821402666,78967600,-0.001137443590740972,115.08440589904785,113.10992248535156,114.98014335129986,61.6960675771541,0.01662659899353005,118.6814956665039
2020-12-04,118.6814956665039,119.27369022514605,117.97280126779268,119.02127760834182,78260400,-0.0056125748883474325,115.25065765380859,113.38595031738281,115.332653095605,59.777961009249495,0.014928232877705824,120.1377182006836
2020-12-07,120.1377182006836,120.93378197653361,118.68150343461471,118.73974965511624,86712000,0.012270004906844934,115.49627227783203,113.61240859985351,115.79027834370771,62.50687462114998,0.015102311443271177,120.74933624267578
2020-12-08,120.74933624267578,121.33182812514022,119.49699054608435,120.73963347620881,82225500,0.005090974351373179,115.88750953674317,113.7991535949707,116.26256957218087,63.62319157882107,0.01417776056074302,118.2252197265625
2020-12-09,118.2252197265625,122.27349493369557,117.46798924542293,120.89494675486756,115089200,-0.020903771355234912,116.16953010559082,113.95227951049804,116.44948863450293,56.18798363728739,0.01513894849866765,119.64259338378906
2020-12-10,119.64259338378906,120.25420827611856,116.64279476467264,116.98257670113864,81312200,0.011988758917130804,116.3515567779541,114.10041488647461,116.75359384872066,59.07982703129352,0.013867837738859832,118.83683013916016
2020-12-11,118.83683013916016,119.17661208486537,117.03112333433712,118.8562430760472,86939800,-0.006734752414168987,116.50688667297364,114.21343933105469,116.951997304953,56.78513721603749,0.013968586075729835,118.2252197265625
2020-12-14,118.2252197265625,119.74939086099992,117.99222744160214,119.021283489644,79184500,-0.00514664024512812,116.62920837402343,114.38730514526367,117.07325658320153,55.03771727686846,0.014044770463026747,124.14717864990234
2020-12-15,124.14717864990234,124.16659899741805,120.50664119341056,120.71051040217101,157243700,0.050090487774405945,116.99714622497558,114.61215744018554,117.74696344669684,65.96026557786901,0.017771929474967915,124.0792007446289
2020-12-16,124.0792007446289,124.62285187377786,122.86568846942772,123.69088274191743,98208600,-0.0005475590022478993,117.40585746765137,114.90038848876954,118.35003366554751,65.76277661286599,0.01761664844434754,124.9432144165039
2020-12-17,124.9432144165039,125.79753175425047,124.30247641319399,125.13737340779682,94359800,0.006963404556846298,117.923783493042,115.1686849975586,118.97795564182907,67.11066237420975,0.017271540242987878,122.9627685546875
2020-12-18,122.9627685546875,125.33154675459895,122.43853039208297,125.1956339798523,192541500,-0.015850767655252618,118.31307830810547,115.3995053100586,119.35746163352987,61.166443130031816,0.017856829558796333,124.48694610595703
2020-12-21,124.48694610595703,124.56461267355205,119.84647608918172,121.37064729644923,121251600,0.012395439442237866,118.84168434143066,115.62204330444337,119.8459839642372,63.82228205616442,0.01762886945969104,128.0303955078125
2020-12-22,128.0303955078125,130.48654300822767,125.86547908382497,127.76827272564631,168904800,0.028464425489556744,119.71686897277831,115.77143661499024,120.625451730292,69.11124291430585,0.016425602117502328,127.13726043701172
2020-12-23,127.13726043701172,128.5643372428869,126.9625069666015,128.30222925734495,88223700,-0.006975961194670255,120.48332328796387,115.9669303894043,121.24562398807483,66.47337815848826,0.016704712695156117,128.11776733398438
2020-12-24,128.11776733398438,129.56427923315684,127.27316756907929,127.48674690488681,54930100,0.007712191481886066,121.2570587158203,116.1802896118164,121.9001138305424,67.92096080158012,0.01670549111097305,132.6999969482422
2020-12-28,132.6999969482422,133.33101740723168,129.61281401111586,130.07881339134244,124486200,0.0357657623108012,122.23272247314453,116.49459716796875,122.92867412746618,73.6474353732012,0.017922043407987472,130.9331512451172
2020-12-29,130.9331512451172,134.7387249955213,130.41862308583973,134.02033501416818,121047300,-0.01331458736818314,123.00063591003418,116.80632461547852,123.69100528152818,68.56496666108286,0.01826063207520728,129.8167266845703
2020-12-30,129.8167266845703,132.02046974111198,129.5060603447114,131.62243404818764,96452100,-0.008526676016960999,123.53458290100097,117.1546469116211,124.27440731991314,65.48954614444378,0.01759981384461214,128.81678771972656
2020-12-31,128.81678771972656,130.80695128204687,127.87510078750749,130.16621309475406,99116600,-0.007702697413357273,124.00105857849121,117.45331466674804,124.70701497703823,62.773678446030964,0.01780740037660125,125.63247680664062
2021-01-04,125.63247680664062,129.70987425858502,123.05982982560184,129.62250494776845,143301900,-0.024719688865508793,124.31511421203614,117.70070129394531,124.79515419890512,54.95756635996848,0.018906348842893297,127.1857681274414
2021-01-05,127.1857681274414,127.89446984433803,124.6810774289331,125.12765639008194,97664900,0.012363772173268783,124.74032783508301,118.0008625793457,125.02283171590858,57.722858083419254,0.018915899636036067,122.9045181274414
2021-01-06,122.9045181274414,127.22462614380248,122.69093878823239,123.99182776037331,155088000,-0.03366139201762064,124.8786678314209,118.22916061401367,124.82108756462598,48.82537708608423,0.020531496577431137,127.09840393066406
2021-01-07,127.09840393066406,127.78768533438151,124.1277286238472,124.61313347302331,109578200,0.03412312148585106,125.19612121582031,118.54114227294922,125.037974837582,55.98302215497357,0.021798077790364394,128.1954345703125
2021-01-08,128.1954345703125,128.75850602101508,126.42855365810287,128.56433221406948,105158200,0.008631348669389194,125.69463195800782,118.84502136230469,125.33868528831825,57.651573687366614,0.021097678461278108,125.21503448486328
2021-01-11,125.21503448486328,126.37030043054156,124.74904996348562,125.41891104549275,100384500,-0.023248878522382443,125.97325401306152,119.19395935058594,125.32690902132254,51.89593841100751,0.021875803251975755,125.04029083251953
2021-01-12,125.04029083251953,125.90431086268742,123.15691766682359,124.74904496331433,91951100,-0.0013955484903441784,126.28342704772949,119.45954620361329,125.29961205096035,51.57085265853563,0.02178953271098435,127.06932067871094
2021-01-13,127.06932067871094,127.61297191015767,124.73938259725777,125.00149063238635,88636800,0.016227008372118323,126.72563209533692,119.89092544555665,125.46815572979374,55.088812030337266,0.021904608285544896,125.14710998535156
2021-01-14,125.14710998535156,127.17609915715049,125.00147960973679,126.98194013638121,90221800,-0.01512726032603573,126.77562866210937,120.28560501098633,125.43757994460877,51.28783210519901,0.019364050680210198,123.42874908447266
2021-01-15,123.42874908447266,126.41884484513,123.29283631414191,125.02087645693894,111598500,-0.013730727789719177,126.74310607910157,120.61354843139648,125.2462627198339,48.0932478107636,0.019627003557754746,124.09862518310547
2021-01-19,124.09862518310547,124.9529425933155,123.23460500719132,124.05008172781939,90757300,0.005427229098581954,126.70087661743165,120.86747314453125,125.13696390681213,49.415998436439345,0.019600976013102414,128.17605590820312
2021-01-20,128.17605590820312,128.62263507066567,124.79764091875076,124.90443062194485,104319500,0.032856373058778754,126.96154098510742,121.12386505126953,125.42640124027794,56.65630340715596,0.02055129022132574,132.87472534179688
2021-01-21,132.87472534179688,135.59299559628155,129.6904705564632,129.89434712123654,120150900,0.036657934278761406,127.38092994689941,121.47685104370117,126.1357654404226,63.19413450213707,0.021854700853870052,135.0105438232422
2021-01-22,135.0105438232422,135.7677743821565,131.07876065141238,132.30197582810843,114459400,0.016073925842189363,127.7299373626709,121.91857009887696,126.98098242926255,65.72494724298079,0.02127751466911697,138.74813842773438
2021-01-25,138.74813842773438,140.8547939706266,132.55436700322258,138.89376878953092,157611700,0.027683723794087456,128.31048126220702,122.44183670043945,128.10166395292654,69.65695748488224,0.02183733049135679,138.98114013671875
2021-01-26,138.98114013671875,140.08786276088446,137.2433822290361,139.40829883611298,98390600,0.0016793141271997936,128.85364990234376,122.90141830444335,129.13780454185914,69.88886521599676,0.021833813972158115,137.91323852539062
2021-01-27,137.91323852539062,140.0878578213645,136.3114082725256,139.24324321793168,140843800,-0.007683787960565014,129.11431198120118,123.34507843017577,129.97356015933832,67.34824807955923,0.02066905474407931,133.08831787109375
2021-01-28,133.08831787109375,137.8452949915903,132.7097026247184,135.44739349341899,142621100,-0.03498518855685184,129.2220703125,123.69126907348632,130.27020375093406,57.22617298754962,0.022043658776259512,128.10809326171875
2021-01-29,128.10809326171875,132.7485638456348,126.40917577307293,131.8651231963266,177523800,-0.03742044898485175,129.13663864135742,123.91766250610351,130.0642884662469,49.03424409092133,0.023596261200096558,130.22445678710938
2021-02-01,130.22445678710938,131.42826655671627,127.10815007398598,129.84584146807433,106239800,0.016520139138024525,129.20702209472657,124.20405212402343,130.0795425920433,52.16780271343622,0.02382214267281853,131.04962158203125
2021-02-02,131.04962158203125,132.33108282824628,130.68070911395654,131.76801136085197,83305400,0.006336480990439819,129.4778793334961,124.53335067749023,130.17193106728027,53.37157733899245,0.023070518259145228,130.03030395507812
2021-02-03,130.03030395507812,131.80688817183957,129.70993485237824,131.797170590512,89880900,-0.00777810431383108,129.62010612487794,124.83041931152344,130.15844277088007,51.64261087124374,0.02305075003310282,133.37957763671875
2021-02-04,133.37957763671875,133.38928040334213,130.66130683037125,132.32139835278772,84183100,0.025757639409946353,130.14385910034179,125.21971435546875,130.46521752000757,56.61578906872526,0.022109426284806544,132.96632385253906
2021-02-05,132.96632385253906,133.60801926205087,132.09129544721642,133.53996875011137,75693800,-0.00309832878092664,130.43725509643554,125.66850677490234,130.70341812310582,55.85254224151195,0.021008772635301366,133.1121826171875
2021-02-08,133.1121826171875,133.16079860710033,131.1773789685877,132.2565886683768,71297200,0.001096960195802632,130.6830924987793,126.09458694458007,130.93282426539932,56.077610255973575,0.02095995400868665,132.23712158203125
2021-02-09,132.23712158203125,134.0552584795755,132.08157120488215,132.83020097423812,76774200,-0.006573861369795209,131.0341968536377,126.48646820068359,131.0570430574595,54.289419776201434,0.020217363420681096,131.63433837890625
2021-02-10,131.63433837890625,133.1899609934861,130.67179521713933,132.69409868188646,73046600,-0.004558350907169939,131.36389923095703,126.85542053222656,131.11202356426395,53.03485484262303,0.020265260071084843,131.38157653808594
2021-02-11,131.38157653808594,132.60661952451218,130.05930155973675,132.13020650092022,64280000,-0.001920181648140673,131.5795120239258,127.1715544128418,131.13769527605652,52.487125778484135,0.02003589394767859,131.61489868164062
2021-02-12,131.61489868164062,131.77046392162595,129.98150816834826,130.62320365664934,60145100,0.0017759121918212717,131.90290145874025,127.42109664916993,131.18314321944547,52.96997192686821,0.019634067185165097,129.49537658691406
2021-02-16,129.49537658691406,132.23714344471992,129.10646349095452,131.731578673249,80576300,-0.016103967833105415,132.20623283386232,127.62125869750976,131.02240354015677,48.18002036844987,0.01974548816129497,127.21051788330078
2021-02-17,127.21051788330078,128.55224167371352,125.87852618937757,127.60914811603398,97918500,-0.017644326491299434,132.36182746887206,127.77844177246094,130.6593668109324,43.60260905119239,0.020238621832255933,126.11194610595703
2021-02-18,126.11194610595703,126.39389519067603,123.87574345471002,125.61608363778298,96856700,-0.008635856496956862,132.25862197875978,127.92705078125,130.22627912474425,41.558219444176494,0.01893250740301405,126.26750183105469
2021-02-19,126.26750183105469,127.08421215529972,125.22719051850751,126.62724840518808,87668800,0.0012334733536421005,131.92826080322266,128.04964645385743,129.84925271582142,41.973099735574465,0.016795854912365238,122.50482940673828
2021-02-22,122.50482940673828,126.1216398427311,122.11592370284757,124.4590677731543,103916400,-0.029799214918743266,131.30297508239747,128.08475631713867,129.14978382924207,35.42259412921739,0.017264208123733516,122.36871337890625
2021-02-23,122.36871337890625,123.19513336260104,115.10592588579131,120.32696770808406,158273000,-0.0011111074436102042,130.48400382995607,128.16762619018556,128.50396759587676,35.20852739669333,0.015534990253183072,121.87286376953125
2021-02-24,121.87286376953125,122.07703760379697,118.83941546871539,121.47424078389619,111039900,-0.004052094654616756,129.62859001159669,128.2122315979004,127.87243389812956,34.393136254646166,0.015435592993642548,117.6337890625
2021-02-25,117.6337890625,122.95205487892161,117.19627482972935,121.22143247515002,148199500,-0.03478276111610534,128.61461753845214,128.1881707763672,126.89732486616484,28.34868562864034,0.016689679498146627,117.89630889892578
2021-02-26,117.89630889892578,121.38672049171518,117.83796822554648,119.18940971098537,164560400,0.002231670326340529,127.85501708984376,128.18159255981445,126.04008525023731,29.178773816476365,0.015532228063911208,124.24515533447266
2021-03-01,124.24515533447266,124.38127119478241,119.3838534155298,120.31722249383586,116307900,0.05385110437163765,127.66187019348145,128.18355209350585,125.86913954397401,45.594504642755986,0.018846592461154145,121.64924621582031
2021-03-02,121.64924621582031,125.1493828138184,121.54229695879663,124.84798440825688,102260900,-0.02089344338347887,127.233109664917,128.13495300292968,125.46724494129272,41.371889672082794,0.018834946789745767,118.67412567138672
2021-03-03,118.67412567138672,122.22287832128721,118.46022715397075,121.34784230356715,112966300,-0.024456547302852738,126.61433486938476,128.00957122802734,124.82028120130167,37.12794547034009,0.019265153866620113,116.79764556884766
2021-03-04,116.79764556884766,120.17139052818686,115.32953762534804,118.37271017337518,178155000,-0.015812040677974815,125.95270195007325,127.88626876831054,124.05622066487747,34.70949768083467,0.019414289857715827,118.05184936523438
2021-03-05,118.05184936523438,118.55742889881681,114.30864851877307,117.62405985730818,153766600,0.010738262661702525,125.18631553649902,127.7575668334961,123.48437577919717,37.63361762109079,0.018419826347811117,113.13223266601562
2021-03-08,113.13223266601562,117.6435208042625,112.98639210708664,117.57546286579684,154376600,-0.04167335561172114,124.19461097717286,127.45960357666016,122.49845738746558,31.646489485272085,0.02005519563867194,117.73100280761719
2021-03-09,117.73100280761719,118.67409653865776,115.49480844212914,115.72814885031967,129525800,0.040649512815484456,123.42555198669433,127.27147842407227,122.04441409414669,41.08238011794593,0.02275301702132166,116.65180969238281
2021-03-10,116.65180969238281,118.78105499068555,116.13650543340157,118.31437413808155,111943300,-0.009166600890997856,122.64628639221192,127.04215927124024,121.53083272255013,39.69745316958774,0.022764580479672007,118.57689666748047
2021-03-11,118.57689666748047,119.79222236399583,117.89631724453561,119.14080957092585,103026500,0.016502847064046477,121.99341430664063,126.759697265625,121.24950547921017,43.365129909098464,0.023315559576000792,117.67269897460938
2021-03-12,117.67269897460938,117.80881486489184,115.85457640393945,117.06017746833828,88105100,-0.007625412017711053,121.3079704284668,126.49448822021485,120.90885724067677,42.07083208712226,0.02331139589416832,120.55058288574219
2021-03-15,120.55058288574219,120.56030756816384,117.07961303714333,118.04215631738552,92403800,0.024456683123702083,120.75475463867187,126.30916534423828,120.87473587354013,47.44714394016305,0.024205145599062335,122.08674621582031
2021-03-16,122.08674621582031,123.69097746560344,121.26032630464678,122.21313740579694,115227900,0.012742894254887949,120.38432312011719,126.17456451416015,120.99016542994777,50.108846443961156,0.02431172767408926,121.29923248291016
2021-03-17,121.29923248291016,122.368717641283,118.94635623317845,120.60892835870807,111932600,-0.006450444108961784,120.08875885009766,126.08789962768554,121.01960038737276,48.74581476674314,0.024076376351054304,117.18656158447266
2021-03-18,117.18656158447266,119.7630534964986,116.98238776140393,119.47137236768086,121229700,-0.03390516835312152,119.64248962402344,125.88791549682617,120.65454907281085,42.278014072475905,0.025079408606350613,116.66155242919922
2021-03-19,116.66155242919922,118.06161012823361,116.3601540036749,116.57405253188959,185549500,-0.00448011400091286,119.16219215393066,125.76305618286133,120.27426367818117,41.520639139550376,0.025056789005542677,119.96722412109375
2021-03-22,119.96722412109375,120.4339124312078,116.92405138540522,116.99210932461362,111912300,0.028335570914854058,119.03531188964844,125.62043258666992,120.24502181560142,47.85478858726489,0.025235239415908238,119.14080047607422
2021-03-23,119.14080047607422,120.79364033005854,118.75189479932533,119.90888714776963,95467100,-0.006888745247496497,118.87391624450683,125.43933990478516,120.13985787850359,46.498802735396985,0.025272692836487726,116.75875091552734
2021-03-24,116.75875091552734,119.49080775473756,116.73930897083474,119.41302514045037,88530500,-0.019993566863983236,118.61821060180664,125.27021423339843,119.81784769155348,42.739622248530125,0.0256218694754086,117.2448959350586
2021-03-25,117.2448959350586,118.28522184257633,115.69900522410137,116.22402681020739,98844700,0.004163670951592868,118.59876594543456,125.11430633544921,119.5728046671254,43.73929150254908,0.02443832048683404,117.84769439697266
2021-03-26,117.84769439697266,118.11020888610055,115.62121696029041,117.0115497729694,94071200,0.005141362078976641,118.59633522033691,124.92987380981445,119.40850845092037,45.021001952615244,0.024460227192344388,118.02272033691406
2021-03-29,118.02272033691406,119.17971289024223,117.3810321617412,118.27551018422949,80819200,0.0014851876469625935,118.28521347045898,124.7873860168457,119.27652863053882,45.409880281209155,0.020976588082823693,116.57402801513672
2021-03-30,116.57402801513672,117.06015823420087,115.56287626935224,116.77820181701264,85671900,-0.01227469014137128,118.03145256042481,124.65029159545898,119.01914761954814,42.71665559313163,0.02066189641774609,118.76160430908203
2021-03-31,118.76160430908203,120.0935962532518,117.7893439502975,118.27547412968977,118323800,0.01876555465391716,118.03582649230957,124.54355117797851,118.99461968521803,47.75553801508343,0.0204404558239987,119.58805847167969
2021-04-01,119.58805847167969,120.73532632120784,119.09220346933651,120.22975405327205,75089100,0.006958933970332426,118.17534713745117,124.37179122924805,119.05113766488104,49.56069589448007,0.02013138997352629,122.4075927734375
2021-04-05,122.4075927734375,122.66038256872103,119.65609390540438,120.43390523654203,88651200,0.023577055583902773,118.39313430786133,124.16244857788087,119.37080005617213,55.24247432911944,0.02064388001013103,122.70899963378906
2021-04-06,122.70899963378906,123.60347753407522,122.16453611496429,122.99095607539735,80171300,0.002462321605404272,118.87197265625,123.91641769409179,119.68872382546898,55.81546288959662,0.01790510391075928,124.35212707519531
2021-04-07,124.35212707519531,124.37156902257611,121.66868585332091,122.33954801322936,83466700,0.013390439546487887,119.20302886962891,123.62849746704102,120.13285746830006,58.90419453721255,0.01591300668749942,126.74385070800781
2021-04-08,126.74385070800781,126.77301732956983,124.95489535313669,125.3729601525352,88844600,0.01923347584851709,119.70763092041015,123.3837516784668,120.76247587208175,62.96276301786346,0.01604989182582093,129.31065368652344
2021-04-09,129.31065368652344,129.34953758105655,125.87857511762488,126.19942288071834,106686700,0.020251893596234583,120.2443187713623,123.21169998168945,121.57658804488571,66.75713614175442,0.01622114110399438,127.5995101928711
2021-04-12,127.5995101928711,129.1648506431333,127.00643052325567,128.8440028052572,91420000,-0.013232811410887502,120.74065933227538,123.101923828125,122.15019967802716,62.183562921287795,0.016487429941731954,130.7009735107422
2021-04-13,130.7009735107422,130.9246041100814,128.27032223067465,128.76618458654,91266500,0.024306232157028873,121.2481788635254,123.15378143310546,122.96455909066668,66.64417564903778,0.01647772640965546,128.3675994873047
2021-04-14,128.3675994873047,131.25521541323778,128.0078677183544,131.19688213562674,87222800,-0.01785276697457594,121.56222152709961,123.11664428710938,123.47913436653697,60.830660169165434,0.017051123329544924,130.76904296875
2021-04-15,130.76904296875,131.2551732400093,129.93289830876327,130.10791292088626,89347100,0.018707551524189903,122.0357120513916,123.11103271484374,124.17341137627155,64.28380296279173,0.017271017090894413,130.4384765625
2021-04-16,130.4384765625,130.9343240931431,129.58288254678484,130.57459244358938,84922400,-0.0025278643839964365,122.69830780029297,123.11919616699218,124.77008425115045,63.454521629105614,0.014920592463854868,131.099609375
2021-04-19,131.099609375,131.71213827061115,129.6412185458448,129.80650105955348,94264200,0.005068541353158373,123.420210647583,123.07359680175782,125.37289616770755,64.4424973205463,0.014736871386144504,129.4176025390625
2021-04-20,129.4176025390625,131.7704712922572,128.15366085563892,131.27462375202614,94812300,-0.01282999121016637,123.89272956848144,123.00262237548829,125.75810629831278,59.998471986633305,0.014315054087515804,129.79678344726562
2021-04-21,129.79678344726562,130.03984858480732,127.65781320400242,128.68840701349623,68847100,0.0029299021212254583,124.42552871704102,122.93631439208984,126.14274221726068,60.65715030325979,0.014092373986651842,128.280029296875
2021-04-22,128.280029296875,130.4287163012516,127.76473251290152,129.349506750087,84566500,-0.011685606608324406,125.0015926361084,122.85717254638672,126.34629336770014,56.63952179878961,0.013443406853517031,130.59405517578125
2021-04-23,130.59405517578125,131.37185181275385,128.4939686507075,128.4939686507075,78657500,0.018038863037292963,125.66905059814454,122.83636688232421,126.75084211132692,60.89508303707397,0.013762959120570763,130.9829559326172
2021-04-26,130.9829559326172,131.31352099303626,129.85513001828372,131.08990519751984,66905100,0.0029779361419819406,126.32581367492676,122.82839447021485,127.15390057049741,61.5775831395902,0.013774387559656952,130.66209411621094
2021-04-27,130.66209411621094,131.65380402656527,130.38986235031265,131.26489090705445,66015800,-0.002449645559772784,126.9577823638916,122.80933837890625,127.48801424151776,60.637264837759446,0.01386088784584748,129.87457275390625
2021-04-28,129.87457275390625,131.2746303918658,129.38844245381026,130.58431883810096,107760100,-0.0060271601158042865,127.62280960083008,122.8169223022461,127.7153055284119,58.2847301860696,0.013512583120422342,129.77732849121094
2021-04-29,129.77732849121094,133.26775499092827,128.77590135452442,132.6843927517533,151101000,-0.0007487552076846926,128.17359580993653,122.8682585144043,127.9116886677261,57.985570760936795,0.01320558572605158,127.81334686279297
2021-04-30,127.81334686279297,129.85508461220547,127.43416593536529,128.12446244748273,109839500,-0.015133472473591425,128.5848602294922,122.90228652954102,127.90232278154198,52.16235108241376,0.013897363295759036,128.86341857910156
2021-05-03,128.86341857910156,130.35099100560777,128.17312183322954,128.37728825955,75135100,0.008215665594265786,128.90765151977538,122.95420486450195,127.99385571464289,54.77731559413607,0.01312806668958647,124.30350494384766
2021-05-04,124.30350494384766,127.84254003096058,123.18540387178189,127.55085891033158,137564700,-0.03538563298671804,128.98737678527831,122.99017837524414,127.64239373647192,43.62523107534254,0.015644043661032593,124.54657745361328
2021-05-05,124.54657745361328,126.83138075425876,124.4201788397563,125.6160551149203,84000900,0.001955475912569282,128.99709930419922,123.03373565673829,127.34755409048537,44.2764959214427,0.015364694129053886,126.14104461669922
2021-05-06,126.14104461669922,126.15076187798591,123.60343746485498,124.34235729926246,78128300,0.012802175665403537,128.9669589996338,123.11909927368164,127.23264842631527,48.48090983258395,0.015008340168902484,126.81307220458984
2021-05-07,126.81307220458984,127.83566778817108,126.10210583375782,127.43637521223602,78973300,0.005327588573035058,128.84207992553712,123.30268493652343,127.19268878615094,50.18686314970305,0.01429566202690417,123.54072570800781
2021-05-10,123.54072570800781,126.16054372317713,123.50176833952001,126.03394527871879,88071200,-0.025804488762031563,128.63914070129394,123.41557327270507,126.84488277870874,42.761630304202356,0.015120149721009809,122.62525177001953
2021-05-11,122.62525177001953,122.97585322059021,119.56716154628263,120.2781205077101,126142800,-0.00741030079548044,128.2353546142578,123.38317520141601,126.44301315883357,40.93686911587112,0.013883095673279035,119.56716918945312
2021-05-12,119.56716918945312,121.38838724678817,119.06073823482639,120.18073848547931,112172300,-0.024938440789518346,127.79533309936524,123.34153366088867,125.78817087603542,35.48892621735557,0.014361770595054174,121.70977783203125
2021-05-13,121.70977783203125,122.85899423262195,121.01830123774441,121.32995276517451,105861300,0.017919707032481247,127.3423698425293,123.40224670410156,125.39975249089217,41.375657779534436,0.01429875110340756,124.12509155273438
2021-05-14,124.12509155273438,124.55361524540388,122.56683371169913,122.95640002954782,81918000,0.01984486179932432,127.02670059204101,123.5487956237793,125.27835621106762,47.22229130617933,0.015222875949174838,122.97586059570312
2021-05-17,122.97586059570312,123.61864605940792,121.9045589198871,123.51151514879045,74244600,-0.009258651435056553,126.62051315307617,123.64727584838867,125.05907091436625,44.92641691493928,0.01519164867681574,121.59291076660156
2021-05-18,121.59291076660156,123.67708183593513,121.52473722434705,123.2582993819835,63342900,-0.011245701574296496,126.22927856445312,123.8164894104004,124.72896042410294,42.2635420868147,0.015142199584346138,121.43708038330078
2021-05-19,121.43708038330078,121.66107596519278,119.65481977612977,119.94699632595916,92612000,-0.0012815745779776178,125.81129341125488,123.89061096191406,124.41544803926463,41.9617326747581,0.015084513676229198,123.98873138427734
2021-05-20,123.98873138427734,124.38803886132331,121.83638680726905,121.96300011967811,76857100,0.02101212408040931,125.596728515625,124.03734939575196,124.37480835783728,48.4529283883089,0.015869553431405933,122.15779113769531
2021-05-21,122.15779113769531,124.66074485833978,121.94352929361253,124.48544038866837,79295400,-0.014766989113772055,125.1749153137207,124.10896728515625,124.16366386068091,44.59843369520142,0.015424232782824305,123.78419494628906
2021-05-24,123.78419494628906,124.60228476604034,122.65446106136119,122.72263459381065,63092900,0.013313958884214605,124.81497726440429,124.23119720458985,124.12752396407217,48.51635412315516,0.015811127023708235,123.58941650390625
2021-05-25,123.58941650390625,124.97237699199731,123.02454584189425,124.48541363170318,72009500,-0.0015735324082959412,124.46134338378906,124.29197387695312,124.07627563453255,48.07784788455968,0.015813079333421493,123.54072570800781
2021-05-26,123.54072570800781,124.06663903705564,123.12194328471185,123.64785661375969,56575900,-0.0003939722127977996,124.14465103149413,124.32105346679687,124.02527087962542,47.961148688663364,0.015800095037108015,122.01170349121094
2021-05-27,122.01170349121094,124.3101365812093,121.81692404847594,123.1414450640804,94625600,-0.012376665330676162,123.75636978149414,124.3353028869629,123.83350255691929,44.32282074765366,0.015950230481810913,121.35917663574219
2021-05-28,121.35917663574219,122.51813430989525,121.30074429262824,122.29413127736017,71311100,-0.005348067741024143,123.4336612701416,124.41875518798828,123.59785246918813,42.829594862892804,0.015705324715795926,121.03775787353516
2021-06-01,121.03775787353516,122.07984320712839,120.70663142657908,121.81689028927254,67637100,-0.002648491618987836,123.04237823486328,124.506279296875,123.35403393626879,42.07761408082706,0.015502873027423023,121.79742431640625
2021-06-02,121.79742431640625,121.97272876206887,120.81377861108228,121.03777419532105,59278900,0.006276276562102501,122.91707420349121,124.54288330078126,123.20578540104378,44.55537078835184,0.013607168843189948,120.31708526611328
2021-06-03,120.31708526611328,121.59290756486408,119.91777779316642,121.42734431379967,76229200,-0.012154108008452846,122.70559959411621,124.56640899658203,122.93067110247898,40.88508362707984,0.013813902061328636,122.60578155517578
2021-06-04,122.60578155517578,122.86874195718396,120.61900017592295,120.83326200560104,75169300,0.019022205233782286,122.52883644104004,124.683349609375,122.89972924083106,48.01507576311021,0.014220093698372583,122.61550903320312
2021-06-07,122.61550903320312,123.02455024570587,121.57342360305104,122.878461975424,71057600,7.933947244542772e-05,122.3189582824707,124.79076187133789,122.87266064962841,48.04375888848722,0.014139077092095179,123.43360137939453
2021-06-08,123.43360137939453,125.10873859219605,122.91742922255409,123.29725429760116,74403800,0.006672013619173356,122.31360206604003,124.90248001098632,122.92608357627282,50.516595283754704,0.013032995742220724,123.81343841552734
2021-06-09,123.81343841552734,124.41726657205889,123.21935146016743,123.89135316418162,56877900,0.0030772579904341235,122.37301139831543,125.0182943725586,123.01059356096371,51.66681999223473,0.01292813706548967,122.82005310058594
2021-06-10,122.82005310058594,124.84579201187799,122.65448983014099,123.70630923030153,71186400,-0.00802324309585467,122.53565559387206,125.14321487426758,122.99244685045154,48.49214257427639,0.011663573182246999,124.02769470214844
2021-06-11,124.02769470214844,124.11535064804697,122.81030467281765,123.2290871401218,53522400,0.009832609342494525,122.65155143737793,125.2485366821289,123.09104188394649,52.32713194131255,0.011191624327781933,127.07603454589844
2021-06-14,127.07603454589844,127.134466888619,123.75499846493855,124.48543247038134,96906500,0.024577896501830176,122.79909858703613,125.39829620361328,123.47056499460858,60.35175510400902,0.011651601924292357,126.25794219970703
2021-06-15,126.25794219970703,127.19290419262148,126.01446421684268,126.5501187512876,62746300,-0.006437817713739857,122.96320266723633,125.47530319213867,123.73602949033224,57.55189319958322,0.011534315237469223,126.75464630126953
2021-06-16,126.75464630126953,127.47534656209021,125.10874743356234,126.96890813933193,91815000,0.003934042428608953,123.22128944396972,125.55621612548828,124.0235168056596,58.801597273852714,0.011152864094302233,128.35182189941406
2021-06-17,128.35182189941406,129.09200433395995,126.26765136661298,126.41374704429569,96721700,0.012600529012154471,123.5670265197754,125.63621002197266,124.43573633839812,62.6131930687214,0.011358813829343527,127.05657196044922
2021-06-18,127.05657196044922,128.07916771937423,126.84231012163941,127.3000499717587,108953300,-0.010091402831662988,123.72041854858398,125.64246444702148,124.68533973097442,57.932259024627875,0.010857125578716816,128.8485565185547
2021-06-21,128.8485565185547,128.95568742961305,125.8391720998025,126.90073257983343,79663300,0.014103832099793268,124.05495681762696,125.63322250366211,125.08183656788682,62.14841007765955,0.01052569847223033,130.48472595214844
2021-06-22,130.48472595214844,130.58212309669915,128.18629303149916,128.68299766370282,74783600,0.01269839164521902,124.38998336791992,125.69092681884766,125.59639746162603,65.54396647182563,0.01049394876531696,130.2120361328125
2021-06-23,130.2120361328125,130.815871699919,129.75429628741554,130.2802171084206,60214200,-0.0020898217576510447,124.72111434936524,125.68114807128906,126.03598209697711,64.50536721901886,0.010505620830314788,129.92958068847656
2021-06-24,129.92958068847656,131.12748807728477,129.46209231078763,130.94244245203893,68711000,-0.0021691961259852066,125.04055709838867,125.7123876953125,126.40680101045325,63.38498200968108,0.010540273140487763,129.63742065429688
2021-06-25,129.63742065429688,130.39707078875628,129.3452440962624,129.97829578212327,70783700,-0.002248602917300113,125.42184295654297,125.68975524902343,126.71447907177169,62.181911386280866,0.01001419973640174,131.2638702392578
2021-06-28,131.2638702392578,131.72161011019884,129.87118308436172,129.929615432019,62111300,0.012546142747611233,125.91707763671874,125.7062631225586,127.14775442105608,66.04562536960687,0.010020639864436805,132.77340698242188
2021-06-29,132.77340698242188,132.9292364481491,130.84506564137368,131.28332301060522,64556100,0.011500017029915321,126.50386009216308,125.73973907470703,127.68353085547186,69.19164659199888,0.010027634487819966,133.38697814941406
2021-06-30,133.38697814941406,133.82523552499876,132.32540290188453,132.61757943917965,63261400,0.004621190198677461,127.08333778381348,125.81912658691407,128.22671631203778,70.39245640199927,0.010020640836988358,133.68893432617188
2021-07-01,133.68893432617188,133.74736668153665,132.21831736612697,133.0364149233969,52485800,0.002263760533052661,127.7519302368164,125.89696960449218,128.74692755147913,70.99168414692215,0.009239907206422872,136.30874633789062
2021-07-02,136.30874633789062,136.34769628382654,134.15639402212219,134.30247489528134,78852600,0.019596326539091047,128.43707847595215,126.0575439453125,129.46710076923262,75.60489336681368,0.009285485105459667,138.31500244140625
2021-07-06,138.31500244140625,139.4155130237445,136.415876793308,136.415876793308,108181800,0.014718469338294682,129.2220531463623,126.211962890625,130.3097580713444,78.43343479436876,0.009423917647280991,140.79844665527344
2021-07-07,140.79844665527344,141.11009072715532,138.9382714107099,139.79530375392193,104911600,0.017954988034788455,130.09029541015624,126.40827270507812,131.30868079362335,81.32062206025523,0.009791513167699327,139.50315856933594
2021-07-08,139.50315856933594,140.30175867225685,137.00019762598444,137.88646110200742,105575500,-0.00919959073915666,130.8747814178467,126.58509399414062,132.08910724845313,75.63335061906834,0.010393488210847825,141.3243865966797
2021-07-09,141.3243865966797,141.85029259632174,138.92855627210733,139.02595342720224,99890800,0.01305510245087782,131.79999809265138,126.81409027099609,132.96865766256994,77.9666304201163,0.009952318827637781,140.730224609375
2021-07-12,140.730224609375,142.50275083448236,140.2432688148789,142.39561996526476,76299700,-0.004204242463831442,132.6351245880127,127.03314819335938,133.7078545146466,75.4289649105435,0.01023940835905181,141.8405303955078
2021-07-13,141.8405303955078,143.61305721006948,139.88297280050324,140.27253162136344,100827100,0.007889604306499765,133.37334938049315,127.31369186401368,134.48239507472863,76.93945409121397,0.009317419090792544,145.2589569091797
2021-07-14,145.2589569091797,145.66801299296932,143.8273051980656,144.23636128185524,127050800,0.02410049161646488,134.3234001159668,127.64160263061524,135.50873429705732,80.84397602780658,0.009741738224943397,144.60646057128906
2021-07-15,144.60646057128906,146.08681108461445,143.2527233830004,145.3466432583112,106820300,-0.004491952522408527,135.21599082946778,128.04766174316407,136.37518441841272,78.12488233185468,0.010061845990699477,142.57093811035156
2021-07-16,142.57093811035156,145.85301589768642,142.0742484759921,144.58694253237246,93251400,-0.014076289903617534,135.92694664001465,128.40814895629882,136.96525619859736,70.19338473799131,0.01096062986546844,138.7337646484375
2021-07-19,138.7337646484375,140.31151223035158,137.9741144596603,139.99985324997218,121434600,-0.026914134905558718,136.51080627441405,128.6600033569336,137.1336855747726,58.19845993769052,0.012711537516461379,142.33721923828125
2021-07-20,142.33721923828125,143.26244743833868,139.23045273850917,139.717408691922,96350000,0.025973883134903675,137.18523941040038,128.9704862976074,137.6292602093925,64.35808986599119,0.013440590178835235,141.60679626464844
2021-07-21,141.60679626464844,142.31776271135624,140.85689473808662,141.7334095777614,74993500,-0.005131637231229336,137.7413429260254,129.33180770874023,138.00807316703592,62.35243674930952,0.013499605097237756,142.9702911376953
2021-07-22,142.9702911376953,144.33376205602218,142.00611286355945,142.13272618480354,77338200,0.009628738937774273,138.37925567626954,129.73870849609375,138.48066535471776,64.57197862483011,0.01346720876546398,144.68434143066406
2021-07-23,144.68434143066406,144.84017089255983,143.0871265980212,143.70069581628857,71447400,0.011988856421352168,139.11699371337892,130.24105194091797,139.07149164766503,67.19063789305187,0.01345531972170614,145.10313415527344
2021-07-26,145.10313415527344,145.92121655552194,143.8467795270844,144.4019164234274,72434100,0.0028945269437472554,139.89027938842773,130.70891906738282,139.6459337912468,67.81656638765062,0.013348590659166076,142.94105529785156
2021-07-27,142.94105529785156,145.3174027377309,141.7528815779119,145.22973937162135,104818600,-0.014900290541679517,140.47413864135743,131.08523834228515,139.95975488711392,61.313202953712384,0.014006220247446122,141.19776916503906
2021-07-28,141.19776916503906,143.13585955365372,138.82142131266863,141.03220589476328,118931200,-0.01219583925122103,140.89535675048828,131.44967651367188,140.07766100882108,56.60015681912477,0.014368298246065024,141.8405303955078
2021-07-29,141.8405303955078,142.72679380278865,140.80818614558353,140.91531705042755,56699500,0.0045522052810724745,141.31803436279296,131.85462890625,140.24555333136266,57.88557444173959,0.0143679419872686,142.0548095703125
2021-07-30,142.0548095703125,142.51254941417247,140.35046351445212,140.61342392407167,70440600,0.0015107048331475248,141.736328125,132.26698348999022,140.4178634493579,58.32868113503426,0.014371442392797676,141.72366333007812
2021-08-02,141.72366333007812,143.11635020883497,141.4607029570404,142.5417457565108,62880000,-0.002331116005406808,142.00707397460937,132.62168212890626,140.54222534275982,57.32488579811059,0.013877662382550431,143.51568603515625
2021-08-03,143.51568603515625,144.17793912255732,141.39254995347815,142.0061193250026,64786600,0.012644484788009391,142.26710815429686,133.04884002685546,140.825412075369,61.2147787759632,0.01378538863202979,143.11634826660156
2021-08-04,143.11634826660156,143.93443068193204,142.46382908813206,143.4280072023747,56368300,-0.002782537432576282,142.38300323486328,133.43548309326172,141.043596474534,59.90438111611521,0.013288133432974691,143.22348022460938
2021-08-05,143.22348022460938,143.9831303102646,142.35669923658142,143.1455654900914,46397700,0.0007485654805015063,142.56901931762695,133.82816436767578,141.25120445073168,60.15083145953214,0.013074638588883651,142.54074096679688
2021-08-06,142.54074096679688,143.48685218422662,142.0433070322341,142.74557545925379,54126800,-0.004766950619701449,142.6298370361328,134.20816467285155,141.3740174522617,57.71610574035064,0.012843620265278351,142.491943359375
2021-08-09,142.491943359375,143.08692025442784,141.9359896381178,142.59923476284288,48908700,-0.00034234147438061413,142.71792297363282,134.61776947021485,141.4804865862725,57.53684598625763,0.012798013911462241,142.01400756835938
2021-08-10,142.01400756835938,144.0720407420302,141.72139332469942,142.83331554422432,69023100,-0.0033541250104943687,142.7265968322754,135.03086608886719,141.531298108376,55.711739519077895,0.012712234746045981,142.2676544189453
2021-08-11,142.2676544189453,143.1064743087136,141.9457801130242,142.4529773420197,48493500,0.00178606924013347,142.57703170776367,135.45546401977538,141.60142728081118,56.50036778816109,0.01141104075696351,145.22305297851562
2021-08-12,145.22305297851562,145.37911598069522,142.24816711253547,142.58955306942994,72282600,0.020773510125269512,142.607861328125,135.92397659301758,141.9463440139259,64.4447289285215,0.012360561752832863,145.42782592773438
2021-08-13,145.42782592773438,145.7594485046543,144.61826619020815,145.30102293180235,59375000,0.001410058148612503,142.75070571899414,136.42619140625,142.2779137200029,64.92274250925318,0.01188963343162583,147.39810180664062
2021-08-16,147.39810180664062,147.4663849394875,142.86263134674047,144.88164213986906,103296000,0.013548135415881957,143.1839225769043,136.9220378112793,142.76555068063507,69.2117810300152,0.010201846152089753,146.49102783203125
2021-08-17,146.49102783203125,147.9443216421731,145.41811337630122,146.5300361381551,92229700,-0.006153905399672532,143.3916130065918,137.39954818725585,143.1203580283871,65.25580357952438,0.008847174401137432,142.7552947998047
2021-08-18,142.7552947998047,147.00791279558547,142.55046034897777,146.1105732952071,86326000,-0.02550144597599524,143.44903793334962,137.78598205566405,143.08559010185544,52.058547634652825,0.010638972935496344,143.0869140625
2021-08-19,143.0869140625,144.35489926234624,140.94110096897992,141.45804637705135,86960300,0.00232299098369948,143.45486907958986,138.17145156860352,143.0857161933454,52.96784919686087,0.010430906073246158,144.54026794433594
2021-08-20,144.54026794433594,144.84263065061194,143.16499090967656,143.8087395067066,60549600,0.010157140444031931,143.44766540527343,138.6058558654785,143.224244931535,56.832170851435656,0.010328495191936895,146.02284240722656
2021-08-23,146.02284240722656,146.49101645929602,144.24765951519495,144.65731367112883,60131800,0.010257172509612111,143.4936508178711,139.04575881958007,143.490778024458,60.40602901847285,0.010565546570602751,145.93505859375
2021-08-24,145.93505859375,147.14452444194586,145.47663286242496,145.76924724797075,48606400,-0.0006011649412477338,143.64335098266602,139.4229393005371,143.72356665010486,60.08881428556243,0.009943386839589946,144.70603942871094
2021-08-25,144.70603942871094,146.61777310120064,144.15983406027962,146.12032437546637,58991300,-0.008421685487243868,143.81876449584962,139.79190124511717,143.81713548616258,55.68019397077014,0.00971119538724728,143.90628051757812
2021-08-26,143.90628051757812,145.44736901605114,143.87702056810593,144.69634380228402,48597200,-0.005526783224046539,143.92205200195312,140.13493392944335,143.82562548915453,52.95736390197097,0.00979322885505382,144.94015502929688
2021-08-27,144.94015502929688,145.08645474475415,143.21374397198983,143.84772924961433,55802400,0.007184359904239601,144.06631927490236,140.466700592041,143.93177115964428,55.9558462255544,0.009897469969777625,149.3488311767578
2021-08-30,149.3488311767578,149.70972863585897,144.94991248756867,145.33030665463397,90956700,0.030417216999456098,144.44757766723632,140.91254577636718,144.44768163746463,65.92877369110636,0.011828716157405359,148.09059143066406
2021-08-31,148.09059143066406,149.03670255975587,147.56388271808643,148.90015120519527,86453100,-0.008424838254037614,144.67632293701172,141.29738647460937,144.79462542729314,61.63904175365348,0.011833719513353037,148.75384521484375
2021-09-01,148.75384521484375,151.1630130890743,148.58803390921838,149.06597111930256,80313700,0.004478703054476174,144.95819778442382,141.6627688598633,145.17169397848843,63.005490814218156,0.011802354323976359,149.86575317382812
2021-09-02,149.86575317382812,150.9094073223183,148.6465393833382,150.08033599159282,71115500,0.007474818263544458,145.29031143188476,142.0558432006836,145.61874723518744,65.2408481405906,0.011860521588332947,150.499755859375
2021-09-03,150.499755859375,150.82163009154993,149.31955034140017,149.9730471583683,57808700,0.004230470752123683,145.68826217651366,142.46724670410157,146.08360519939578,66.48439924181261,0.011747025748839804,152.8309326171875
2021-09-07,152.8309326171875,153.38688652354213,150.58757563240493,151.15329277694906,82278300,0.015489571690672443,146.2052116394043,142.93111694335937,146.72620781061403,70.64323233910818,0.012054547820429327,151.28982543945312
2021-09-08,151.28982543945312,153.1722846868866,150.1876512353804,153.11376479693286,74420200,-0.010083738621124327,146.66900253295898,143.33163604736328,147.16083806097964,64.90904321414872,0.012348546600387967,150.2754364013672
2021-09-09,150.2754364013672,152.26518694823613,150.15838174591684,151.66046161317462,57305700,-0.006704938915352954,147.06939163208008,143.68167663574218,147.4574664743499,61.377480716392874,0.012545585586394722,145.30104064941406
2021-09-10,145.30104064941406,151.65070144497142,145.03768627305047,151.1825274626448,140893200,-0.033101855306991945,147.073291015625,143.91995788574218,147.25209258626077,47.67809599140922,0.014166241325036069,145.86679077148438
2021-09-13,145.86679077148438,147.69073046346875,145.0864907020359,146.92019363279192,102404300,0.0038936412261174613,147.0952392578125,144.16351501464842,147.12015908009158,49.070391266707844,0.01418898886122063,144.47198486328125
2021-09-14,144.47198486328125,147.34934195867896,143.29179398463287,146.6470734676716,109296300,-0.00956218958973487,146.94893341064454,144.32677978515625,146.86795201182395,45.832270878801936,0.01398834506637604,145.35955810546875
2021-09-15,145.35955810546875,145.75946384011283,142.76506733146184,144.9011324843855,83281300,0.006143566470879769,146.8923599243164,144.4676708984375,146.72429544931393,48.175855904673114,0.014015904637298418,145.12542724609375
2021-09-16,145.12542724609375,145.30100174431934,143.59410269773988,144.78405636656498,68034100,-0.0016107015075342845,147.01086654663087,144.5542105102539,146.5720222871025,47.590926589612984,0.012711875181967428,142.46270751953125
2021-09-17,142.46270751953125,145.15474141357228,142.17009319848557,145.15474141357228,129868800,-0.018347713264934895,146.97965621948242,144.61340148925783,146.18065897590523,41.430070051722176,0.013411216055173808,139.4195556640625
2021-09-20,139.4195556640625,141.27275491051466,137.79068761664803,140.2583754550107,123478900,-0.021361041836520878,146.72362060546874,144.57530487060546,145.53674437477736,35.736193143598896,0.013978234774832602,139.89752197265625
2021-09-21,139.89752197265625,141.03871968285046,139.26353647409275,140.38520770477817,75834000,0.0034282587282477017,146.41735458374023,144.5586508178711,144.99967557457535,37.196140130227434,0.013752133423718154,142.2578582763672
2021-09-22,142.2578582763672,142.82356032742504,140.1608018149043,140.8923300236282,76404300,0.016871895015926563,146.2334945678711,144.56699737548828,144.73855011760315,43.96605380662774,0.01438929876056507,143.2137451171875
2021-09-23,143.2137451171875,143.457587900221,142.0530510886709,143.03817057425258,64838200,0.006719395697377228,146.15887985229492,144.52609313964842,144.59333059375405,46.48206972568233,0.014386361989732012,143.301513671875
2021-09-24,143.301513671875,143.8379707289355,141.97500844122595,142.0725514999574,53477900,0.000612850076755489,146.12864151000977,144.49999420166014,144.47030041071795,46.71863699080298,0.014337067586813022,141.78970336914062
2021-09-27,141.78970336914062,142.36518367517027,140.2778899497781,141.8872464401241,74150700,-0.010549855783073214,145.97111892700195,144.48436950683595,144.21500545437726,43.17815448434177,0.0144102370759821,138.41490173339844
2021-09-28,138.41490173339844,141.18495179250712,138.20031892345534,139.72189529724798,108972300,-0.02380145776140108,145.42442245483397,144.47799224853514,143.66261462380785,36.524085830784635,0.013241479310988869,139.31222534179688
2021-09-29,139.31222534179688,140.89232141352545,138.53192565691387,138.96109122774845,74602000,0.006482854065285482,144.98550415039062,144.41749237060546,143.2482918350449,39.20673687101786,0.013380974345789843,138.01502990722656
2021-09-30,138.01502990722656,140.82410382973063,137.80044704464729,140.12183534910463,89056700,-0.009311425694246811,144.44856338500978,144.34565704345704,142.74988593715744,36.78635977903972,0.01333243478392131,139.13668823242188
2021-10-01,139.13668823242188,139.40004260947205,135.68388091891475,138.40515987182454,94639600,0.008127073739355062,143.91211013793946,144.26898498535155,142.40577187003976,40.22271744515599,0.013361856265236685,135.71316528320312
2021-10-04,135.71316528320312,138.70756238856447,134.86459699477155,138.26863338683822,98322000,-0.024605465263769277,143.17278060913085,144.08956146240234,141.7683807665315,34.12511594643952,0.014010010042932224,137.6345977783203
2021-10-05,137.6345977783203,138.73677173382114,135.92769858570284,136.0545015739937,80861100,0.014158040534295813,142.4129638671875,143.94019073486328,141.37468714860663,39.65441060728199,0.013910006418085423,138.50271606445312
2021-10-06,138.50271606445312,138.6490157972431,134.9621137010957,136.03502801816884,83221100,0.006307413253250793,141.7736083984375,143.8514239501953,141.10116609297296,42.02223660583722,0.014084562840408559,139.76087951660156
2021-10-07,139.76087951660156,140.66798212657525,139.20492588330868,139.53654839320112,61732700,0.009084034507763405,141.2478805541992,143.82268615722657,140.97351975236614,45.36799252486622,0.014382631238320441,139.38052368164062
2021-10-08,139.38052368164062,140.62899749402928,139.04890108087716,140.48269778280476,58773200,-0.0027214756824405217,140.95185470581055,143.7734860229492,140.82180584086848,44.531356760817474,0.012586152709834732,139.292724609375
2021-10-11,139.292724609375,141.24346653207863,138.3173536480232,138.7660308387561,64452200,-0.0006299235355591293,140.62315139770507,143.71824432373046,140.6761790569167,44.3281440177197,0.012515071745934641,138.02474975585938
2021-10-12,138.02474975585938,139.72190071402855,137.56632417893402,139.70238912610083,73035900,-0.009102951048387209,140.300789642334,143.64426605224608,140.42366198062552,41.39055107073083,0.01250132147701734,137.43954467773438
2021-10-13,137.43954467773438,137.91746698955632,135.77165355544514,137.76141892529833,78762700,-0.004239856106677431,139.90478897094727,143.52274322509766,140.13946033273115,40.07071118730864,0.012351053982997214,140.21932983398438
2021-10-14,140.21932983398438,140.33638447460456,138.02474508035556,138.6099736345154,69907100,0.02022551197159439,139.65948410034179,143.46480285644532,140.14706695189813,48.47541429068267,0.01337720716671468,141.27273559570312
2021-10-15,141.27273559570312,141.33125547588753,139.97549034735292,140.22909633879294,67940300,0.007512557383963836,139.5999855041504,143.42578796386718,140.25427348940337,51.264718443452125,0.012918468473627305,142.9406280517578
2021-10-18,142.9406280517578,143.22347910319027,139.63412084083484,139.91697189226727,85589200,0.011806187860819106,139.77603912353516,143.4337857055664,140.51011678105618,55.38319736446881,0.01218599458333306,145.09620666503906
2021-10-19,145.09620666503906,145.49611240776287,142.94064476173952,143.38930715549284,76378900,0.015080237457056223,140.0359733581543,143.48587097167967,140.9468872461974,60.078665752133276,0.012564805597464012,145.58387756347656
2021-10-20,145.58387756347656,146.06181473584434,144.4719551618084,145.03767215675973,58418800,0.0033610175596341385,140.20227432250977,143.55726837158204,141.38850537165257,61.0766828439944,0.012071054631939465,145.79847717285156
2021-10-21,145.79847717285156,145.95454013073487,144.2281290062348,145.14498028007083,61421000,0.001474061640386104,140.33151092529297,143.62788482666016,141.80850268605246,61.53242013427247,0.01200219838104036,145.02792358398438
2021-10-22,145.02792358398438,146.48121692115393,144.97915205496275,146.00329463249273,58883400,-0.005285059239361289,140.41783142089844,143.62398223876954,142.11511420014122,58.867178756396385,0.012083447763900976,144.97914123535156
2021-10-25,144.97914123535156,145.69115788039105,143.98425867288518,145.0181495258691,50720600,-0.00033636521455515656,140.577303314209,143.61500854492186,142.38787867968506,58.69385037060132,0.011796800220116923,145.6424560546875
2021-10-26,145.6424560546875,147.12500978003416,145.34007843670338,145.65220441024096,60893400,0.004575243125900075,140.93868103027344,143.5798956298828,142.69783842968528,60.401191363661376,0.01023759977789183,145.18399047851562
2021-10-27,145.18399047851562,146.04230690415662,144.83285629616836,145.68142436893194,56094900,-0.0031478841307078786,141.23226928710938,143.5537548828125,142.93461481528817,58.59832928728395,0.010271697754869677,148.81236267089844
2021-10-28,148.81236267089844,149.39757634919977,146.0325493292803,146.1300923838208,100077900,0.024991544731784554,141.77213592529296,143.67489624023438,143.4944003253463,66.99468241429354,0.011094047430233367,146.11061096191406
2021-10-29,146.11061096191406,146.24716233667445,142.8041031388741,143.59415144162946,124953200,-0.01815542513063484,142.12083206176757,143.73537017822267,143.74356324311466,57.62356758166144,0.01207198732064927,145.29124450683594
2021-11-01,145.29124450683594,146.01300939156616,144.15981077896225,145.32050444092079,74588300,-0.005607850447574281,142.59973602294923,143.75038970947264,143.89096145870715,55.10607702377905,0.010466091970973791,146.32518005371094
2021-11-02,146.32518005371094,147.8370082711022,144.98891149464504,144.9986747309846,69122000,0.007116296308043113,143.03426513671874,143.75643646240235,144.12279180108845,57.622059022528255,0.010202653496349369,147.7589569091797
2021-11-03,147.7589569091797,148.22713081802038,146.13008913879244,146.686042864982,54511500,0.00979856546181912,143.49707717895507,143.79291442871093,144.4690932399543,60.89490870193145,0.010289635083321364,147.24203491210938
2021-11-04,147.24203491210938,148.6758168059769,146.92990900121129,147.84676026074618,60394600,-0.0034984139566445194,143.87113494873046,143.8436343383789,144.73318292301667,59.1220908243386,0.010301377302441062,147.7694549560547
2021-11-05,147.7694549560547,148.66810401133364,146.57776460119138,148.36530013348636,65463900,0.003581993717080456,144.29058151245118,143.92089782714845,145.0223516880679,60.38919722169597,0.010224177023256533,146.9490203857422
2021-11-08,146.9490203857422,148.0528033415094,146.6755190186912,147.89651258756408,55020900,-0.0055521255766727284,144.67339630126952,143.96107513427734,145.20584394498928,57.40814275735416,0.010373693211549065,147.31039428710938
2021-11-09,147.31039428710938,147.91600218212633,146.57779832196186,146.71454897260128,56787900,0.002459178703053455,145.13767852783204,143.92030639648436,145.4062773109055,58.38264456690506,0.00999481527456052,144.4874725341797
2021-11-10,144.4874725341797,146.64619541359409,144.41910465453822,146.53874739869644,65187100,-0.019163085989898243,145.4900749206543,143.84824401855468,145.31877209407446,48.95906455397696,0.01108549046463801,144.43862915039062
2021-11-11,144.43862915039062,145.96242651484354,144.25303577054234,145.5033467129879,41000000,-0.0003380458037807177,145.7010398864746,143.76193969726563,145.23494895658078,48.81225557371923,0.010285742944808343,146.50942993164062
2021-11-12,146.50942993164062,146.90990439693277,144.05766590459464,144.9856178095641,63804000,0.014336890300266303,145.96287460327147,143.69481323242186,145.35632809706266,54.97645221505582,0.010602832185816152,146.51914978027344
2021-11-15,146.51914978027344,148.35552789368978,145.96236985685306,146.8805589135612,59222800,6.634281928019625e-05,146.14180068969728,143.61520111083985,145.4670730192732,55.00384219963196,0.0103459347214359,147.49598693847656
2021-11-16,147.49598693847656,147.97462166575806,145.87450429964008,146.46058703081326,59256200,0.00666695895838898,146.26178970336915,143.5085021972656,145.66030291634019,57.783441860878405,0.009917806252778332,149.92822265625
2021-11-17,149.92822265625,151.40317727562876,147.48623592599793,147.49599850722544,88807000,0.016490182331455383,146.4790069580078,143.48127014160156,146.06677146299825,63.78262313382505,0.010508479413064774,154.20652770996094
2021-11-18,154.20652770996094,154.98796621369542,149.4983864355678,150.14307431900122,137827700,0.02853568846420651,146.89940948486327,143.55989196777344,146.84198634366138,71.46419446508051,0.012120373942323702,156.8243865966797
2021-11-19,156.8243865966797,157.28348128204507,152.89766786630707,153.9916731226482,117305600,0.016976316927663104,147.48923263549804,143.79035888671876,147.79269112966313,74.96338686597896,0.012351370826361235,157.2834930419922
2021-11-22,157.2834930419922,161.85488526610547,157.26395297389544,157.92816624213555,117467900,0.002927519471147333,148.10445022583008,144.0186929321289,148.6965770260754,75.53009801433265,0.012312704072547562,157.66444396972656
2021-11-23,157.66444396972656,158.04539332554327,155.36897034832776,157.38116514595987,96041900,0.002422065535082396,148.70554962158204,144.2825421142578,149.5506595921374,76.01523235998906,0.012318229885093672,158.18214416503906
2021-11-24,158.18214416503906,158.37750013405517,155.9355132595911,157.01975602804134,69463600,0.0032835570422706795,149.3554573059082,144.53899383544922,150.37270574193758,76.69152949123064,0.01220398271228021,153.17120361328125
2021-11-26,153.17120361328125,156.7267364003775,152.73164889573968,155.8671670363227,76959800,-0.03167829452690729,149.57339935302736,144.69990936279297,150.63922934873221,59.270735308303045,0.013655756647769786,156.52157592773438
2021-11-29,156.52157592773438,157.44952783966656,155.10521179906075,155.67175446958956,88748200,0.021873382433632793,150.09394760131835,144.98108673095703,151.19945283244672,64.99601314421318,0.013551194591208349,161.4641571044922
2021-11-30,161.4641571044922,161.67905311784355,156.20899716750552,156.27737994661885,174048100,0.03157763488811138,150.90259323120117,145.42197875976564,152.17704371549866,71.38616872814707,0.014730442814384518,160.94644165039062
2021-12-01,160.94644165039062,166.3481143018466,160.7120055934647,163.59354652559932,152052500,-0.0032063800622110783,151.63365631103517,145.8429571533203,153.01222447120267,69.9457873923322,0.01484730705081854,159.95986938476562
2021-12-02,159.95986938476562,160.38966136948252,154.13818224096923,155.05637149837315,136739200,-0.006129817195760334,152.24370193481445,146.19699737548828,153.67390493916105,67.16462429887821,0.014995933313865768,158.0844268798828
2021-12-03,158.0844268798828,161.1320360204304,156.01362719703414,160.21384675586103,118023100,-0.011724456340806655,152.78582153320312,146.4944110107422,154.0939546478012,62.108955068506006,0.01532399794698076,161.4836883544922
2021-12-06,161.4836883544922,163.98428011365826,160.46781363689186,160.47757621707362,107497000,0.021502823154062156,153.471533203125,146.85805450439454,154.79773881034322,66.96300365238707,0.015834019856118393,167.2077178955078
2021-12-07,167.2077178955078,167.5984447377344,164.43362438687151,165.15645786646198,120405400,0.03544648750188384,154.48446807861328,147.36641479492187,155.97964158035887,73.19102071194688,0.01706144509508685,171.01722717285156
2021-12-08,171.01722717285156,171.8768113251432,166.73886138447926,168.13568563195315,116998900,0.02278309473564133,155.6698097229004,148.01846130371095,157.4117925891677,76.38213090901236,0.017402658476820716,170.5092315673828
2021-12-09,170.5092315673828,172.64841373189637,169.88408373478205,170.8511155762567,108923700,-0.0029704352822613744,156.97089767456055,148.64240142822266,158.6591677299501,75.09841798370921,0.016440496324960748,175.28578186035156
2021-12-10,175.28578186035156,175.46161263264923,170.63624509261138,171.14418244016858,115402700,0.028013440967746828,158.51325531005858,149.38781646728515,160.24265478998834,78.71991823063742,0.016860520578985065,171.66184997558594
2021-12-13,171.66184997558594,177.90356547736783,171.45671659739713,176.916993613016,153237000,-0.020674420060223575,159.77087631225587,150.03831970214844,161.3301971886167,70.35938513696277,0.018140185251482713,170.28463745117188
2021-12-14,170.28463745117188,173.61551126067369,168.21383726682737,171.18328686899508,139380400,-0.008022822337111823,160.9591506958008,150.7297491455078,162.18300102314578,67.4285022194664,0.018417013150662513,175.1392822265625
2021-12-15,175.1392822265625,175.33463817394934,168.31148231582245,171.0465102933484,131063300,0.02850900027186931,162.34131546020507,151.47984283447266,163.4169325663283,71.87581396184042,0.018990901668584064,168.2626495361328
2021-12-16,168.2626495361328,176.93659123544322,166.78769490587976,175.11975249855263,150185800,-0.039263793953054904,163.2580368041992,152.07504150390625,163.8784294205954,59.48569592339698,0.0217008753873375,167.16864013671875
2021-12-17,167.16864013671875,169.44457351876034,165.75229083845704,165.98671202152144,195432700,-0.006501795867532301,163.9061424255371,152.6231967163086,164.19178282213096,57.77924256862151,0.02119498573590511,165.81085205078125
2021-12-20,165.81085205078125,166.62159320430635,163.57399939708904,164.37496306745004,107499100,-0.008122265544704077,164.3554656982422,153.1518032836914,164.3459798915262,55.64566311466711,0.021145233425381712,168.9757080078125
2021-12-21,168.9757080078125,169.1808265329912,165.1955026634982,167.57888393978646,91185900,0.01908714609380313,164.9400764465332,153.74546295166016,164.78690637879157,59.40820918532182,0.02144878775201232,171.56422424316406
2021-12-22,171.56422424316406,171.7791202742142,168.15520530032774,169.02455200604697,92135300,0.01531886604216437,165.63506546020508,154.41625244140624,165.4323652230175,62.23029947810921,0.02159820330352968,172.18936157226562
2021-12-23,172.18936157226562,172.74614168304623,171.2028043307869,171.76934702247985,68356600,0.00364375109006132,166.3354263305664,155.1112487792969,166.07588868485067,62.901114499586456,0.021597325197183943,176.1453857421875
2021-12-27,176.1453857421875,176.2332936859138,172.96104046356876,172.9805656257053,74919600,0.022974846609565835,167.48413543701173,155.82976989746095,167.03488840459704,66.90671229710534,0.02019443948307769,175.1295166015625
2021-12-28,175.1295166015625,177.12218615208815,174.38715798933583,175.9793381325386,79144300,-0.005767219710835159,168.41453247070314,156.50690551757813,167.8058053757366,64.96688947169362,0.020083311639620516,175.2174072265625
2021-12-29,175.2174072265625,176.43840038673264,174.0061766459811,175.16856451921535,62348900,0.0005018607183160384,169.10219497680663,157.15244110107423,168.51167221867243,65.06127142057316,0.019167158544992898,174.06484985351562
2021-12-30,174.06484985351562,176.37986392372042,173.95740181730605,175.30538356162475,59773000,-0.006577870265804031,169.75811538696288,157.73181396484375,169.04054627913368,62.67664333297863,0.019251015483655622,173.44943237304688
2021-12-31,173.44943237304688,175.0709001571645,173.14661351296067,173.9573548573712,64062300,-0.0035355643657329905,170.43259353637694,158.28912506103515,169.46044019283968,61.382931085692455,0.019187084015920234,177.78640747070312
2022-01-03,177.78640747070312,178.6362290402615,173.58620196027948,173.70341256103026,104487900,0.02500426227010344,171.41769256591797,158.9288836669922,170.2533894573981,66.61303883141271,0.019336683291886,175.52999877929688
2022-01-04,175.52999877929688,178.69481886787932,174.96345608354855,178.39201490568885,99310400,-0.012691682809205074,172.1200080871582,159.53892517089844,170.7559236785313,61.91473733792715,0.01941165079070465,170.8609161376953
2022-01-05,170.8609161376953,175.9890879826122,170.587414831676,175.4420853705736,94537600,-0.02659991268770101,172.30266799926758,160.0565606689453,170.76592296035645,53.50513298072335,0.019137742161974013,168.0086669921875
2022-01-06,168.0086669921875,171.23209207239668,167.65702034880644,168.6924202141222,96904000,-0.016693397237840024,172.15223999023436,160.5038848876953,170.50332715386418,49.116312059457954,0.018833914335938118,168.17471313476562
2022-01-07,168.17471313476562,170.09899955917385,167.06116796216358,168.8780063916408,86709100,0.0009883189096777656,172.0355140686035,160.9636993408203,170.2815543901405,49.37664513631447,0.01882980266162702,168.1942596435547
2022-01-10,168.1942596435547,168.4970635759533,164.26754129298973,165.15642793014217,106765600,0.00011622739486050193,171.68093795776366,161.35133728027344,170.0827644142752,49.409458080053,0.01759781220357359,171.01722717285156
2022-01-11,171.01722717285156,171.1148977053451,166.85608689005863,168.3212790198075,76138300,0.016783970720995134,171.64870681762696,161.84946960449219,170.17176086747295,54.04255624792706,0.017489215059002403,171.45675659179688
2022-01-12,171.45675659179688,173.06846173538992,170.7632407657719,172.0330618342014,74805200,0.002570088558979222,171.7073127746582,162.3727798461914,170.29414141264667,54.73759110229173,0.017394959601222136,168.1942596435547
2022-01-13,168.1942596435547,172.52145244084235,167.80353287215138,171.70094857794888,84505800,-0.019028103721858702,171.3600616455078,162.81016143798828,170.09415267273314,48.83395637101106,0.016593830055558534,169.05384826660156
2022-01-14,169.05384826660156,169.7473640846977,167.1197842307582,167.36398288031089,80440800,0.005110689418702741,171.39962158203124,163.23605926513673,169.99507606262537,50.353277607824175,0.014115070054218058,165.85972595214844
2022-01-18,165.85972595214844,168.53613361538314,165.47877665458643,167.53003637041928,90956700,-0.018894111830071614,171.33417587280275,163.6084130859375,169.6012331949609,45.00543846040232,0.014690959227106002,162.37255859375
2022-01-19,162.37255859375,167.11001826086033,162.08929472408371,166.0550783276264,94815000,-0.021024798747132256,171.16226119995116,163.9004751586914,168.9127879948456,40.00947375539486,0.015322690557678492,160.69248962402344
2022-01-20,160.69248962402344,165.74251639966073,160.3701455866801,163.10517370877471,91420500,-0.010347000652555005,170.74810028076172,164.17534454345704,168.12990243571966,37.830578514551306,0.014699186979263137,158.64120483398438
2022-01-21,158.64120483398438,162.4702376425932,158.5337568383858,160.604556493883,122848900,-0.012765281033597198,170.10194931030273,164.40196075439454,167.2262169498401,35.302652378989336,0.014251294512709962,157.86956787109375
2022-01-24,157.86956787109375,158.53379607319022,151.11014976934194,156.30670516297684,162294600,-0.004864038719941233,169.38595962524414,164.6696026611328,166.33510751376903,34.37218680948517,0.014143616127450138,156.072265625
2022-01-25,156.072265625,158.98310983768695,153.3763174519784,155.29082683573563,115798400,-0.01138472899071541,168.38230361938477,164.902275390625,165.35769400055293,32.24066518938953,0.012674833095163268,155.98434448242188
2022-01-26,155.98434448242188,160.57527648713483,154.15774320444362,159.70592982008216,108275300,-0.0005633361073220655,167.42504501342773,165.09177368164063,164.4649940464452,32.13568025869537,0.012732172996957511,155.52525329589844
2022-01-27,155.52525329589844,160.0380400395087,154.6070638933257,158.68029600296296,121954600,-0.002943187587490015,166.44043731689453,165.27189575195314,163.61359016544074,31.557823325695836,0.012667065153027514,166.37745666503906
2022-01-28,166.37745666503906,166.3969967339565,159.02219316405643,161.86466955096992,179935700,0.06977775723980661,166.0560676574707,165.64952514648436,163.87681554635486,53.04971745449846,0.02112462641034701,170.7241668701172
2022-01-31,170.7241668701172,170.93906288440527,165.576454917367,166.21138037947398,115541600,0.026125595932321444,165.91980438232423,166.0654440307617,164.52894424385602,58.650498603869984,0.02203629434358105,170.55810546875
2022-02-01,170.55810546875,170.78276405312576,168.31147491088436,169.97202274767105,86213900,-0.0009726883101062178,165.55838928222656,166.3924755859375,165.1031500747983,58.36404881930209,0.02119948751773169,171.7595672607422
2022-02-02,171.7595672607422,171.79864739328102,169.30781806090394,170.69486467196293,84914300,0.007044296069601552,165.36986770629883,166.69117919921874,165.73709456869773,59.89038850373508,0.021128216917954377,168.88778686523438
2022-02-03,168.88778686523438,172.15029228212393,168.12588824034546,170.43112418107953,89418100,-0.016719769625107794,165.27121124267578,166.9232650756836,166.03716050170124,54.726179816544565,0.020604160363538553,168.6042022705078
2022-02-04,168.6042022705078,170.27665611869838,166.9317484223172,167.9097877683782,82465400,-0.0016791302674411535,165.3009880065918,167.14206024169923,166.281640670159,54.228908273717416,0.020249121913939534,167.89019775390625
2022-02-07,167.89019775390625,170.12990075671365,167.19578341710826,169.0638417050099,77251200,-0.004234796683513342,165.28676223754883,167.33622131347656,166.43483658289682,52.92495514762595,0.020274346578464286,170.99057006835938
2022-02-08,170.99057006835938,171.49915455646115,167.6652283214683,167.9586430232075,74829200,0.018466666642430463,165.42657775878905,167.69260864257814,166.86871596246468,57.68314805125486,0.020685913279071547,172.40872192382812
2022-02-09,172.40872192382812,172.77059159545334,171.05902326407136,172.18377712176584,71285000,0.008293743069584414,165.49615249633788,168.0103515625,167.39633557783264,59.690186366893116,0.020430991480124738,168.340087890625
2022-02-10,168.340087890625,171.62629991772872,167.78261335475796,170.31573108381698,90865900,-0.02359877149951084,165.3403190612793,168.14787017822266,167.4862167504795,52.06119662350424,0.02112426589336638,164.93655395507812
2022-02-11,164.93655395507812,169.2790510191681,164.3497243806945,168.54552151303656,98670700,-0.020218202201238267,165.17743377685548,168.2276724243164,167.24339172234605,46.68574974006861,0.02118018398001255,165.17124938964844
2022-02-14,165.17124938964844,165.85587378073802,162.90219149496014,163.69440078491326,86185500,0.0014229437255870447,164.98330383300782,168.33190002441407,167.0460448335177,47.09143168372586,0.021142316608858753,168.99539184570312
2022-02-15,168.99539184570312,169.15188170406051,166.51117876998032,167.21536820889426,62527400,0.02315259144788162,165.14008712768555,168.55011932373046,167.2316969299163,53.323785529540835,0.021353950056049693,168.76068115234375
2022-02-16,168.76068115234375,169.53332561896576,166.3155829464961,168.07605663944543,61177400,-0.0013888585410285481,165.45949325561523,168.6956591796875,167.37731447490938,52.911818671074336,0.020722910250047785,165.17124938964844
2022-02-17,165.17124938964844,168.13470669398032,164.77024977354867,167.274027503072,69589300,-0.02126936048246364,165.68343124389648,168.65492980957032,167.16721303821785,46.93932552392819,0.0212072913958926,163.62594604492188
2022-02-18,163.62594604492188,166.7947832093295,162.54032203615824,166.09060878011084,82772700,-0.009355764701404534,165.93266830444335,168.50710418701172,166.82994951504682,44.60501112298917,0.021099301325118766,160.71141052246094
2022-02-22,160.71141052246094,163.02935867994262,158.58905229899906,161.35690506054718,91162800,-0.017812184393181663,166.07476043701172,168.3111477661133,166.24723151575293,40.51282546385969,0.021507768993948535,156.5547332763672
2022-02-23,156.5547332763672,162.50119815168253,156.241753586249,161.90459367562613,90009200,-0.025864232244497742,166.09888381958007,167.9365267944336,165.32413644533523,35.50930698373374,0.022183473893072875,159.16607666015625
2022-02-24,159.16607666015625,159.27366155009665,148.66193213542687,149.2291965620497,141147500,0.01668006663956456,166.2579704284668,167.686611328125,164.73765456103246,40.48244403057067,0.022477884028197403,161.22979736328125
2022-02-25,161.22979736328125,161.4938572501659,157.3371898954576,160.24196804076124,91974200,0.01296583258461137,166.54319763183594,167.5055145263672,164.4035729231514,44.14803071667663,0.022603005867526938,161.49386596679688
2022-02-28,161.49386596679688,161.7872807806468,158.86293751131512,159.4791071280302,95056600,0.0016378399516352449,166.29901809692382,167.23260620117188,164.12645797492715,44.61805161377962,0.01603734849000861,159.61598205566406
2022-03-01,159.61598205566406,162.94132403155473,158.41299811175085,161.08304074169718,83474400,-0.011628205813828951,165.74360885620118,167.0596728515625,163.69688883975923,41.91657553010907,0.01480571748944643,162.90219116210938
2022-03-02,162.90219116210938,163.6846254319098,159.37146939131958,160.7798480922219,79724800,0.020588220954586456,165.36081314086914,166.9743438720703,163.6212033466497,47.86535763020921,0.015736272661823498,162.57945251464844
2022-03-03,162.57945251464844,165.20060533866413,161.91439302006907,164.77026570160976,76678400,-0.001981180517945047,164.90180740356445,166.90971588134767,163.5219889816972,47.35242709343209,0.0155866492157394,159.58663940429688
2022-03-04,159.58663940429688,161.91437725608384,158.54014531943216,160.87765818976635,83737200,-0.018408310915439374,164.43675003051757,166.72193450927733,163.14719378384956,42.77481780420968,0.015671344399935568,155.80165100097656
2022-03-07,155.80165100097656,161.39603654297554,155.5473512521712,159.7724878532729,96418800,-0.023717451645381304,163.796622467041,166.4066830444336,162.4476182807188,37.798170165923075,0.016354827225916732,153.9824981689453
2022-03-08,153.9824981689453,159.30303394754864,152.3785144348394,155.33219707675556,131148300,-0.011676081866551224,163.10123748779296,166.04254577636718,161.6414163653118,35.65126441962738,0.016449286659067558,159.37147521972656
2022-03-09,159.37147521972656,159.8213797915154,155.90922322313332,157.9337564869507,91454900,0.03499733485859302,162.52028274536133,165.70706756591798,161.4252314943037,45.5226863842051,0.01799051431559673,155.03880310058594
2022-03-10,155.03880310058594,156.86773192318665,152.5545747757299,156.68190205750494,105342000,-0.02718599494148588,161.65178680419922,165.30525329589844,160.8170002187115,40.18516499344216,0.018522407575976518,151.33200073242188
2022-03-11,151.33200073242188,155.78208206231224,151.10705589580672,155.4397623739769,96970100,-0.023908868580204135,160.80138244628907,164.82754516601562,159.91366693430297,36.26725282010597,0.018538801114937317,147.3122100830078
2022-03-14,147.3122100830078,150.73534613403064,146.80364061476897,148.12398413737876,108732100,-0.02656272718234698,159.92016525268554,164.29249237060546,158.71352818656055,32.559924744222286,0.018861707832635,151.68408203125
2022-03-15,151.68408203125,152.1535515492418,147.0775261791108,147.58609577139651,92964300,0.029677593906022537,159.2458068847656,163.85718536376953,158.04405712415002,39.77100987107493,0.020400205059453166,156.08526611328125
2022-03-16,156.08526611328125,156.48626575095446,151.06793536575267,153.60105321090987,102300200,0.029015464398726598,158.60030059814454,163.4231625366211,157.85750559930537,46.027643703692085,0.020848904147675977,157.09266662597656
2022-03-17,157.09266662597656,157.46432633327734,154.16833868809496,155.1268130175759,75615400,0.00645416789028741,158.01689987182618,163.05441589355468,157.78466379232168,47.37518794551882,0.020969260815341388,160.3788299560547
2022-03-18,160.3788299560547,160.86784945274542,156.25150421008976,156.98503345512586,123511700,0.02091862975311365,157.77727890014648,162.84477416992186,158.03172723648672,51.61865875205507,0.021194403998760394,161.74807739257812
2022-03-21,161.74807739257812,162.69677631557283,159.43011506099936,159.91913450898883,95811400,0.008537582154070078,157.6833854675293,162.7195623779297,158.38566534659066,53.30812473738002,0.021212253125852187,165.112548828125
2022-03-22,165.112548828125,165.69936326568208,161.28841281006214,161.8752272476192,81532000,0.020800688884733853,157.9034423828125,162.65831909179687,159.0263209162606,57.25768863589582,0.021297593449851913,166.47206115722656
2022-03-23,166.47206115722656,168.8486892835288,163.9682682338466,164.3008129085659,98062700,0.00823385223443407,158.39930877685546,162.6238751220703,159.73543903444784,58.77515086930392,0.020328876843481947,170.24728393554688
2022-03-24,170.24728393554688,170.31573891650316,166.4720521767643,167.30337650948087,90131400,0.02267781603757979,158.953369140625,162.6084762573242,160.73656712026678,62.731922581011695,0.020579771831143276,170.8830108642578
2022-03-25,170.8830108642578,171.43071043053845,168.95627243907444,170.06146151483682,80546200,0.003734138448585167,159.43602981567383,162.59700134277344,161.70289509588497,63.36950655877781,0.020461170732532202,171.7436981201172
2022-03-28,171.7436981201172,171.87083307439428,168.22275085370143,168.38901573521346,90371900,0.005036704652536139,159.94852142333986,162.6679901123047,162.65916205057374,64.26096815179956,0.020462412828489162,175.02989196777344
2022-03-29,175.02989196777344,175.0787819860724,172.46741925958432,172.8097389298353,100589400,0.019134290711254387,160.7192169189453,162.78751098632813,163.83732680459278,67.51195991832334,0.02043896360921219,173.86602783203125
2022-03-30,173.86602783203125,175.66561632731086,172.81951875433577,174.6288971925018,92633200,-0.006649516392071342,161.2674087524414,162.94763702392578,164.79244118815836,65.24817457905374,0.02023935557519137,170.77542114257812
2022-03-31,170.77542114257812,174.1203133341303,170.5700263491638,173.93448350287292,103049300,-0.01777579397189022,161.67720718383788,163.11569427490235,165.362248802865,59.53889350627815,0.02076404314200422,170.48199462890625
2022-04-01,170.48199462890625,171.0394840841696,168.16404671715162,170.20814487239906,78751300,-0.0017182010836729322,162.22197494506835,163.311484375,165.84984364344035,59.01095179680709,0.020200193266810097,174.52130126953125
2022-04-04,174.52130126953125,174.5702062097959,170.60914482743888,170.7362946873885,76468400,0.023693450146553552,163.1579574584961,163.62908630371095,166.67569675068708,63.77315459723698,0.01961121108325556,171.2155303955078
2022-04-05,171.2155303955078,174.38438259894033,170.58958593943765,173.60194829792937,73401800,-0.018941933448673898,164.0196090698242,163.8960055541992,167.10806185971762,57.84949327622208,0.020016499660541878,168.05645751953125
2022-04-06,168.05645751953125,169.81693085468368,166.39379406221198,168.57481703992445,89058800,-0.01845085471323249,164.45385818481446,164.13568939208983,167.19838525589034,52.802015671170075,0.019431609760462425,168.3596649169922
2022-04-07,168.3596649169922,169.55287391806212,166.11996174699982,167.401190693142,77594700,0.0018041996239608338,165.11990127563476,164.38319580078124,167.30898331885243,53.22387139669897,0.01811060047993731,166.35467529296875
2022-04-08,166.35467529296875,168.00756384278074,165.48422104719532,168.00756384278074,76575500,-0.011908966586575032,165.87103500366212,164.59978424072267,167.21809684019684,50.03890183503668,0.01730838064572925,162.10997009277344
2022-04-11,162.10997009277344,165.31793693449984,161.8654603339608,165.00497220353915,72246700,-0.02551599582470354,166.61092300415038,164.51443450927735,166.73160857853748,44.03155221540187,0.017209584053858445,163.97805786132812
2022-04-12,163.97805786132812,166.13951616252308,162.98045368647982,164.3301525745867,79265200,0.011523583450700814,167.2256217956543,164.37951232910157,166.46936565308894,47.04469057855718,0.016290237647703234,166.6578369140625
2022-04-13,166.6578369140625,167.2837812669122,163.10756555004033,163.71394494457553,70618900,0.01634230266954728,167.75425033569337,164.30150695800782,166.48731529699117,51.11076608329408,0.015494240210581588,161.6600799560547
2022-04-14,161.6600799560547,167.5087646523774,161.41557017548345,166.8730302686766,75329400,-0.029988130474685848,167.98262100219728,164.09951721191408,166.0275785978544,44.28183995500581,0.017168117336853757,161.44493103027344
2022-04-18,161.44493103027344,162.94132974863555,159.977872292766,160.32017704396847,69023900,-0.0013308723207345885,168.0359260559082,163.95066009521486,165.5911359723705,44.00923572920573,0.016558715034527646,163.72369384765625
2022-04-19,163.72369384765625,164.13448328828676,160.31034788888962,161.39597158498302,67723800,0.014114799410800405,168.13470687866212,163.85304992675782,165.41328434144535,47.68286640632081,0.016747756155729973,163.55743408203125
2022-04-20,163.55743408203125,165.1712071523127,162.4522603203473,165.05383234121763,67929800,-0.0010154899496691572,168.05695114135742,163.7663946533203,165.23653669769163,47.438308887888624,0.01606917048495744,162.7652587890625
2022-04-21,162.7652587890625,167.7630389892028,162.26646424033356,165.200581424204,87227800,-0.004843407439196201,167.87161102294922,163.60188842773437,165.00117689686982,46.22188448332287,0.015967241480206913,158.23690795898438
2022-04-22,158.23690795898438,164.18338629543857,157.9532832428045,162.8043627806477,84882400,-0.027821359814545477,167.2710922241211,163.3184521484375,164.3569608075474,39.92025719690613,0.016017996406114794,159.30300903320312
2022-04-25,159.30300903320312,159.58663379803306,154.9800781201004,157.58165071304833,96046400,0.006737373018531834,166.69209213256835,163.13771057128906,163.87563206713367,41.92758343812748,0.016103516038621233,153.35655212402344
2022-04-26,153.35655212402344,158.7748828167284,153.2783071958642,158.6868628689345,95623200,-0.03732796351599532,165.77273483276366,162.90611053466796,162.8738149296946,34.91945661109078,0.017650312833506245,153.13157653808594
2022-04-27,153.13157653808594,156.28084845296394,151.96770771639416,152.48606720314393,88063200,-0.0014670099374402001,164.6778190612793,162.66531707763673,161.94598270192233,34.6832545067529,0.016713467774083432,160.0463104248047
2022-04-28,160.0463104248047,160.906989569117,155.43973990755873,155.75271956865106,130216800,0.04515550641509236,163.98683319091796,162.48633544921876,161.76506153267303,46.631992471189626,0.02031895334112045,154.1878662109375
2022-04-29,154.1878662109375,162.55010393809633,153.79665651995063,158.28585264208988,131747600,-0.03660468147198992,163.15745544433594,162.19487915039062,161.04342388298394,39.96185676376185,0.021401286403518027,154.49107360839844
2022-05-02,154.49107360839844,154.7551334388098,149.9040675207667,153.2685246478865,123055300,0.001966480274434357,162.35790939331054,161.98127563476564,160.41939052349963,40.43672318096352,0.021445734722012263,155.97767639160156
2022-05-03,155.97767639160156,157.18067526746918,152.88708408047324,154.67688255687574,88966500,0.009622580440934447,161.43072814941405,161.82831024169923,159.99637012998554,42.82450145792493,0.02068267816717239,162.37403869628906
2022-05-04,162.37403869628906,162.82392827829534,155.7624855158091,156.163485086847,108256500,0.041008190740248196,160.98865356445313,161.8615628051758,160.2228147553478,51.78131570826569,0.022847348084334453,153.32720947265625
2022-05-05,153.32720947265625,160.47667363266967,151.5471709663278,160.25172879543595,130525300,-0.05571598327091176,160.25219116210937,161.79701232910156,159.5660904427105,41.805933338784556,0.025581197534166347,154.05198669433594
2022-05-06,154.05198669433594,156.16765847712838,151.01560506464577,152.80804796848787,116124600,0.004726996755321178,159.53680725097655,161.69473052978515,159.04093770477007,42.757346284678235,0.02562599326707174,148.93914794921875
2022-05-09,148.93914794921875,152.63177739233632,148.38085428930862,151.75023984870148,131577900,-0.033189047767763546,158.66603088378906,161.4489175415039,158.07886248995567,38.03346973300875,0.02639673211032162,151.33883666992188
2022-05-10,151.33883666992188,153.52307898712107,149.7912627423493,152.32811702969943,115366700,0.01611187356544641,158.1274742126465,161.2458169555664,157.43695526900007,41.31082340998142,0.02635007355519659,143.49325561523438
2022-05-11,143.49325561523438,152.25956414663153,142.81741468212965,150.3495886480442,142689800,-0.05184116137881467,157.1032341003418,160.92336242675782,156.10898387340333,34.825666915284444,0.02824082021552435,139.63412475585938
2022-05-12,139.63412475585938,143.19941752795359,135.95129962230052,139.8398213340432,182602000,-0.026894161978754938,155.75204849243164,160.45800109863282,154.53994967173247,32.15196376355691,0.028073289502185263,144.0907440185547
2022-05-13,144.0907440185547,145.0604308345469,140.17283922837782,141.62245981596948,113990900,0.03191640489377079,154.87358169555665,160.08822692871092,153.5447872285727,38.06549789494851,0.028969607357513836,142.55294799804688
2022-05-16,142.55294799804688,144.49232147743598,141.22085987637433,142.56275232444813,86643800,-0.010672413630606226,153.92898254394532,159.74755310058595,152.49794539709404,36.87130037963335,0.028976964584665373,146.1770477294922
2022-05-17,146.1770477294922,146.69616897048812,143.6695758585412,145.80484195458106,78336300,0.025422832584949262,153.0516502380371,159.55506103515626,151.89595514303673,41.52701155260048,0.029491777832805804,137.9298553466797
2022-05-18,137.9298553466797,144.33562356857507,137.02872402723415,143.83609605190958,109742900,-0.05641920199451789,151.77027130126953,159.23400817871095,150.56585040052653,35.17038153192571,0.03160108136356425,134.53106689453125
2022-05-19,134.53106689453125,138.75260707730666,133.7964597180681,137.00914057415054,136095600,-0.024641426931143795,150.35856170654296,158.73720001220704,149.0387281618603,32.93304730871918,0.03180620573338395,134.76612854003906
2022-05-20,134.76612854003906,137.81230015984903,129.8883411847853,136.23534285932448,137426100,0.0017472666420768057,149.1850227355957,158.3317465209961,147.67943295978208,33.249312830063616,0.03157146147620454,140.17282104492188
2022-05-23,140.17282104492188,140.31973647724712,134.82487512400195,134.9620011760451,117726300,0.04011907564204065,148.22851333618163,158.10856292724608,146.9645175393192,40.23090587475146,0.03320489551526075,137.47927856445312
2022-05-24,137.47927856445312,139.05623582746938,134.51146690573626,137.92003986063096,104132700,-0.01921586838582312,147.4346496582031,157.911904296875,146.0611614464748,38.09331587357283,0.03254153195435152,137.63595581054688
2022-05-25,137.63595581054688,138.8798794260536,135.5006906054065,135.58883984827878,92482700,0.0011396426263634574,146.65986862182618,157.63094177246094,145.25876090971977,38.298680591098226,0.03256140112116231,140.82908630371094
2022-05-26,140.82908630371094,141.37759058232152,134.3253649583187,134.57023400738558,90601500,0.023199827940014073,145.6990074157715,157.32581817626954,144.83688713771892,42.48619047674818,0.031126585943017343,146.56883239746094
2022-05-27,146.56883239746094,146.6080048732437,142.27872143657157,142.4060581377044,90978500,0.040756822645086954,145.31805572509765,157.1153414916992,145.0018343053134,49.16480782660725,0.03190851253612125,145.7852325439453
2022-05-31,145.7852325439453,147.56788638378129,143.82628016379354,146.01052282850958,103718400,-0.005346292528214169,144.882763671875,156.82346954345704,145.0764436613736,48.33952435431839,0.031902052923433906,145.65792846679688
2022-06-01,145.65792846679688,148.625740486996,144.64905411869742,146.8234927200187,74286600,-0.0008732302643209566,144.36677627563478,156.50166656494142,145.131823166652,48.197974235859334,0.03177982390421368,148.10659790039062
2022-06-02,148.10659790039062,148.16536407915592,143.8458705924634,144.79596367082308,72348100,0.016811096102825163,143.65340423583984,156.1615475463867,145.41513504605567,51.160432265854865,0.030451785369076962,142.3961944580078
2022-06-03,142.3961944580078,144.93303315513873,141.49507852895178,143.88498689091028,88570300,-0.038556036823041206,143.10685348510742,155.68003021240236,145.12761689481303,44.735363902254086,0.029135499676856455,143.140625
2022-06-06,143.140625,145.52075950090375,141.92606935448035,144.01235806018857,71598400,0.005227882281725771,142.56128540039063,155.13789703369142,144.9383795714975,45.692872004101616,0.02914296327927881,145.65792846679688
2022-06-07,145.65792846679688,145.94197002029273,141.14254208512267,141.3874111623379,67808200,0.017586226599170418,142.39722442626953,154.63339538574218,145.0069080377165,48.91598995462476,0.028605138466231486,144.9232940673828
2022-06-08,144.9232940673828,146.79408210793065,144.4335560047601,145.5305644824367,53950200,-0.005043559297779776,142.0764472961426,154.0969873046875,144.99894480244663,48.02028603356067,0.028339840353604484,139.7124786376953
2022-06-09,139.7124786376953,144.91349464755012,139.60473566244548,144.06135517233236,69473000,-0.03595567892118645,141.8874084472656,153.39063903808594,144.49547183437505,42.12776476903203,0.0270564580379899,134.3155517578125
2022-06-10,134.3155517578125,137.8710395567264,134.24698126233585,137.40089525066517,91437900,-0.03862881062956591,141.6214797973633,152.59962951660157,143.5259556366072,37.055985844891616,0.027765829074149487,129.17332458496094
2022-06-13,129.17332458496094,132.4251777606438,128.7423526705115,130.14299644685158,122207100,-0.03828467445172423,140.8756088256836,151.7675875854492,142.15903839359325,32.98167621878008,0.027746904851507423,130.03526306152344
2022-06-14,130.03526306152344,131.14207601932122,128.7815346427886,130.3976794412042,84784300,0.006672728129681227,140.2497245788574,150.95865295410155,141.00439312387232,34.28593474702926,0.027833885709183864,132.6504669189453
2022-06-15,132.6504669189453,134.5212702217429,129.4475902081577,131.53386454500733,91533000,0.02011149741885432,139.5733955383301,150.12123626708984,140.20878110435547,38.21481199390334,0.027560226311288637,127.39066314697266
2022-06-16,127.39066314697266,129.6728443246095,126.39159330904647,129.36920911544067,108123900,-0.039651603904165666,139.04643592834472,149.24473892211915,138.9880079655571,33.83348616309691,0.026114168966895918,128.85987854003906
2022-06-17,128.85987854003906,130.34868645706888,127.14579529566508,127.40046865716874,134520300,0.011533148166214868,138.76287651062012,148.4608073425293,138.02342421074587,36.0393922420665,0.025834363030064183,133.08143615722656
2022-06-21,133.08143615722656,134.24701531100777,130.58378362269173,130.68172228241795,81000500,0.03276083809031216,138.6786418914795,147.75524276733398,137.55275868183926,42.020669009272574,0.026966515160769956,132.5720672607422
2022-06-22,132.5720672607422,134.93259278933536,131.16161959240785,132.02354820979977,73409200,-0.003827497742679875,138.2986042022705,147.07959060668946,137.07840711792525,41.51618989473647,0.025236187208608814,135.4321746826172
2022-06-23,135.4321746826172,135.74559928638683,132.84635818263115,134.0119372202921,72433800,0.021573982219419863,138.1962490081787,146.54603469848632,136.92162307646734,45.47453973832744,0.02545965311504245,138.75259399414062
2022-06-24,138.75259399414062,138.99746302987265,136.90138468183136,137.0287064173905,89116800,0.02451721180217903,138.2520809173584,146.04152542114258,137.09600125910288,49.7285198810124,0.026065415345305095,138.75259399414062
2022-06-27,138.75259399414062,140.5450371291734,138.0767530642211,139.7712426067131,70207900,0.0,138.14825630187988,145.48342056274413,137.25377199577315,49.7285198810124,0.025523366375266324,134.61923217773438
2022-06-28,134.61923217773438,140.47649657650823,134.50169979812208,139.2129786588069,67083400,-0.02978943814614954,137.55077629089357,144.94260360717774,137.00286344167424,44.69434233658089,0.024380830871141592,136.3724365234375
2022-06-29,136.3724365234375,137.78288432606877,133.86498040570075,134.63877479951915,66242400,0.013023431476628877,137.08013648986815,144.441153717041,136.94282278279454,47.13875315073678,0.02467008282944754,133.9139862060547
2022-06-30,133.9139862060547,135.53011594509118,131.0245344279122,134.43310739232075,98964500,-0.018027472266804345,136.49293937683106,143.84495956420898,136.65436215643837,44.189339241959495,0.024888039474498948,136.07859802246094
2022-07-01,136.07859802246094,136.18634098386156,132.87572215700436,133.2479128863371,71051600,0.016164195225101707,135.89153938293458,143.2953828430176,136.59952747701195,47.31504109875309,0.02486011455605258,138.65464782714844
2022-07-05,138.65464782714844,138.70362462604172,134.11966825992553,134.94243962271915,73353800,0.01893060218229392,135.7044620513916,142.81317062377929,136.795253224644,50.84338773564569,0.023952643000392102,139.98672485351562
2022-07-06,139.98672485351562,141.16209320483665,138.18449238511542,138.44895512148898,74064300,0.009607157403247024,135.5467670440674,142.44816696166993,137.09920290358414,52.61074459934855,0.0240329862978544,143.3463592529297
2022-07-07,143.3463592529297,143.5422515193908,140.3393599057939,140.3491492881493,66253700,0.023999664274806376,135.43118858337402,142.12903396606444,137.6941701749504,56.82677878403459,0.024332655450785806,144.02215576171875
2022-07-08,144.02215576171875,144.52169812610057,142.02403114104803,142.2786895406023,64547800,0.004714430923192348,135.38613166809083,141.94234603881836,138.29683546892832,57.64309249504339,0.024334917967984343,141.8966827392578
2022-07-11,141.8966827392578,143.6303594367227,140.82905749070648,142.68026652507825,63141600,-0.014757958671146931,135.49534187316894,141.71764816284178,138.63967806610256,54.17368469784443,0.02311899987963728,142.86639404296875
2022-07-12,142.86639404296875,145.40323372369386,142.07302074051665,142.76844044820817,77588800,0.006833925113618244,135.92288398742676,141.37404983520508,139.04222244485172,55.489933136601174,0.021166766234180567,142.5039825439453
2022-07-13,142.5039825439453,143.44427122627144,139.2031379384123,140.0552923046931,71185600,-0.0025367162197320603,136.58941688537598,141.14037216186523,139.3719138828606,54.85578667716212,0.018852783918251983,145.42283630371094
2022-07-14,145.42283630371094,145.89298070687983,140.30996921418316,141.1229362743088,78140700,0.020482611837641107,137.35879554748536,140.95900741577148,139.94819220865588,58.92702548036832,0.01916403101436802,147.08792114257812
2022-07-15,147.08792114257812,147.7637620290884,145.15835206929646,146.70592606919652,76259900,0.011449954361980152,138.080668258667,140.781212310791,140.62816639283895,61.083136090096076,0.01891949811144192,144.05157470703125
2022-07-18,144.05157470703125,148.4592176926782,143.68915834296686,147.64625063740658,81420900,-0.020643071245827316,138.91371383666993,140.41476303100586,140.9542052799049,55.37459558803344,0.016910646077021335,147.90087890625
2022-07-19,147.90087890625,148.1261542059037,143.89482557447934,144.88409097349603,82982400,0.02672170857588596,139.86576385498046,140.30623641967773,141.61579324431872,60.424114435166246,0.017489156218261467,149.89901733398438
2022-07-20,149.89901733398438,150.56506886066487,147.2838179131366,148.01842499581136,64823400,0.013509983459942365,140.70664291381837,140.22317703247072,142.40467172904877,62.77856189465929,0.01650211447127341,152.16163635253906
2022-07-21,152.16163635253906,152.37712231601844,148.82161886422966,151.3290755894941,65086600,0.015094288533682887,141.6861213684082,140.2876268005371,143.33390645509547,65.29626829269742,0.016445471329797654,150.927490234375
2022-07-22,150.927490234375,153.0725455912705,150.26145356507448,152.20081233549695,66675400,-0.00811075740079914,142.46088714599608,140.27939987182617,144.05710491026497,62.800994045352475,0.016404540375260106,149.8108673095703
2022-07-25,149.8108673095703,151.85796878260385,149.15462011252404,150.84910958984113,53623900,-0.0073984065001723165,143.01380081176757,140.40575210571288,144.60508228162738,60.54652745252984,0.01601090447441884,148.4886016845703
2022-07-26,148.4886016845703,149.94801169458665,147.70501771546552,149.13504463438227,55138700,-0.008826233027992902,143.50060119628907,140.5828416442871,144.97494127238386,57.89605608074444,0.01624581460426011,153.5720672607422
2022-07-27,153.5720672607422,154.10099277980115,149.0371026048061,149.4484808165071,78620700,0.03423471915353149,144.44824295043946,140.77246810913087,145.79371517603704,64.35621945846304,0.015632718317049883,154.12057495117188
2022-07-28,154.12057495117188,154.40461645264705,151.24091273921562,153.7581586202447,81378700,0.003571663129978031,145.33564987182618,141.00382064819337,146.5867494403356,64.98058245857452,0.015574997125575198,159.17466735839844
2022-07-29,159.17466735839844,160.27169083424704,156.22644946059978,157.93074338059327,101786900,0.03279310636381805,146.59868392944335,141.2637730407715,147.7855987658654,70.16626743586264,0.015551208841497906,158.19515991210938
2022-08-01,158.19515991210938,160.23247174092782,157.58788958801776,157.7054219228439,67829400,-0.006153664163680017,147.7045120239258,141.66907913208007,148.77698554169814,68.06270379019891,0.015793185822366083,156.72596740722656
2022-08-02,156.72596740722656,159.07671904499605,156.35377664743476,156.81413161603723,59907000,-0.009287215270676219,148.6080780029297,142.112977142334,149.5340314336532,64.91890934154446,0.015993968515119212,162.72036743164062
2022-08-03,162.72036743164062,163.1709180629882,157.45078129075776,157.53893055181024,82507500,0.03824765049201195,149.74476013183593,142.67206192016602,150.7898729572711,70.83753504433034,0.017518474294643288,162.40692138671875
2022-08-04,162.40692138671875,163.7586031177134,161.0552396557241,162.60281360750764,55474100,-0.0019262864868686558,150.6977882385254,143.11674392700195,151.89625852198037,70.17087194315575,0.017205054497306013,162.18138122558594
2022-08-05,162.18138122558594,162.6717996569105,159.8764086118074,160.08239093817213,56697000,-0.001388734908629674,151.60574951171876,143.61078598022462,152.87579401756184,69.6628412670459,0.017290449604528486,161.71051025390625
2022-08-08,161.71051025390625,164.59417198149717,161.05335158963675,163.18176501562593,60276900,-0.002903360226194751,152.59644088745117,144.0922770690918,153.71719556388035,68.54704598112913,0.016732129197742637,161.75958251953125
2022-08-09,161.75958251953125,162.6423445061743,160.1215870695177,160.8768354992681,63135500,0.00030345749047455683,153.5411003112793,144.5108869934082,154.48313717870425,68.60348554515566,0.01679274736027924,165.99679565429688
2022-08-10,165.99679565429688,166.0948703368816,163.70162657940335,164.46667794890814,70170500,0.026194510821354378,154.7157409667969,144.8994462585449,155.57967608114163,73.09315059780835,0.01721506884651923,165.2611846923828
2022-08-11,165.2611846923828,167.71327649760102,164.9669306824805,166.8010905635419,57149200,-0.004431476878903329,155.70765838623046,145.28896530151368,156.50172452030745,71.18986807612762,0.01715019289506383,168.802001953125
2022-08-12,168.802001953125,168.87065273956517,166.1537308916434,166.56569547580565,68039400,0.02142558319022747,156.79336242675782,145.75184677124022,157.67317951390913,74.61615680995115,0.017442686997937225,169.87110900878906
2022-08-15,169.87110900878906,170.06727335382837,168.0663730882192,168.2331135298216,54091700,0.006333497489922735,158.0843391418457,146.18713699340822,158.83488708485007,75.56121947766158,0.01618616301662752,169.71420288085938
2022-08-16,169.71420288085938,170.38117973679442,168.3704611545434,169.46899366269176,56377100,-0.0009236775390779606,159.17500534057618,146.73349716186524,159.87101239875574,75.1191836367848,0.01571269907390467,171.20506286621094
2022-08-17,171.20506286621094,172.77439273368478,169.26301023326062,169.45917459589717,79542000,0.00878453282073366,160.2403076171875,147.29478591918945,160.9504457766086,76.52444171794896,0.01564532381343531,170.8126983642578
2022-08-18,170.8126983642578,171.54832585930868,169.80243780169835,170.42036968678258,62290100,-0.0022917809519438226,161.17286071777343,147.79788131713866,161.8897079278133,75.31876140648501,0.015642150796396873,168.2331085205078
2022-08-19,168.2331085205078,170.41056710828244,168.02712623620275,169.71416649279175,70346300,-0.015101862264648713,162.03814163208008,148.26407760620117,162.49384131759376,67.75999385776434,0.016044947781614763,164.3588104248047
2022-08-22,164.3588104248047,166.6049198473659,163.9370428679026,166.43817940694694,69026800,-0.023029343806191704,162.7655387878418,148.75700424194335,162.67145742304243,58.29714010056306,0.017058210210235344,164.0253143310547
2022-08-23,164.0253143310547,165.47696339789675,163.4564272588674,163.87819481513557,54147100,-0.002029073421059957,163.54237442016603,149.35119949340822,162.80039617618647,57.552078493425505,0.01683913824475732,164.319580078125
2022-08-24,164.319580078125,164.88846719098774,163.06411023124903,164.11361274111158,53841500,0.0017940264176321552,164.07975006103516,150.05412460327148,162.94508035732346,58.06140057136527,0.015386977449760171,166.77163696289062
2022-08-25,166.77163696289062,166.87952958176348,165.12383874706296,165.54559127859812,51218200,0.01492248753069969,164.7123031616211,150.78885208129884,163.30951431975845,62.1381448824908,0.015597687734282262,160.4844970703125
2022-08-26,160.4844970703125,167.77212157949262,160.42564926256463,167.30132415112922,78961000,-0.037699095644045943,164.7777946472168,151.34553268432617,163.04046505790646,48.98881188140971,0.016690961442249186,158.2874298095703
2022-08-29,158.2874298095703,159.7782908024648,156.7573269679059,158.06182659509352,73314000,-0.013690214948174018,164.78240814208985,151.96346801757812,162.58779503425538,45.3752200423594,0.016933398730840633,155.86477661132812
2022-08-30,155.86477661132812,159.4448248788866,154.69757844618866,159.02307224651202,77906200,-0.015305404864788041,164.7393486022949,152.5035659790039,161.94750756540518,41.72073087969972,0.017162137277599923,154.20713806152344
2022-08-31,154.20713806152344,157.50274977749038,154.12866933419335,157.23791969354875,87991100,-0.010635106826850649,164.31368713378907,152.92608001708984,161.21032951741645,39.38348018890011,0.014714327332480952,154.93296813964844
2022-09-01,154.93296813964844,155.38414463005734,151.70600708998924,153.63825654168207,74229900,0.004706851364010278,163.93998947143555,153.37329803466798,160.61248557667665,40.94357274708905,0.014804313574748573,152.8241424560547
2022-09-02,152.8241424560547,157.2869518100939,152.0002433352291,156.6886409081276,76957800,-0.013611213345457673,163.47212753295898,153.72113739013673,159.87073861280788,37.892171851273574,0.015017701878911166,151.56869506835938
2022-09-06,151.56869506835938,154.07963464254792,150.7447958267751,153.4715206737186,73714800,-0.008214980745312017,162.96503677368165,153.97745941162108,159.08006779905088,36.16420664509196,0.015065412429230365,152.97128295898438
2022-09-07,152.97128295898438,153.6676685648947,150.66631095885003,151.85312983190147,87449600,0.009253809897831644,162.5256217956543,154.26183319091797,158.4982787666636,39.484441410044795,0.015303663165063092,151.50003051757812
2022-09-08,151.50003051757812,153.36361410419434,149.75412756943635,151.6765739248584,84923800,-0.009617834229714406,161.80078353881837,154.59944915771484,157.83177893341735,37.29326790330099,0.013765510779951431,154.3542938232422
2022-09-09,154.3542938232422,154.79568238893683,151.7845060067485,152.4907097522004,68028800,0.018840018024503857,161.25543899536132,154.95908630371093,157.50058987530542,43.80827180540658,0.01471927011959241,160.29811096191406
2022-09-12,160.29811096191406,161.11220709833708,156.24726616785827,156.53170218353472,104956000,0.03850762419008835,160.8302444458008,155.48676879882814,157.76702045498243,54.42683570354058,0.01660463817863905,150.8919219970703
2022-09-13,150.8919219970703,157.46352522744408,150.43092752735453,156.83579030622826,122656600,-0.05867935004598157,159.88128509521485,155.7830352783203,157.11224917327652,41.16844525919143,0.02066242306169805,152.33372497558594
2022-09-14,152.33372497558594,154.0894308134101,150.66630580332588,151.82368576965968,87965400,0.00955520321719816,159.01226119995118,156.05661682128905,156.6571516306393,43.442721047073306,0.020921176575952223,149.4500732421875
2022-09-15,149.4500732421875,152.26508456095567,148.47905455230304,151.6863795720259,90481100,-0.018929831420196663,157.92451171875,156.2458837890625,155.9707632126915,40.10356044912897,0.020865517600589394,147.8120880126953
2022-09-16,147.8120880126953,148.44964084888636,145.52673670084437,148.31232430924803,162278800,-0.010960083149894384,156.77448120117188,156.33519836425782,155.19374652697758,38.30261495727165,0.02086216040288758,151.51962280273438
2022-09-19,151.51962280273438,151.5980915210163,146.24273245408108,146.44869974399057,81474200,0.025082757708697168,155.9388069152832,156.48514770507813,154.84382998181158,44.389996162490235,0.02194728140984258,153.8932647705078
2022-09-20,153.8932647705078,155.05065980282333,150.14647654096675,150.4603364872082,107689800,0.015665574688393358,155.41552963256837,156.72507934570314,154.75329996168742,47.93200206829709,0.02197859374690201,150.77423095703125
2022-09-21,150.77423095703125,155.6980357811973,150.65653533272163,154.32485530993193,101696800,-0.02026751344919353,154.7529754638672,156.88323608398437,154.374341008863,43.968931362348165,0.0223097825757834,149.81301879882812
2022-09-22,149.81301879882812,151.5098622787984,148.01808565192604,149.45991695080835,86652500,-0.006375175334020211,154.02764739990235,157.02941680908202,153.9399293698121,42.79463047804031,0.022273564481346857,147.54725646972656
2022-09-23,147.54725646972656,148.5673350111051,145.7130966439831,148.29270193451399,96029900,-0.015123934803984329,153.06642837524413,157.07190521240236,153.33110337932777,40.077480160581246,0.021914036372011957,147.88075256347656
2022-09-26,147.88075256347656,150.82326264584486,146.77240230987616,146.79202323434507,93339400,0.0022602663155477654,152.43624114990234,157.08776184082032,152.81202234924672,40.6745518710973,0.02064466081558276,148.8517608642578
2022-09-27,148.8517608642578,151.75504386028683,147.0764489671257,149.81299153282302,84442700,0.0065661574204152195,151.9644577026367,157.18376556396484,152.4348545887716,42.471904527212324,0.02063476848716263,146.9685821533203
2022-09-28,146.9685821533203,147.7532545846386,142.0643981655583,144.81074419198137,146691400,-0.012651370061082634,151.51964797973633,157.16511962890624,151.91425721396672,39.94434796352172,0.020558942448258042,139.74960327148438
2022-09-29,139.74960327148438,143.9083561021041,137.98409428837317,143.3002421615135,128138200,-0.04911919796780084,150.79677124023436,156.96213134765625,150.7557187432541,32.066324801252236,0.022994323818842408,135.5516357421875
2022-09-30,135.5516357421875,140.35774479295515,135.35547138562947,138.5726147256006,124925300,-0.030039208920984883,149.82770462036132,156.6299313354492,149.30771083839062,28.54114483335988,0.023555473752582178,139.72019958496094
2022-10-03,139.72019958496094,140.32832857992096,135.05142179088293,135.5614611189966,114311700,0.03075258974153461,149.17250747680663,156.40578552246095,148.39461452854016,36.05822001230853,0.0248909450783118,143.30026245117188
2022-10-04,143.30026245117188,143.41795807791704,141.4955113649154,142.25075989142124,87830100,0.025623087261867017,148.75908584594725,156.27557342529298,147.90943814021938,41.72770775645235,0.025737499701086283,143.59449768066406
2022-10-05,143.59449768066406,144.55572849466822,140.26946161653336,141.30916116839794,79471000,0.00205327767346164,148.29024658203124,156.17769134521484,147.49849142978553,42.18145599386555,0.025614751338029967,142.64305114746094
2022-10-06,142.64305114746094,144.7126168501461,142.43708385477177,143.01577382273572,68402200,-0.006625926122315828,147.8473976135254,155.95911102294923,147.03606854575463,41.06785584949009,0.02558181703865957,137.4053955078125
2022-10-07,137.4053955078125,140.35772324812106,136.7776606833551,139.80844218113944,85925600,-0.03671861753878125,146.9999526977539,155.62480743408204,146.11886158976012,35.51012899235832,0.026131110322854048,137.7290802001953
2022-10-10,137.7290802001953,139.17091126885134,135.91454138275128,137.7290802001953,74899000,0.0023556912826208087,145.87150115966796,155.19589569091798,145.31983479075396,36.08578433143539,0.024100272913516515,136.3166961669922
2022-10-11,136.3166961669922,138.64128959242282,135.57126557653487,137.2190642395612,77033700,-0.010254798994883019,145.14273986816406,154.75832641601562,144.46239301706237,34.63307924655952,0.020882164617789824,135.68893432617188
2022-10-12,135.68893432617188,137.67022848780448,135.51239091855444,136.4638036366148,70433700,-0.00460517206235167,144.31050033569335,154.33758575439452,143.62682552269186,33.97833720729648,0.02060600517607182,140.24981689453125
2022-10-13,140.24981689453125,140.83830981626429,131.79499606499104,132.40312487373902,113224000,0.033612781992935714,143.85048751831056,153.88817474365234,143.30520565334322,42.485677229270145,0.0221072090564984,135.72821044921875
2022-10-14,135.72821044921875,141.75054821414383,135.5418490498613,141.54456588685852,88598000,-0.03223966023936253,143.2462936401367,153.35460052490234,142.5835870624742,37.34762125511843,0.02300734305121651,139.68093872070312
2022-10-17,139.68093872070312,140.1615390587515,137.58194907165392,138.36662131640782,85250900,0.02912237815854235,142.65435943603515,152.9045916748047,142.30714436325792,43.75167230188332,0.023292089928838914,140.9952850341797
2022-10-18,140.9952850341797,143.88875049899616,137.91545818930572,142.70194639396894,99136600,0.009409632592064954,142.00946044921875,152.49028717041017,142.18220537953619,45.73782199198711,0.02305774339558944,141.10316467285156
2022-10-19,141.10316467285156,142.1722730567363,138.78838952105372,138.974750883936,61758300,0.0007651294058927949,141.52590713500976,152.07715881347656,142.07943959794716,45.90665623889454,0.022759902680729152,140.6421661376953
2022-10-20,140.6421661376953,143.09425775385319,139.91634163141597,140.2792613677454,64522000,-0.003267102734549443,141.06736450195314,151.57006622314452,141.9425564112565,45.258605165870854,0.022746694030033602,144.4478302001953
2022-10-21,144.4478302001953,145.0167173026428,139.9163543059083,140.1321395849877,86548600,0.027059196875381497,140.91239318847656,151.1537991333008,142.18115391496497,51.362666859731654,0.023497492388885856,146.58604431152344
2022-10-24,146.58604431152344,147.3510957532076,143.2021606323234,144.3693587197694,75981900,0.014802673798316679,140.8476577758789,150.70947998046876,142.60066728606577,54.43680017151413,0.023749403598982845,149.42066955566406
2022-10-25,149.42066955566406,149.5678040506047,146.49778017936205,147.2137868289863,74732300,0.019337620149681545,140.87610321044923,150.30047119140625,143.2501913117418,58.2079657152558,0.02410903215781087,146.48794555664062
2022-10-26,146.48794555664062,149.07735346461445,145.20303709712394,148.06709300971718,88194300,-0.01962729793504847,140.85207138061523,149.83594604492188,143.558548858875,53.293297547530145,0.02435801199827433,142.02516174316406
2022-10-27,142.02516174316406,146.1937178528811,141.36800292889203,145.23250204640354,109180200,-0.03046519491087407,140.96584930419922,149.25234802246095,143.41251199071206,46.81558630170582,0.022672153816647795,152.75555419921875
2022-10-28,152.75555419921875,154.48182186838937,144.98732723837443,145.3600351076457,164762400,0.07555275645775605,141.82604522705077,148.89120513916015,144.30232553437938,59.54739101350863,0.026943023613853607,150.40150451660156
2022-10-31,150.40150451660156,151.2842665764986,149.0087181195706,150.22496108445085,97943200,-0.015410566869124231,142.3601104736328,148.53457305908202,144.88319972316245,56.359819842485216,0.02671727227941469,147.7630615234375
2022-11-01,147.7630615234375,152.47108127109797,146.27220032701106,152.10817643552318,80379300,-0.01754266356340095,142.5832504272461,148.2026580810547,145.15747227556957,52.93929995187561,0.026623966196955385,142.250732421875
2022-11-02,142.250732421875,149.2539052221096,142.22130852087065,146.09561013902547,93604600,-0.03730519011131994,142.51606216430665,147.7671664428711,144.88063990855105,46.57890730614346,0.028027003410559956,136.2185821533203
2022-11-03,136.2185821533203,140.06345955714755,136.09106861510674,139.33763513663766,97918500,-0.04240505595897426,142.1948387145996,147.205146484375,144.05568202710052,40.80184290455679,0.029565012763558066,135.95333862304688
2022-11-04,135.95333862304688,140.16810151754257,132.0234836201314,139.59827074317496,140814800,-0.0019471905086700936,142.12223587036132,146.58878051757813,143.2840302743335,40.56360449372817,0.028408958236115767,136.48385620117188
2022-11-07,136.48385620117188,136.70981865595215,133.29084915754692,134.70559929239224,83374600,0.003902203384618108,142.05997467041016,146.1087677001953,142.63639464831812,41.30184205596292,0.02841824800948373,137.05369567871094
2022-11-08,137.05369567871094,138.9498435557623,135.0789489012502,137.94774130575934,89908500,0.004175141979423147,142.0968246459961,145.68409301757814,142.10470903216506,42.133242516359,0.028329240784373506,132.50486755371094
2022-11-09,132.50486755371094,136.12034157773797,132.22977893126608,136.07121539704306,74917800,-0.033190116490281474,141.93762130737304,145.21689483642578,141.19043841516944,37.55982335468104,0.02931214714786307,144.29446411132812
2022-11-10,144.29446411132812,144.29446411132812,137.05371017047622,138.7632027049217,118854000,0.08897481862572532,142.13985366821288,145.01864135742187,141.4860599100417,52.078592213600906,0.03482662983858786,147.0748291015625
2022-11-11,147.0748291015625,147.3793904835366,141.83829520447486,143.26287971945007,93979700,0.019268687869336665,142.7071846008301,144.86147857666015,142.0183236425675,54.75076455672443,0.034058559466229925,145.6797332763672
2022-11-14,145.6797332763672,147.64466090619808,144.8446330372058,146.35763570725214,73374100,-0.009485619216541341,143.0071243286133,144.7185903930664,142.36702932197701,53.149292748641315,0.03368523195001532,147.40882873535156
2022-11-15,147.40882873535156,150.89657743758315,145.95478683657723,149.55060713210176,89868300,0.011869155853711844,143.3278015136719,144.63539306640624,142.84720069467934,54.909694929204676,0.033715760675717334,146.18080139160156
2022-11-16,146.18080139160156,147.2418642338074,144.707105498184,146.51485052076237,64218300,-0.008330758437506636,143.58168334960936,144.49958343505858,143.16468647533858,53.375737230808014,0.033805216363675825,148.07691955566406
2022-11-17,148.07691955566406,148.82358651784583,143.58705356948877,143.8621421866718,80389400,0.01297104781210634,143.95342102050782,144.43112121582033,143.63251819727435,55.445397081540726,0.03385947056417998,148.6369171142578
2022-11-18,148.6369171142578,150.022194440957,147.3400729082456,149.63903422199823,74829600,0.0037818017843302965,144.16287536621093,144.31677368164063,144.10912761793944,56.06568915851782,0.03338973614345488,145.4144744873047
2022-11-21,145.4144744873047,147.73308985978306,145.12956655626695,147.52678083863384,58724100,-0.021679961408752946,144.104296875,144.01910095214845,144.2334463674028,51.61277229264019,0.03364597480250415,147.54641723632812
2022-11-22,147.54641723632812,147.78221396265934,144.35340964940343,145.53237828985053,51804100,0.014661145367681927,144.0105842590332,143.95219085693358,144.54896740253852,54.2042508382113,0.033521427318135545,148.4208221435547
2022-11-23,148.4208221435547,149.16748927839564,146.72114887646376,146.82922050043365,58301400,0.0059263038954446845,144.10722808837892,143.87393280029298,144.91771547311149,55.26255329179283,0.0332241053713319,145.51268005371094
2022-11-25,145.51268005371094,146.26918120067512,144.5400357218998,145.70916976960694,35195900,-0.019593895572354136,144.28160400390624,143.79518493652344,144.9743787665019,51.038132879015734,0.03276512353216858,141.69090270996094
2022-11-28,141.69090270996094,144.06846284178744,140.86563687733454,142.59476743015247,69246000,-0.026264222075624732,143.72837142944337,143.67276123046875,144.66166676111706,46.05556997757963,0.028292552161643347,138.69439697265625
2022-11-29,138.69439697265625,142.2705641956943,137.88878454429147,141.75967888062996,83763800,-0.021148187215932146,143.14301605224608,143.4162567138672,144.0933553526922,42.54825939614131,0.02844960018771562,145.43408203125
2022-11-30,145.43408203125,146.11198429763354,138.08525867650403,138.9203437218135,111380900,0.04859378032353012,143.0265670776367,143.24707305908203,144.22104360779295,51.49539829018036,0.030520328074929323,145.7091827392578
2022-12-01,145.7091827392578,146.51481013470644,144.03899751867118,145.61094536816785,71250400,0.0018915834869346337,143.19948959350586,143.14577209472657,144.36277114412295,51.825188531796684,0.029255430117829145,145.21795654296875
2022-12-02,145.21795654296875,145.4046270438478,143.09583136119605,143.40040769964443,65447400,-0.003371278234180264,143.6494583129883,143.05387084960938,144.44421737258446,51.15633841989726,0.027409108181510607,144.0586700439453
2022-12-05,144.0586700439453,148.27343309869434,143.21375058654476,145.17867816271277,68826400,-0.00798307954898414,144.0547248840332,142.98409912109375,144.40749857938073,49.531669681392046,0.027505883502732018,140.40391540527344
2022-12-06,140.40391540527344,144.71693119940028,139.431270776129,144.49096870660432,64727200,-0.025369904064482807,144.25072784423827,142.8345623779297,144.02620494375145,44.710754384441564,0.028238306932010675,138.4684600830078
2022-12-07,138.4684600830078,140.85584008868295,137.5449416476374,139.69653991914743,69721100,-0.013784909891429775,144.32146606445312,142.62689636230468,143.4968959093949,42.35946231120398,0.028443121771677238,140.1484375
2022-12-08,140.1484375,141.00319109284194,138.62563079391435,139.86352962985669,62128300,0.012132563733178614,144.7036445617676,142.4904934692383,143.17799510850017,45.06022505945827,0.027370493393065014,139.6670379638672
2022-12-09,139.6670379638672,143.0172426533997,138.42912415381502,139.84387422747133,76097000,-0.0034349261734210046,144.47227325439454,142.48884216308593,142.84361823758275,44.41797511577175,0.018474397461546947,141.95619201660156
2022-12-12,141.95619201660156,141.96601125722427,138.58633357333804,140.19757351667832,70462700,0.016390080910333227,144.2163414001465,142.61693328857422,142.75910145463214,48.198946145492236,0.018314867509805315,142.9190216064453
2022-12-13,142.9190216064453,147.34010905974955,141.71059523341404,146.87834983755218,93886200,0.006782582543008342,144.07830581665038,142.6809097290039,142.774331945281,49.747359691357346,0.01830800521132444,140.69863891601562
2022-12-14,140.69863891601562,144.0881358235322,138.68458524913544,142.8011107216781,82291200,-0.015535949417173733,143.7427963256836,142.62887725830078,142.57664689487478,46.30954864538661,0.01833557573924974,134.10630798339844
2022-12-15,134.10630798339844,139.3133690938159,133.64454880056923,138.63546667684503,98931900,-0.04685426229710876,143.13907165527343,142.43911346435547,141.76994795092466,37.9288931710454,0.020865898935338207,132.15121459960938
2022-12-16,132.15121459960938,135.23615066480997,131.3848939522239,134.29299371012456,160156900,-0.014578683234133138,142.3427864074707,142.22927673339845,140.85387810794225,35.85642614878222,0.020587509864609117,130.0487060546875
2022-12-19,130.0487060546875,132.82907992971283,129.01713123497163,132.74066180080095,79592600,-0.015909869245561148,141.4133758544922,142.08214294433594,139.82481410287036,33.72244092191265,0.02059253186736109,129.97994995117188
2022-12-20,129.97994995117188,130.91328746393052,127.61220884643005,129.08590439011405,77432800,-0.0005286950220535491,140.64164962768555,141.92716033935548,138.88720799318477,33.6519079358241,0.020310761469660696,133.07472229003906
2022-12-21,133.07472229003906,134.41087369361549,130.42207295695286,130.64803543949063,85928000,0.023809613252119055,139.9180648803711,141.8623208618164,138.3336379262185,39.759422710000386,0.02088132175652595,129.9111785888672
2022-12-22,129.9111785888672,132.20032094511618,128.0150307307424,131.99401195090732,77852100,-0.023772686853907987,138.99258270263672,141.7467657470703,137.53149894170886,36.101066922440786,0.02112240177873092,129.54769897460938
2022-12-23,129.54769897460938,130.09787639620362,127.36662777385332,128.6241804492717,63814900,-0.002797908680423289,138.19433364868163,141.53272338867188,136.77113704008033,35.694679498061234,0.020904095506493716,127.74976348876953
2022-12-27,127.74976348876953,129.1055682957193,126.46273834186272,129.07609558176017,69007800,-0.013878559789720635,137.49727668762208,141.3731544494629,135.91195860662216,33.67533297554017,0.020437540537298588,123.82974243164062
2022-12-28,123.82974243164062,128.73223486036684,123.66272537894751,127.39608344761355,85438400,-0.030685153146866817,136.7540439605713,141.05613052368165,134.76127135186204,29.726649633490425,0.020940020615129767,127.33712768554688
2022-12-29,127.33712768554688,128.19186635387044,125.49009852746012,125.74553370652504,75703700,0.028324255425488554,135.84919624328614,140.782967376709,134.0542100503082,36.860460252806504,0.018539948360227692,127.65149688720703
2022-12-30,127.65149688720703,127.67115035805845,125.19534521858718,126.1581629090278,77034200,0.002468794509300265,134.9463119506836,140.5139340209961,133.44442784429856,37.47314728627463,0.018554073461274436,122.87673950195312
2023-01-03,122.87673950195312,128.6044974020352,121.99252063798394,127.9953746812147,112117500,-0.03740463293957996,133.82925109863282,140.15862548828125,132.43798133550376,32.34010641374695,0.019779112854741425,124.14411163330078
2023-01-04,124.14411163330078,126.40378110334795,122.88655931785308,124.66481618620305,89113600,0.010314174484809646,132.8335231781006,139.75255111694335,131.648088982913,34.88953514375031,0.0202048717982661,122.82760620117188
2023-01-05,122.82760620117188,125.5293813261351,122.57217104073682,124.90060516942826,80962700,-0.010604654661492297,131.9547077178955,139.27738235473632,130.80804300369957,33.47836621137007,0.01977173609281412,127.34695434570312
2023-01-06,127.34695434570312,128.00520329992693,122.699904718632,123.80026688503307,87754700,0.0367942377475734,131.39863243103028,138.8359080505371,130.47841551246182,42.1313345842365,0.02190726389800853,127.86767578125
2023-01-09,127.86767578125,131.07051781969213,127.61224055371211,128.1820714377982,70790800,0.004088997952265805,130.78459434509278,138.4635026550293,130.2297736332988,43.050526640735264,0.021669044245525,128.43753051757812
2023-01-10,128.43753051757812,128.95823530312782,125.87329855859008,127.97577118077551,63896200,0.00445659728188863,130.2231189727783,138.19175003051757,130.05908381275398,44.09703104215898,0.02175826223259723,131.1491241455078
2023-01-11,131.1491241455078,131.1687626317444,128.1722594386808,128.94839939893015,69458900,0.021112159483310577,129.68276557922363,137.75962142944337,130.16289717777815,48.90817030990359,0.02201477142283117,131.07049560546875
2023-01-12,131.07049560546875,131.90558081812333,129.13504077259947,131.5322547782573,71379600,-0.0005995353804408854,129.0903392791748,137.3730012512207,130.2493351232725,48.77708043544142,0.021890951741877288,132.3968048095703
2023-01-13,132.3968048095703,132.55400260182785,129.35117628841525,129.71468306570503,57809700,0.010119052331150513,128.67524757385254,137.06567611694337,130.45385604577703,51.155312980052656,0.021936503171094395,133.55616760253906
2023-01-17,133.55616760253906,134.88248509762596,131.77791004071557,132.46563188904346,63646600,0.008756727888080684,128.64774055480956,136.89178482055664,130.74931428927817,53.200759156944514,0.019442017704130742,132.8389434814453
2023-01-18,132.8389434814453,136.17931456809228,132.66209219338052,134.4207108763407,69672800,-0.005370205913875825,128.68212699890137,136.82419204711914,130.9483265932941,51.75678885793398,0.019186597904841333,132.89785766601562
2023-01-19,132.89785766601562,133.86066781311564,131.42416224055012,131.72872356322017,58280400,0.0004435008516801009,128.82458457946777,136.7630824279785,131.13399621926757,51.87234281422032,0.018797915413136065,135.4522705078125
2023-01-20,135.4522705078125,135.59964906296133,131.86628386729487,132.90769302903612,80223600,0.019220872982139037,129.09820060729982,136.74245071411133,131.54526043722424,56.71357821168428,0.01921357263960817,138.63546752929688
2023-01-23,138.63546752929688,140.80671912517695,135.4817521326256,135.6978953680963,81760300,0.023500506928016307,129.3762378692627,136.77408615112304,132.22051825551688,61.862024942405235,0.01919542451658634,140.03057861328125
2023-01-24,140.03057861328125,140.64953566811175,137.8396883115422,137.84950755371702,66435100,0.010063161388982556,129.8822078704834,136.92460037231444,132.96433352768491,63.88920152610971,0.018251433234737286,139.37229919433594
2023-01-25,139.37229919433594,139.93229570032543,136.37578195167205,138.41930821894437,65799300,-0.004700969070214778,130.37343788146973,136.8261570739746,133.57461597212787,62.20895491798289,0.01829319178238764,141.43551635742188
2023-01-26,141.43551635742188,141.72042430582104,139.4116280346841,140.65936144448216,54105100,0.01480363870735224,131.05772552490234,136.7133708190918,134.3232731516797,65.29013993826956,0.01795372543554657,143.37091064453125
2023-01-27,143.37091064453125,144.64811636457318,140.57089828761406,140.64949717713105,70555800,0.013683934113256413,132.03478393554687,136.66719436645508,135.18495291290364,67.93143881601146,0.015903166906796686,140.49232482910156
2023-01-30,140.49232482910156,142.99761054282715,140.34496125408572,142.41796049282078,64015300,-0.02007789308506769,132.69254379272462,136.52886428833008,135.6904169049225,60.55102682125812,0.016242396550157114,141.75965881347656
2023-01-31,141.75965881347656,141.80878498914117,139.7849124778732,140.19754536928863,65874500,0.009020663484048841,133.3979518890381,136.44044143676757,136.26843994383242,62.48356439219518,0.016253592004231432,142.87966918945312
2023-02-01,142.87966918945312,144.03898399261212,138.84175832526216,141.44528077834974,77663600,0.007900769410359887,134.3980983734131,136.33649642944337,136.89808082436772,64.15480448069323,0.01275789573825658,148.1751708984375
2023-02-02,148.1751708984375,148.52884341135578,145.57163330132713,146.2888275489756,118339000,0.03706266776109857,135.59965133666992,136.32726150512696,137.97208940285054,70.78209609684465,0.014354434335492465,151.7906494140625
2023-02-03,151.7906494140625,154.62014981197694,145.23761799882098,145.43410775063012,154357300,0.024400029328146555,137.04780349731445,136.4547850036621,139.2881427372517,74.27866427919632,0.013969211045588903,149.0692596435547
2023-02-06,149.0692596435547,150.4152455277008,148.1359218347776,149.89454080308164,69858300,-0.017928573209303966,138.13391876220703,136.48524185180665,140.2196776807091,67.71029864141495,0.013955399172469924,151.93801879882812
2023-02-07,151.93801879882812,152.50784959474223,147.99834440627268,147.99834440627268,83322600,0.019244471745100578,139.33743591308593,136.5555857849121,141.335710168149,70.65607309448065,0.014142199768110238,149.2559051513672
2023-02-08,149.2559051513672,151.86926257026718,148.51905726950346,151.18154087876943,64120100,-0.017652682775942785,140.37835464477538,136.63045028686523,142.09001445226502,64.71195092766865,0.015311688857563666,148.22433471679688
2023-02-09,148.22433471679688,151.62366665738756,147.78222892746496,151.08330847433277,56007100,-0.006911421250128447,141.23211517333985,136.76111892700195,142.67423542983948,62.532968783294436,0.015297151664152941,148.58834838867188
2023-02-10,148.58834838867188,148.91305820143486,146.82706002572684,147.0632167115801,57450700,0.0024558293519785224,142.1080078125,136.95899795532227,143.23748428306163,63.006337981372596,0.015240309203847164,151.38284301757812
2023-02-13,151.38284301757812,151.78625678187208,148.49982115470684,148.52933886882354,62199000,0.0188069566639002,143.05730972290038,137.07797317504884,144.01323273396798,66.50499250089815,0.01547386778115361,150.7432403564453
2023-02-14,150.7432403564453,151.3041068890254,148.4407688328002,149.68055772689488,61707600,-0.004225067044477004,143.9166633605957,137.17865432739256,144.65418584087058,64.98999503991405,0.015660216664996257,152.83909606933594
2023-02-15,152.83909606933594,153.00636811059493,150.42838780610393,150.6546952720313,65573800,0.013903480566921589,144.91667098999022,137.33107711791993,145.43370110072442,67.59498295303953,0.015503830224999189,151.2450714111328
2023-02-16,151.2450714111328,153.82305157694913,150.8908438680814,151.04826665403036,68167900,-0.010429430029342712,145.8340316772461,137.47480514526367,145.98716493981095,63.71210422260664,0.015936006181798506,150.10366821289062
2023-02-17,150.10366821289062,150.5464488832577,148.4309328947845,149.90687847207133,59144100,-0.007546713341418432,146.5666015625,137.66880020141602,146.37921287058046,61.0096006334065,0.015944912941431886,146.09893798828125
2023-02-21,146.09893798828125,148.87372305726493,146.03006833094608,147.79135689260553,58867200,-0.026679762542041963,146.9397750854492,137.8214097595215,146.3525200246472,52.58206107636908,0.016847558022166496,146.5220489501953
2023-02-22,146.5220489501953,147.54536466728035,144.80011234851025,146.4826819914061,51011300,0.0028960577519598907,147.26434860229492,137.9488819885254,146.36866563660413,53.31579446973014,0.01676002926649521,147.00421142578125
2023-02-23,147.00421142578125,147.92913996180903,144.87886065676489,147.68314896878456,48394200,0.0032907161689352815,147.64594421386718,138.09562545776367,146.42919380700195,54.185795125816874,0.016676848960143507,144.3573760986328
2023-02-24,144.3573760986328,144.82967465084565,143.38324625897485,144.7509557231268,55469600,-0.018005166664798344,147.79203720092772,138.1436491394043,146.23187783477633,48.808506764425445,0.017043648677762816,145.54794311523438
2023-02-27,145.54794311523438,146.77789803104127,145.08547886576312,145.34131909727375,44998500,0.008247358387756476,147.9008888244629,138.1962275695801,146.16674119481993,51.15649700222529,0.016875927998684228,145.04612731933594
2023-02-28,145.04612731933594,146.68934528974674,144.47542643511753,144.69189970203135,50547000,-0.003447769753098684,148.12857894897462,138.2831773376465,146.06001606382145,50.11315804116627,0.0161840137292227,142.97975158691406
2023-03-01,142.97975158691406,144.86895994047165,142.68455949733774,144.47538049709883,55479000,-0.014246335083959227,148.1895835876465,138.4606462097168,145.76665754221122,45.95670253623646,0.01646541164417315,143.57015991210938
2023-03-02,143.57015991210938,144.3573339453376,141.59238308918532,142.0646965175798,52238100,0.004129314246545057,148.2241081237793,138.68902511596679,145.55746729172532,47.301622593249576,0.016398336547224366,148.60806274414062
2023-03-03,148.60806274414062,148.68678165578146,144.96739941181147,145.66600535471582,70732300,0.035090180543891236,148.24575271606446,139.06021224975586,145.84800019195535,57.109917396367486,0.016170377097934133,151.36317443847656
2023-03-06,151.36317443847656,153.7935665673354,150.9991125857975,151.32380747304748,87558000,0.018539449633223626,148.22437896728516,139.48787673950196,146.3732548821002,61.3468826221212,0.015757926947251425,149.16891479492188
2023-03-07,149.16891479492188,151.55993956940895,148.7064506179963,151.23522972088062,56182000,-0.014496654497997308,148.2293617248535,139.80976058959962,146.63950820713086,56.55503721692186,0.015570255577826332,150.41856384277344
2023-03-08,150.41856384277344,151.00894821688513,149.39524794362458,150.35952840818192,47204800,0.008377409258286672,148.15338897705078,140.21990829467774,146.99941826766826,58.54118654829895,0.015049690788209774,148.1750946044922
2023-03-09,148.1750946044922,152.0617483379844,147.8208670608722,151.09746808583355,53833600,-0.014914842829015784,148.09934844970704,140.5924562072754,147.11138744260387,53.78709744320675,0.01489612323266743,146.11863708496094
2023-03-10,146.11863708496094,148.5195113692859,145.24290982690115,147.80122193638456,68572400,-0.013878563904550445,147.99406356811522,140.95983367919922,147.016839789495,49.7952152360881,0.015139379613480768,148.05703735351562
2023-03-13,148.05703735351562,150.6842189540097,145.33145336527863,145.43968998615728,84457100,0.013265934498332355,147.9674980163574,141.4443795776367,147.11590622416364,53.31250827893494,0.015444370438659753,150.14303588867188
2023-03-14,150.14303588867188,150.94004418166887,147.6929755826584,148.85404568502526,73695900,0.014089154912478197,147.9055076599121,141.9004977416992,147.40420428745014,56.818541087816335,0.015174612445741451,150.53665161132812
2023-03-15,150.53665161132812,150.79247683579462,147.51587504804607,148.7655134809102,77167900,0.002621604927105059,147.89517822265626,142.35820083618165,147.70253260400995,57.467591650009055,0.015158673763705291,153.35076904296875
2023-03-16,153.35076904296875,153.9509875803486,149.20827470890512,149.71994010489203,76161100,0.018693902126283524,147.9207618713379,142.96768142700196,148.24045988391077,61.87920671401917,0.015424765428396865,152.51438903808594
2023-03-17,152.51438903808594,154.22649145558808,151.80593390078133,153.57707174404283,98944600,-0.005454032021505295,147.98422775268554,143.53508697509767,148.64750075573698,59.89089465926448,0.015282421880562428,154.87591552734375
2023-03-20,154.87591552734375,155.28919358755078,151.6780327765039,152.5832927983786,73641400,0.015483958622868554,148.22284011840821,144.1760531616211,149.24068311493764,63.46091985502671,0.015507942229611372,156.7257537841797
2023-03-21,156.7257537841797,156.84382463636302,154.02968755125636,154.7971931327365,73938300,0.01194400207764601,148.75418090820312,144.7636291503906,149.95354698819878,66.0128494061641,0.01413451473212376,155.29898071289062
2023-03-22,155.29898071289062,159.53986153376988,155.27929723644732,156.74540844255807,75701800,-0.009103628707084144,149.1930274963379,145.31225524902345,150.4626359143599,62.3932972540916,0.01441830608787147,156.38136291503906
2023-03-23,156.38136291503906,158.9593583364734,155.15140813839363,156.28297554136526,67622100,0.006969667136125679,149.6618850708008,145.87113189697266,151.02632420013887,64.00568928308287,0.014445500709782426,157.6802215576172
2023-03-24,157.6802215576172,157.76877470893055,155.31871410467124,156.31251228008384,59196500,0.008305712511815111,150.32802734375,146.40175384521484,151.6600287103749,65.89535443878094,0.013585641640221965,155.74176025390625
2023-03-27,155.74176025390625,158.19183506776827,155.33833156714905,157.3751434631476,52390300,-0.012293623667966602,150.83771820068358,146.8951791381836,152.04876504785406,60.76786360460973,0.014056564939999931,155.12188720703125
2023-03-28,155.12188720703125,155.94842821050446,153.47866946121147,155.43676283008696,45992200,-0.00398013381808715,151.34150619506835,147.3496807861328,152.34144334872806,59.18198506275954,0.014070878394021411,158.19186401367188
2023-03-29,158.19186401367188,158.46737267599337,156.7946372221569,156.8143056879684,51305700,0.01979073915303342,152.10211181640625,147.84239471435546,152.8986262691989,64.16931490368648,0.013873964958724845,159.75631713867188
2023-03-30,159.75631713867188,159.86455372605,158.68380050907447,158.93962561829014,49501700,0.009889592835601091,152.9114196777344,148.3807421875,153.5517396853392,66.420943931829,0.013911204579673927,162.255615234375
2023-03-31,162.255615234375,162.3540176143248,159.31357325147573,159.8350728342002,68749800,0.01564443985982522,153.5937973022461,148.96789733886717,154.38068021381878,69.69711037303131,0.012318734335113785,163.50527954101562
2023-04-03,163.50527954101562,163.62335040456196,161.58655293789977,161.63575413574327,56976200,0.007701824709336114,154.20090255737304,149.52895751953125,155.2496896735518,71.20964221543603,0.01189868997254993,162.9739227294922
2023-04-04,162.9739227294922,164.16451047380076,162.46225736922722,163.92836877990578,46278300,-0.003249783817470875,154.89115295410156,150.01572662353516,155.9853309169747,69.61845087100829,0.011228762947882314,161.13392639160156
2023-04-05,161.13392639160156,162.40324825832465,159.20536551321473,162.09822184489292,51511700,-0.011290127322667987,155.42692108154296,150.43779357910157,156.47567334312964,64.26341033363927,0.011721281431491166,162.0194854736328
2023-04-06,162.0194854736328,162.31467762112032,159.40213812085784,159.8252353547828,45390100,0.00549579534156619,156.119140625,150.8907373046875,157.0036554507966,65.63353029967064,0.010891682261753825,159.431640625
2023-04-10,159.431640625,159.431640625,157.5129143705151,158.8314221542027,47716900,-0.015972429742433403,156.78479080200196,151.25065979003907,157.23489213405406,58.567034559228894,0.011086290768089747,158.22137451171875
2023-04-11,158.22137451171875,159.7563555644006,157.93601661540757,159.74652133194326,47644200,-0.007591128765512267,157.29300765991212,151.5476690673828,157.32884283668878,55.55454695354087,0.011191620537804967,157.53265380859375
2023-04-12,157.53265380859375,159.46121498029657,157.21777809903398,158.6346887638525,50133100,-0.004352892934032737,157.6624885559082,151.88847564697267,157.34825340544162,53.85685090450102,0.011021694745036757,162.905029296875
2023-04-13,162.905029296875,163.14118599216286,158.8314201412513,159.03805912639,68445600,0.03410325007797321,158.28090744018556,152.31138305664064,157.8774701570067,63.28267387273551,0.013098058333626058,162.5606689453125
2023-04-14,162.5606689453125,163.65286938363687,161.19295983913122,161.9506011686896,49386500,-0.0021138718248835398,158.74140243530275,152.7050030517578,158.3234890892263,62.40274571655938,0.012692670063203605,162.58035278320312
2023-04-17,162.58035278320312,162.73779061232008,161.39959909302152,162.44259843625022,41516200,0.00012108610291972077,159.24470062255858,152.99310668945313,158.72890467912887,62.434899217919465,0.01255781890755298,163.8004150390625
2023-04-18,163.8004150390625,164.72534318774402,162.9935577130748,163.43635332636154,49923000,0.0075043646724417545,159.69092559814453,153.23330200195312,159.21190566578923,64.4635313802132,0.012273044084170185,164.94186401367188
2023-04-19,164.94186401367188,165.46336364998885,162.8853681685066,163.1412083770297,47720200,0.006968535301556944,160.10173110961915,153.55075408935548,159.75761598463518,66.29729239137663,0.012129148125416505,163.97755432128906
2023-04-20,163.97755432128906,165.17799130758831,162.9050374280842,163.4265370188754,52456400,-0.005846361068787775,160.53565979003906,153.79154479980468,160.15951487384032,63.32436682799206,0.011984344508908628,162.37371826171875
2023-04-21,162.37371826171875,163.78077935638615,161.85221862385353,162.4032359760057,58337300,-0.009780826810161125,160.83527755737305,154.05390106201173,160.37039138697162,58.616378761989395,0.012259047500403842,162.67872619628906
2023-04-24,162.67872619628906,162.94440060882783,161.26181601487568,162.3540163618739,41949600,0.0018784316688411629,161.08520278930663,154.34298889160155,160.5902327973828,59.237056095425274,0.012167644802877551,161.1437530517578
2023-04-25,161.1437530517578,163.64301445601814,161.1043860925183,162.54097982284455,48714100,-0.009435610792029037,161.3553024291992,154.59409698486328,160.64294901208518,54.783930819690156,0.012011276221424498,161.13392639160156
2023-04-26,161.13392639160156,162.62955575633885,160.18932943478703,160.44515464932056,45498800,-6.0980708033397946e-05,161.65590438842773,154.78911865234375,160.68970876251532,54.755552318907526,0.011944237909317935,165.7093505859375
2023-04-27,165.7093505859375,165.85693915334915,162.5409858833323,162.5409858833323,64902300,0.028395163556161007,162.03177871704102,155.0884408569336,161.1677698885555,64.08442545742102,0.012747831194697051,166.95896911621094
2023-04-28,166.95896911621094,167.12625617335198,165.1878463008649,165.78806481489534,55275900,0.007541026054684652,162.39191131591798,155.3708383178711,161.71931267214174,66.1379857579467,0.012685879328219804,166.8704376220703
2023-05-01,166.8704376220703,167.71664719399982,165.93567490070697,166.5654112090663,52472900,-0.0005302589888357412,162.62265243530274,155.68334564208985,162.20989600070638,65.8507158318726,0.012298918016491689,165.83724975585938
2023-05-02,165.83724975585938,167.6182368189597,164.85328597063295,167.3623966257795,48425700,-0.006191557240060153,162.73925094604493,155.99801727294923,162.5553582631019,62.442064062964114,0.012321003031506383,164.76470947265625
2023-05-03,164.76470947265625,168.17906452442512,164.47936662159927,166.78183794919684,65136000,-0.006467426858453584,162.82879028320312,156.37133270263672,162.76577266401185,59.02630869960723,0.012397157875301785,163.13136291503906
2023-05-04,163.13136291503906,164.36131774887434,161.67510059572527,162.24580144031648,81235400,-0.009913206310045775,162.928662109375,156.7035189819336,162.8005907831573,54.166802707384605,0.012331190676109086,170.78662109375
2023-05-05,170.78662109375,171.50491053581004,168.02166992672903,168.23814318555767,113453200,0.04692695531942492,163.36701889038085,157.17916717529297,163.56116509845182,67.62140096876212,0.01608896797440386,170.7177276611328
2023-05-08,170.7177276611328,171.06212101363838,169.35001851271124,169.71408033203093,55962800,-0.00040338893161528944,163.9313232421875,157.70637420654296,164.2427424853738,67.42955902543149,0.015500855479630345,169.0154571533203
2023-05-09,169.0154571533203,170.75706217667226,168.84818511789587,170.27492954930042,45326900,-0.009971258000759153,164.47102737426758,158.17572448730468,164.69728673946395,62.69653838505457,0.01559961388683766,170.77674865722656
2023-05-10,170.77674865722656,171.23921282792068,169.14336520388548,170.24541483030967,53724500,0.010420890098285618,165.13323211669922,158.6903369140625,165.27628311258422,65.40249141157199,0.015561989909186336,170.96371459960938
2023-05-11,170.96371459960938,171.79024060925457,169.40904995436452,171.06211698775132,49514700,0.0010947974115498305,165.53616638183593,159.2500161743164,165.81794325420566,65.68703273090028,0.013878178097983026,170.0375213623047
2023-05-12,170.0375213623047,171.50564580777203,168.49055408757272,171.07210045600348,45533100,-0.005417484285912932,165.91000900268554,159.7793634033203,166.2198078359294,62.92610431218851,0.013955513654184081,169.54486083984375
2023-05-15,169.54486083984375,170.66813061172948,168.95365989259247,170.61886136031444,37266700,-0.0028973635848948964,166.25823440551758,160.19809936523438,166.5364795505879,61.44664003226461,0.01399705164431877,169.54486083984375
2023-05-16,169.54486083984375,170.5991506527755,169.2788189100942,169.4660330445526,42110300,0.0,166.54545669555665,160.56173309326172,166.82299205432656,61.446640032264604,0.013947609359940669,170.15574645996094
2023-05-17,170.15574645996094,170.39221479568312,167.91905489711874,169.19013234108013,57951600,0.003603091341672915,166.8061508178711,160.9814697265625,167.14039723581556,62.70752748319893,0.013902396149294461,172.48110961914062
2023-05-18,172.48110961914062,172.6683237371227,170.04735615510018,170.46119076780954,65496700,0.013666086556335388,167.23132858276367,161.42272064208984,167.64903651041794,67.11623415927721,0.014032889784093203,172.58949279785156
2023-05-19,172.58949279785156,173.80143807257875,172.3727201425523,173.80143807257875,55809500,0.0006283770956150292,167.74211730957032,161.91100860595702,168.1195561568402,67.31021457078944,0.013738587575581008,171.64356994628906
2023-05-22,171.64356994628906,172.1460951955022,170.9045763773169,171.42679729660153,43570900,-0.005480767318033819,168.19035949707032,162.4215072631836,168.45517651774009,63.77430939138078,0.0138721492019684,169.04232788085938
2023-05-23,169.04232788085938,170.83562631420236,168.7664381272472,170.58929510312979,50747300,-0.015154905402187002,168.58528823852538,162.84121307373047,168.51109569518002,55.188556158580546,0.014192371882203653,169.31817626953125
2023-05-24,169.31817626953125,169.88966634378653,168.0175556109429,168.5791828168519,45143500,0.0016318302766529236,168.99450073242187,163.22471588134766,168.5879605117849,55.867087008545965,0.0141814050087422,170.4513397216797
2023-05-25,170.4513397216797,171.3479738482291,169.17041449607095,169.8798495430277,56058300,0.006692509198448882,169.231600189209,163.6230096435547,168.76542519844153,58.6377972534872,0.012871456357721042,172.8555145263672
2023-05-26,172.8555145263672,173.1905363695113,170.56956891324683,170.7764937271046,54835000,0.014104757455196015,169.52642745971679,164.01310455322266,169.15495751538683,63.82669249609076,0.013115260141127367,174.69813537597656
2023-05-30,174.69813537597656,176.36333712562535,173.97885229510558,174.36312846541935,55964400,0.0106598904562476,169.9178123474121,164.45677947998047,169.68287921639538,67.22079024719065,0.01324787005706814,174.6488494873047
2023-05-31,174.6488494873047,176.7180379211288,174.16603484344822,174.72767728843633,99625300,-0.000282120290327148,170.35839233398437,164.85223815917968,170.1558287660058,67.03959832872165,0.013111916365694224,177.44712829589844
2023-06-01,177.44712829589844,177.47668683522244,174.33349851829678,175.0922027756249,68901800,0.016022314586144226,170.99251327514648,165.26666564941405,170.8502382450432,71.70323835866913,0.013250489910227361,178.29449462890625
2023-06-02,178.29449462890625,179.11231590276506,176.6292935441097,178.37332240607034,61996900,0.00477531725165381,171.75066986083985,165.7265759277344,171.55921504350636,72.95132140520361,0.012851678360718028,176.94461059570312
2023-06-05,176.94461059570312,182.23579939859383,175.4272021453367,179.9498539235026,121946500,-0.0075710920632333645,172.0585693359375,166.13784088134764,172.07210985800128,67.81950289980873,0.008393877085202521,176.58006286621094
2023-06-06,176.58006286621094,177.4766970018392,174.82617090162998,177.328904296753,64848400,-0.002060236411071781,172.3516860961914,166.51583770751952,172.501438715926,66.45981303168173,0.00842494932293051,175.21046447753906
2023-06-07,175.21046447753906,178.5507149734009,174.71780207381394,175.82136104700194,61944600,-0.007756245900249703,172.66143646240235,166.9052117919922,172.75944116941298,61.47331751940799,0.008276376473162829,177.9200897216797
2023-06-08,177.9200897216797,178.1861165677113,174.85572927872582,175.2892595209165,50214900,0.015464973808616334,173.018603515625,167.36117584228515,173.2509315077241,66.78330411145289,0.008621474253265827,178.30438232421875
2023-06-09,178.30438232421875,179.55573399442156,177.9792233362159,178.83645110058313,48900000,0.0021599168657131518,173.38563690185546,167.7634262084961,173.73221253786642,67.46812713905652,0.008618317113612465,181.0928497314453
2023-06-12,181.0928497314453,181.19138823156914,178.31424143935143,178.60984190485868,54274900,0.015638804671419537,173.9384033203125,168.19015686035155,174.43322560392156,71.98198178297257,0.00892716044812663,180.619873046875
2023-06-13,180.619873046875,181.44754220802452,179.76264534674598,180.1173628493618,54929100,-0.0026117910523343335,174.49215393066407,168.55744201660156,175.0224301222981,70.20267430785202,0.00891713045963175,181.25048828125
2023-06-14,181.25048828125,181.68403358526143,179.34881869349235,180.67899811094975,57462900,0.0034913945167669436,175.0774353027344,168.91234619140624,175.61557851838876,71.2240063151082,0.008885170612992172,183.2802734375
2023-06-15,183.2802734375,183.78279874291368,181.08300318978328,181.26036948430115,65433200,0.011198784486033064,175.73366165161133,169.31847320556642,176.34554946306602,74.27986455178748,0.0090558529553358,182.20628356933594
2023-06-16,182.20628356933594,184.245913383536,181.56582838117956,183.98971928038128,101256200,-0.005859822489463373,176.21992034912108,169.7399203491211,176.90371461604408,70.04154786318301,0.008984030023028744,182.29493713378906
2023-06-20,182.29493713378906,183.36895259993452,181.7037512704965,181.7037512704965,49799100,0.00048655602165004197,176.70519256591797,170.1454293823242,177.41716437963885,70.19273856348639,0.008985877268268903,181.26034545898438
2023-06-21,181.26034545898438,182.68906332243637,179.91044034391143,182.18653808363035,49515700,-0.0056753725093603435,177.18603134155273,170.5820034790039,177.78318162529078,66.00626523296265,0.008995390625695392,184.25575256347656
2023-06-22,184.25575256347656,184.30502181445038,180.9746189088309,181.04359886716716,51245300,0.016525440779158185,177.9467025756836,171.10269104003908,178.39961695273703,71.33660952816147,0.008445779985045188,183.94041442871094
2023-06-23,183.94041442871094,184.807505007212,182.29492392440986,182.82700770116728,53117000,-0.001711415412427808,178.67781448364258,171.63084625244142,178.92731195044882,70.09059967080961,0.008535061462420411,182.55113220214844
2023-06-26,182.55113220214844,185.29033397781694,182.51171079012911,184.0882365039062,48088700,-0.007552892771702124,179.282804107666,172.02376831054687,179.27243768870593,64.72658021639687,0.008901305542116116,185.3001708984375
2023-06-27,185.3001708984375,185.6253298715582,182.94524533692336,183.1620179856705,50730800,0.01505900655409187,179.90503692626953,172.4785583496094,179.8465075182042,69.67245269170247,0.008963635727090184,186.47271728515625
2023-06-28,186.47271728515625,187.11317238738192,184.84693738882143,185.17208134019785,51216800,0.006327821399373823,180.4937660217285,172.95640563964844,180.47757511505677,71.50754963072431,0.008833419314638614,186.8077392578125
2023-06-29,186.8077392578125,187.2807060224463,186.16728410364277,186.30522898461155,46347300,0.0017966272896852153,181.1017105102539,173.41655212402344,181.0804478905573,72.02834583956995,0.00880118026975323,191.12344360351562
2023-06-30,191.12344360351562,191.62595381515632,188.45320690668942,188.81778728912292,85213200,0.023102385173384254,181.78552627563477,173.94018371582033,182.03692367274382,77.68643776482799,0.009453500176652346,189.63560485839844
2023-07-03,189.63560485839844,191.03476417603324,188.94586551693624,190.93622568872084,31458200,-0.00778470038559842,182.3525817871094,174.4533447265625,182.76060759518714,72.25972289789638,0.009793664845998584,188.52218627929688
2023-07-05,188.52218627929688,190.14796610334872,187.82259909124357,188.75866963191964,46920300,-0.00587135828175811,182.93146057128905,174.97631408691407,183.30932937462617,68.40857982582027,0.009702838959486116,188.99513244628906
2023-07-06,188.99513244628906,189.20205725316632,186.42343432149448,187.0540415419299,45094300,0.002508702961313558,183.55221405029297,175.50264221191406,183.85083442907026,69.16044402754551,0.00962549399216741,187.88172912597656
2023-07-07,187.88172912597656,189.84253092683244,187.4481988352347,188.60102706839623,46815000,-0.005891174581593606,184.18577728271484,176.03740173339844,184.23472916210895,65.22486248481303,0.009519697066237173,185.84214782714844
2023-07-10,185.84214782714844,187.20190113081154,184.2951803689385,186.4826030596721,59922200,-0.010855665999649045,184.58188018798828,176.53156616210939,184.38781665401746,58.64175025926513,0.009603355703209158,185.31988525390625
2023-07-11,185.31988525390625,186.5219826806886,183.86160879849567,186.384037813756,46638100,-0.002810248263638959,184.93265533447266,176.92377685546876,184.47658509210208,57.053805926978455,0.009669184410830436,186.98509216308594
2023-07-12,186.98509216308594,188.88676181703667,185.70416691161034,186.89640150427806,60750200,0.008985581374056029,185.22726745605468,177.32429931640624,184.71549052743387,60.7072676585043,0.009281028225436857,187.74378967285156
2023-07-13,187.74378967285156,188.38425984411805,186.99494820191867,187.70438329432415,41342300,0.004057529405092408,185.5834632873535,177.74176635742188,185.00389996985461,62.281676079465385,0.009239834684999185,187.89161682128906
2023-07-14,187.89161682128906,188.37441642370476,186.847174781534,187.4383607296714,41616200,0.0007873876877371178,185.91551971435547,178.18285369873047,185.27892062237217,62.59615507679536,0.009236281697840144,191.1431884765625
2023-07-17,191.1431884765625,191.46834750746484,188.9951723122315,189.08384794751433,50520200,0.017305570681027893,186.30866546630858,178.7104232788086,185.83742232277123,68.7650086670761,0.009653434973804881,190.88697814941406
2023-07-18,190.88697814941406,191.47817907078496,189.5962050071137,190.5125649317522,48288200,-0.0013404104493101032,186.7427001953125,179.2655355834961,186.31833240149913,67.81591769224991,0.009507956330826241,192.23684692382812
2023-07-19,192.23684692382812,195.32090288181368,189.82278948215546,190.2661976064536,80507300,0.007071560289238166,187.23979568481445,179.69454010009767,186.88200045124475,70.15323268545592,0.009553120519259264,190.29579162597656
2023-07-20,190.29579162597656,193.58677299126168,189.67503216410122,192.22701989757815,59581200,-0.010097207319576418,187.69156799316406,180.08610137939453,187.20712342026684,63.06121971259103,0.009805045266380989,189.12326049804688
2023-07-21,189.12326049804688,192.10879369152832,188.42367321559357,191.25156585425083,71951700,-0.006161624058582893,187.93494338989257,180.48825744628905,187.3896126657697,59.16992597226245,0.009398588653434877,189.92132568359375
2023-07-24,189.92132568359375,192.04963052919288,189.4286633601603,190.57164355889253,45377800,0.0042198150742811524,188.2339889526367,180.8711489868164,187.63072819127675,60.93677099207545,0.009390601983546399,190.778564453125
2023-07-25,190.778564453125,191.58653792745972,190.08884016702333,190.49282690419068,37283200,0.0045136519895581095,188.64536056518554,181.26744598388672,187.9305221209766,62.79895074586512,0.009153327854694327,191.6456756591797
2023-07-26,191.6456756591797,192.7689453418544,190.48299959942145,190.82785426220883,47471900,0.00454511862242124,188.96263580322267,181.69960906982422,188.28434626747213,64.6354038466939,0.008667768305589118,190.3844757080078
2023-07-27,190.3844757080078,194.30606454519102,189.72430983845956,193.14338839624878,47460200,-0.006580894386653324,189.15822372436523,182.1164013671875,188.4843585951422,59.99621218919809,0.008786434247477388,192.9561309814453
2023-07-28,192.9561309814453,193.74439372054138,191.29092989175592,191.81315076149906,48291400,0.013507694174506257,189.46564331054688,182.58462677001953,188.910241679552,65.4427932238822,0.00921674687310597,193.5670623779297
2023-07-31,193.5670623779297,193.60648379116893,192.39452340931743,193.1827862905988,38824100,0.0031661673219551822,189.58782424926758,183.0528530883789,189.35374841273085,66.60599676525919,0.007734622799642409,192.73941040039062
2023-08-01,192.73941040039062,193.8429695122176,192.41425136889904,193.36016991822595,35175100,-0.00427578931751893,189.74301452636718,183.4580191040039,189.6761924115556,63.48818431570242,0.007570963733127755,189.75384521484375
2023-08-02,189.75384521484375,192.3156805851802,189.03456234552243,192.17773571935334,50389300,-0.015490164566472231,189.80459747314453,183.80130615234376,189.68358791663064,53.71957564100977,0.008290962802017701,188.3645477294922
2023-08-03,188.3645477294922,189.54693452970886,187.8915960163783,188.75868668614032,61235200,-0.007321577508896171,189.7730682373047,184.1357257080078,189.55796504166508,49.87395048255235,0.008446691634723336,179.3192596435547
2023-08-04,179.3192596435547,184.6301595328746,179.25027969317492,182.79745486603875,115956800,-0.04802011947029072,189.3449447631836,184.3412643432617,188.58285024184505,33.20649633267696,0.013624364616782226,176.22535705566406
2023-08-07,176.22535705566406,180.44254624962392,174.74736976708382,179.4572213905704,97576100,-0.01725359893878986,188.86410522460938,184.47940795898438,187.40594612887543,29.566773228937265,0.013909441638218438,177.16139221191406
2023-08-08,177.16139221191406,177.62449604499406,174.97397007455905,177.05300588853657,67823000,0.0053115804211667506,188.45618057250977,184.61360900878907,186.43027432726007,31.99536226547498,0.014019859709868021,175.57504272460938
2023-08-09,175.57504272460938,178.2748232727554,174.41235154839882,178.21570618554995,60378500,-0.008954261803311825,187.88567810058595,184.6679995727539,185.39644274605524,30.101058559665645,0.013842445544133749,175.35826110839844
2023-08-10,175.35826110839844,178.09746293161143,174.99369573264087,176.8460961883882,54686900,-0.001234694936403713,187.2664016723633,184.68120208740234,184.44042544723078,29.841051606916267,0.013749690110788686,175.41744995117188
2023-08-11,175.41744995117188,176.2363757071569,174.1940069392339,174.95373578240464,52036700,0.00033753096317967746,186.64269332885743,184.69657409667968,183.58109444760612,30.018792234286067,0.013742992057270986,177.06517028808594
2023-08-14,177.06517028808594,177.2920967961584,174.9438523177461,175.59504844195268,43675600,0.009393138124928369,185.93879241943358,184.68893493652342,182.96053024193753,34.95872481404405,0.01322144972825421,175.08200073242188
2023-08-15,175.08200073242188,177.08491002448199,174.68734458769583,176.4929258073929,43622600,-0.011200223920025842,185.14854354858397,184.62468505859374,182.21019409817413,32.028275760269025,0.013311052094032055,174.2137451171875
2023-08-16,174.2137451171875,176.15744233651847,174.14467201512105,174.76626971305478,46964900,-0.004959136927852104,184.24738845825195,184.57006774902345,181.44862752855636,30.810547335452554,0.013042761847449232,171.6780548095703
2023-08-17,171.6780548095703,175.1412101505236,171.1649897406694,174.77615243783515,66062900,-0.01455505308098115,183.31650161743164,184.47202758789064,180.51809679341483,27.519793821543985,0.01317497408528745,172.16151428222656
2023-08-18,172.16151428222656,172.76337470680727,169.6652772069575,170.0007364455324,61172200,0.0028160819575484553,182.46841430664062,184.41104858398438,179.72223179234928,29.075195749300235,0.01328758749661601,173.49346923828125
2023-08-21,173.49346923828125,173.77960771425435,171.4215020828672,172.7337554755455,46311900,0.0077366591575815935,181.647021484375,184.3225161743164,179.12901631100948,33.3206918410946,0.013432947468067665,174.8649444580078
2023-08-22,174.8649444580078,175.30893640777694,173.89802631437342,174.69721483499137,42038900,0.007905053865992606,180.85134048461913,184.25372741699218,178.72291422977122,37.471130384265635,0.013572416285031016,178.70303344726562
2023-08-23,178.70303344726562,179.1273031269572,175.95027131734813,176.13773826499084,52722800,0.021948876037755527,180.20420837402344,184.2059310913086,178.72102082191356,47.34819557454828,0.014679204389165415,174.0262908935547
2023-08-24,174.0262908935547,178.68330576322634,173.66121814414575,178.25903609639087,54945800,-0.02617047099589953,179.38629913330078,184.0740594482422,178.2739036858794,39.218854362849385,0.015532366254492568,176.2265167236328
2023-08-25,176.2265167236328,176.7593040006282,173.4737548580186,175.0129348306344,51449600,0.012643065704502687,178.54981842041016,183.97358001708983,178.07891445137972,44.082976217989675,0.01548111971731441,177.7854461669922
2023-08-28,177.7854461669922,178.1801023209798,176.1673318473753,177.68677460091166,43820700,0.008846168399300414,177.76073760986327,183.86368347167968,178.05096509096185,47.300948139689986,0.01567824130140148,181.66299438476562
2023-08-29,181.66299438476562,182.43258442181371,177.10465107991652,177.3019791564373,53003900,0.02181026794584362,177.20691680908203,183.85281768798828,178.39496788084793,54.339654205043125,0.016715767898085116,185.14585876464844
2023-08-30,185.14585876464844,185.34320186637345,182.27470331859433,182.47203136515444,60813900,0.019172118084248124,176.97651748657228,183.90983612060546,179.03790986978132,59.56389710273544,0.017124936018120124,185.36294555664062
2023-08-31,185.36294555664062,186.59626480914432,184.97815055206615,185.33334709899387,60794500,0.0011725176757431122,176.8264373779297,183.9918881225586,179.6402942209108,59.872082676475905,0.017067421292499663,186.9317169189453
2023-09-01,186.9317169189453,187.3855699191495,185.76745585396847,186.96131537308187,45766500,0.008463241440157976,177.20706024169922,184.04540740966797,180.3347154302474,62.11894280967276,0.013009475253803308,187.1685028076172
2023-09-05,187.1685028076172,187.44476508042712,185.10639689444145,185.76745412260553,45280000,0.001266697233485159,177.75421752929688,184.1099691772461,180.98555232333024,62.46060547893157,0.012187977533363916,180.46914672851562
2023-09-06,180.46914672851562,186.32988234003622,179.04836051297525,185.88587535630464,81755800,-0.035793180896400933,177.91960525512695,184.06832946777342,180.93637083810978,48.99589396583221,0.014946688423747134,175.1905059814453
2023-09-07,175.1905059814453,175.83184093509863,171.22414761118458,172.8422616393004,112488800,-0.02924954676608027,177.90037841796874,183.8661361694336,180.38914561366556,41.41939834343888,0.016289045463066084,175.80223083496094
2023-09-08,175.80223083496094,177.83475336123297,175.4174358773743,175.96997548136457,65551300,0.003491769431731795,177.92257690429688,183.6527264404297,179.95229658712228,42.52852147703313,0.016304201982778738,176.96649169921875
2023-09-11,176.96649169921875,177.89395007164453,174.9734438173143,177.66702357259294,58953100,0.006622560241290598,178.00002899169922,183.45590148925783,179.66793421684574,44.67547425653126,0.016366352402337858,173.94735717773438
2023-09-12,173.94735717773438,177.72624932161176,172.4871113411862,177.09479044187466,90370200,-0.017060486945832953,177.84413833618163,183.1123797607422,179.12311735597797,40.45501829805298,0.016681513085626824,171.88522338867188
2023-09-13,171.88522338867188,174.93398459835862,171.6582818339781,174.15451849429098,84267900,-0.011854930264651675,177.68429946899414,182.75737213134767,178.43379412099645,37.8265316164323,0.016703717631656703,173.3948211669922
2023-09-14,173.3948211669922,173.75001770449512,171.26364194197464,171.67803539320033,60895800,0.008782591944548779,177.6433532714844,182.45482482910157,177.9538919349008,40.85604472888578,0.01680540123080423,172.674560546875
2023-09-15,172.674560546875,174.14468255030425,171.5004532372104,174.12494522635322,109259500,-0.004153876195780559,177.69317855834962,182.12841339111327,177.45109846937453,39.858120285258245,0.01649256781445623,175.5950469970703
2023-09-18,175.5950469970703,176.9862345995646,173.81906442528665,174.12492516303394,67257600,0.016913240960022558,177.8648551940918,181.88267974853517,177.2743316624884,45.65447961272977,0.016896662956393853,176.68035888671875
2023-09-19,176.68035888671875,177.2328834055171,174.76624533576447,175.15104027243933,51826900,0.006180765962416679,178.02419967651366,181.69944396972656,177.2177628267008,47.67279883915109,0.01686817567619857,173.1481475830078
2023-09-20,173.1481475830078,177.30195805066697,173.0593371622532,176.86782730089922,58436200,-0.019992099438600697,177.93835983276367,181.4560092163086,176.83018042253957,42.182061098020085,0.017415752069910136,171.6089630126953
2023-09-21,171.6089630126953,173.94734650075085,171.53990496478352,172.22069958579337,63149100,-0.008889408242583774,177.58365631103516,181.1484866333008,176.33292162160203,40.01906518484796,0.01668770864568928,172.45748901367188
2023-09-22,172.45748901367188,174.7169382879251,171.7273736602944,172.33909518451154,56725400,0.004944531952645104,177.505216217041,180.8427606201172,175.96383280179916,41.79111655791887,0.015727736200584482,173.7303009033203
2023-09-25,173.7303009033203,174.60842368932387,171.82604797435675,171.8753837600089,46172700,0.007380438489090757,177.3804054260254,180.55953430175782,175.75111547813452,44.442598975538374,0.015542121879502772,169.66526794433594
2023-09-26,169.66526794433594,172.8620217812148,169.3692683155077,172.4871029695211,64588900,-0.023398525978761353,176.9743965148926,180.12997589111328,175.1715109511061,38.422907428145024,0.016170672441289082,168.15567016601562
2023-09-27,168.15567016601562,170.73084132501634,166.7940959712009,170.3164478696235,66921800,-0.008897506228650043,176.29903030395508,179.67534973144532,174.50333563824034,36.44850200942422,0.015198597700569541,168.41220092773438
2023-09-28,168.41220092773438,169.73431545858824,165.38316183381656,167.0802102082604,56294400,0.0015255552278758966,175.46234741210938,179.19885681152343,173.9232275705731,37.04056757066738,0.014282794344533882,168.92529296875
2023-09-29,168.92529296875,170.76047278128746,168.0668924554359,169.72448150635748,51861100,0.0030466441159793245,174.64046478271484,178.7714468383789,173.4472337989709,38.279126242799684,0.014328921657896499,171.43136596679688
2023-10-02,171.43136596679688,171.9740294168616,168.6489906711008,168.93512915166482,52164500,0.014835392344179521,173.8654472351074,178.4176089477539,173.2552463863829,44.06685466880611,0.014699178960233737,170.0994110107422
2023-10-03,170.0994110107422,171.31300817848214,168.54050848834052,169.96127983577614,49594600,-0.00776961058755532,173.01199264526366,178.02117065429687,172.95469063632189,41.82213170765866,0.014660644517030426,171.3425750732422
2023-10-04,171.3425750732422,171.88523853747708,168.68846972057472,168.80686354725646,53020300,0.007308456008830566,172.5556640625,177.63245086669923,172.80115582079048,44.655783808747415,0.012907406469345512,172.57589721679688
2023-10-05,172.57589721679688,173.10868450108188,170.3756448658088,171.47083294671847,48527900,0.007197990009356836,172.42493362426757,177.25105529785156,172.77970262041012,47.39333507119086,0.011421047830383209,175.12144470214844
2023-10-06,175.12144470214844,175.6147723242181,170.86894795356997,171.48068444244805,57266700,0.014750307119387296,172.39089431762696,176.94579467773437,173.00272567581376,52.60430181638121,0.01190517203223645,176.6014404296875
2023-10-09,176.6014404296875,176.6606373398207,173.45400756283908,174.45052401213385,42390800,0.008451253528979796,172.37264175415038,176.6187008666992,173.34546041427794,55.37218104399969,0.011966597734433341,176.00946044921875
2023-10-10,176.00946044921875,177.32171396949087,175.57532965392068,175.72333700059065,43698000,-0.0033520676786576997,172.47574691772462,176.267548828125,173.59917470331993,54.01342597409707,0.011314937652524448,177.400634765625
2023-10-11,177.400634765625,177.4499705441094,175.22999600880442,175.82198018511957,47551100,0.007903974666223279,172.75151748657225,175.9607733154297,173.96121851877754,56.70231826317755,0.011024462161840179,178.2985076904297
2023-10-12,178.2985076904297,179.90674578858014,176.6507798893927,177.6670488234186,56743100,0.005061272334176969,172.99670181274413,175.7316665649414,174.3742936779825,58.393242799348165,0.010928525533875872,176.46334838867188
2023-10-13,176.46334838867188,179.5022341867499,175.76281633481818,178.99904528395493,51427100,-0.010292622891404646,173.18614120483397,175.493642578125,174.57325126947674,53.77101452480926,0.011177635036821548,176.33505249023438
2023-10-16,176.33505249023438,176.69024903281087,174.15453745424634,174.39134016768617,52517000,-0.0007270399185382859,173.2231414794922,175.4339584350586,174.74104186192986,53.45246262402007,0.010546072330034453,174.78598022460938
2023-10-17,174.78598022460938,176.03903666999224,172.46734930467605,174.29265257502803,57549400,-0.008784823231392402,173.12842254638673,175.4051708984375,174.74532170599457,49.62937407104752,0.010634673734023043,173.49346923828125
2023-10-18,173.49346923828125,175.21025492862336,172.77321506438722,173.23694427289632,54764400,-0.007394820709688332,173.14568862915038,175.33181243896485,174.62609766145044,46.632408628671385,0.009755189941971916,173.1185760498047
2023-10-19,173.1185760498047,175.466805839834,172.85217485644313,173.69082297603654,59302900,-0.0021608489940430076,173.22116928100587,175.28268310546875,174.48252417462703,45.76908591726361,0.009540892673967233,170.57298278808594
2023-10-20,170.57298278808594,173.07908076842247,170.33618008275127,172.97054807703984,64244000,-0.01470433341010391,173.12694396972657,175.1869775390625,174.11018689971837,40.31172310995604,0.010054920202011292,170.69140625
2023-10-23,170.69140625,171.68792291287053,167.6623665542272,168.62929981085605,55980100,0.0006942685762914014,172.97499923706056,175.09245666503907,173.78458874260232,40.66616612535486,0.009888863283366769,171.12550354003906
2023-10-24,171.12550354003906,171.35243005141567,169.1620540054936,170.74070856198063,43816600,0.002543170154701624,173.0480110168457,174.97366333007812,173.5313425328344,42.025201111135445,0.008356125563706893,168.81671142578125
2023-10-25,168.81671142578125,170.75054719472178,168.37270453985215,169.58630128048503,57157000,-0.013491806110113913,173.081063079834,174.84835754394533,173.0823300464484,37.15122096210801,0.008683688116261143,164.66290283203125
2023-10-26,164.66290283203125,169.09299056011605,163.45918215856796,168.0964590692853,70625300,-0.024605434845093477,172.89359817504882,174.6573406982422,172.28047983555152,30.33473564366743,0.01029513582299923,165.9751739501953
2023-10-27,165.9751739501953,166.70530437202822,164.60372353518264,164.6826577744484,58499100,0.007969439962458802,172.7460922241211,174.54328308105468,171.67997451313664,34.4279806808495,0.010456436623720285,168.0175323486328
2023-10-30,168.0175323486328,168.8857938712959,166.61648356307745,166.76449089816728,51131000,0.01230520414487013,172.57540054321288,174.4604034423828,171.33117049746963,40.30654456591232,0.01027060541059122,168.4911346435547
2023-10-31,168.4911346435547,168.61938959873203,165.6594236135805,167.09008588386948,44846000,0.0028187671149648708,172.4949867248535,174.36035675048828,171.0606908923349,41.61370863099159,0.01017327780998926,171.6484375
2023-11-01,171.6484375,171.90496247869652,167.849808268541,168.71806981976965,56934900,0.018738688318080454,172.5102798461914,174.29602661132813,171.11666675973157,49.545801971401175,0.010923984295372025,175.2003936767578
2023-11-02,175.2003936767578,175.40758286457637,173.11855033416663,173.17774724497193,77334800,0.020693204252196118,172.64150466918946,174.22597381591797,171.5055931327817,56.67656281341309,0.011766780845175686,174.2926788330078
2023-11-03,174.2926788330078,174.46042350768224,171.0367278993792,171.91485064572058,79829200,-0.005181009155862504,172.6000663757324,174.23130157470703,171.7710298661366,54.55460614944444,0.011362015852247904,176.83822631835938
2023-11-06,176.83822631835938,177.03555436857033,173.858538133294,174.02626772873157,63841300,0.014605016701765727,172.611905670166,174.24353576660155,172.25362000444352,59.17114653527401,0.011686621819880729,179.39370727539062
2023-11-07,179.39370727539062,180.00542885763969,176.5817331247381,176.78892234542403,70530000,0.014450953338734918,172.7811180114746,174.27570098876953,172.9336283159623,63.2114632598727,0.012078722019236031,180.44937133789062
2023-11-08,180.44937133789062,181.00189584845015,179.16671654971245,179.91658414704074,49340300,0.005884621476044405,172.93355484008788,174.25142852783202,173.64941336566977,64.76273606084857,0.01202649455885738,179.97581481933594
2023-11-09,179.97581481933594,181.6629871195562,179.3838155582821,180.51847829944086,53763500,-0.00262431791833706,173.0174201965332,174.1480276489258,174.25192778982847,63.46981018161842,0.012010018406483747,184.1548309326172
2023-11-10,184.1548309326172,184.32279657138264,181.31940452226758,181.75410719319203,66133400,0.023219876056548294,173.40199432373046,174.12386535644532,175.195061422475,69.29538750221974,0.012735488196550095,182.5741424560547
2023-11-13,182.5741424560547,183.7893232540613,181.9912524470517,183.58186108306094,43627500,-0.00858347548395777,173.71394882202148,174.0367138671875,175.89783104472068,65.06855416908238,0.012950280597306766,185.18234252929688
2023-11-14,185.18234252929688,185.8442707665973,184.05607409829287,185.43920547847273,60108400,0.01428570354024794,174.23376693725587,173.99699066162108,176.78207023372792,68.4845235697332,0.012983435364893797,185.74546813964844
2023-11-15,185.74546813964844,187.21752694473682,185.51824264456812,185.5874067506803,53790500,0.0030409249751361944,174.84636688232422,174.10251708984376,177.6357271771489,69.18518156611174,0.012752475424936951,187.42501831054688
2023-11-16,187.42501831054688,188.65996251273407,186.37777296409004,187.286705162902,54412900,0.009042213453281711,175.56168899536132,174.34720733642578,178.5680406184249,71.23898466751808,0.012737007896301934,187.40524291992188
2023-11-17,187.40524291992188,188.08693448765234,186.29873780998344,187.9584954748911,50922700,-0.00010551094407384998,176.40330200195314,174.579267578125,179.40967893285318,71.17883034884747,0.012002487829400927,189.14404296875
2023-11-20,189.14404296875,189.59850904887813,187.592960955599,187.6028350817968,46505100,0.009278289239597726,177.32593383789063,174.82281860351563,180.3367612219862,73.31267769896355,0.012001985438225494,188.34381103515625
2023-11-21,188.34381103515625,189.21321658430173,187.454657232623,189.10454089065857,38134500,-0.004230806960840772,178.18684921264648,175.11074768066408,181.09933739466905,70.71771636129694,0.012175655615248769,189.00570678710938
2023-11-22,189.00570678710938,190.60618938615343,188.53149251239262,189.18354656200316,39617700,0.0035142952046860465,179.1962989807129,175.4531573486328,181.85232495585385,71.61273835853618,0.011394178693578016,187.68186950683594
2023-11-24,187.68186950683594,188.60066069963858,186.97054048498805,188.57102324664504,24048300,-0.007004218564493292,180.3472473144531,175.73889831542968,182.40751967499497,67.18931338271537,0.009440386777850106,187.5040283203125
2023-11-27,187.5040283203125,188.37343380166539,186.6247487130357,187.63246733233092,40552600,-0.0009475672156865622,181.42369003295897,176.03548767089845,182.8929014507395,66.59421697947752,0.009582102276584023,188.106689453125
2023-11-28,188.106689453125,188.77850691885152,187.11873411970524,187.4941619704054,38415400,0.0032141236548954843,182.4281478881836,176.28572052001954,183.38945268906193,67.64018561973349,0.009490438504499243,187.08909606933594
2023-11-29,187.08909606933594,189.77633577367203,186.6939199672285,188.60066651864972,43014200,-0.005409660798068705,183.35804595947266,176.49389526367187,183.74179967765946,63.99651502961927,0.009795616824039136,187.66207885742188
2023-11-30,187.66207885742188,188.02763251612237,185.92328320995222,187.55340318726755,48794400,0.0030626198967447227,184.15872802734376,176.78417388916014,184.1151595995416,65.13537746741788,0.009276633443919996,188.93655395507812
2023-12-01,188.93655395507812,189.2526917735191,186.95075439627809,188.0375111237308,45704800,0.0067913299555022455,184.84553604125978,177.13072570800782,184.57434001435462,67.59102738858914,0.008487499250268642,187.1483612060547
2023-12-04,187.1483612060547,187.76090372984268,185.1922139752508,187.69173962433385,43389500,-0.00946451447107799,185.48832015991212,177.42454315185546,184.81948488975462,61.089495684139735,0.008775613898136615,191.0902862548828
2023-12-05,191.0902862548828,192.0584780958342,187.88930609245244,187.91895861640964,66628400,0.02106310214754159,186.20092315673827,177.7717428588867,185.41670406738587,68.32300885227181,0.00930469021140199,190.00355529785156
2023-12-06,190.00355529785156,192.4141533735728,189.79607806848605,192.10788966712872,41089700,-0.005687002611852954,186.73141555786134,178.17850860595703,185.85354704171593,64.74932584278085,0.009194511043049927,191.93006896972656
2023-12-07,191.93006896972656,192.6512720749557,191.2582515665674,191.29777821822415,47477700,0.010139355912866854,187.30545043945312,178.65399658203125,186.43226341581217,67.94980135878208,0.009315217126223404,193.35272216796875
2023-12-08,193.35272216796875,193.62934842275146,191.33728508312288,191.86090014217592,53406400,0.0074123518314714865,187.97429580688475,179.15280700683593,187.09135472554138,70.10810323468,0.009259097994418392,190.85317993164062
2023-12-11,190.85317993164062,191.15945870925907,189.11438419177532,190.78403090604945,60943700,-0.012927370291465179,188.30921325683593,179.59136474609375,187.4496237927889,62.184710255630456,0.008748090680075166,192.36476135253906
2023-12-12,192.36476135253906,192.3746354774224,189.41076991243543,190.75438957156285,52696900,0.007920126986827425,188.79874420166016,180.0100326538086,187.91773213181276,64.7772309010725,0.008489233402161844,195.57562255859375
2023-12-13,195.57562255859375,195.61513413450965,192.50308121236986,192.74018081786602,70404200,0.01669152491068915,189.318408203125,180.51955688476562,188.64705502960143,69.55234080855948,0.008677748180544152,195.72384643554688
2023-12-14,195.72384643554688,197.21565367427257,193.79733640540357,195.63493406684867,66831600,0.0007578852364829025,189.81732711791992,181.0071823120117,189.321035163501,69.75617540870496,0.008689001179550458,195.19029235839844
2023-12-15,195.19029235839844,196.01028180866058,194.6271507268951,195.1507657132062,128538400,-0.0027260555464514447,190.2055908203125,181.45947021484375,189.8800120392055,67.99166339378394,0.008632018666226112,193.53054809570312
2023-12-18,193.53054809570312,194.26164038796966,192.0486152607036,193.72813612536964,55751900,-0.008503211110764575,190.51185607910156,181.82765228271484,190.22768213982434,62.680137355119186,0.008941943150945663,194.56793212890625
2023-12-19,194.56793212890625,194.57780625556214,193.53057597994234,193.7973281496765,40714100,0.005360311555001163,190.78305053710938,182.18698211669923,190.64103928164167,64.5444997426037,0.008807876200260049,192.48330688476562
2023-12-20,192.48330688476562,195.29897006409448,192.48330688476562,194.52836624027822,52242800,-0.0107141255053248,190.99002532958986,182.51645904541016,190.81649333908206,58.24740804958073,0.009141014999072985,192.3351287841797
2023-12-21,192.3351287841797,194.70623052718972,191.16934877699248,193.73803856316968,46482500,-0.0007698231238029152,191.15649642944337,182.81514892578124,190.96112528623422,57.81562388702058,0.009132323850770934,191.26812744140625
2023-12-22,191.26812744140625,193.05632389177538,190.64571085868127,192.82908334808235,37149600,-0.005547615505905434,191.33580932617187,183.0745413208008,190.9903635867268,54.672752089268826,0.009071466766770953,190.7247772216797
2023-12-26,190.7247772216797,191.55465607108982,190.50742584564344,191.2780297879531,28919300,-0.0028407776402422646,191.49684677124023,183.35976989746095,190.9650696471985,53.09006779109217,0.009102527733201375,190.8235321044922
2023-12-27,190.8235321044922,191.16932243864449,188.78834689776542,190.17149315937536,48087700,0.0005177873805966016,191.6326889038086,183.6495394897461,190.95158988122648,53.35436814984638,0.009086264297091189,191.24838256835938
2023-12-28,191.24838256835938,192.31537606668746,190.84331729052167,191.80163510638113,34049900,0.0022264049888487403,191.84065322875978,183.9787875366211,190.97985585142962,54.54099740758618,0.008973265136749595,190.21102905273438
2023-12-29,190.21102905273438,192.0585006042798,189.4206618129017,191.56452296375952,42672100,-0.00542411654255015,191.96810073852538,184.31313873291015,190.90663425155387,51.121346852711454,0.009077526298398928,183.40399169921875
2024-01-02,183.40399169921875,186.1702691079172,181.6750702031571,184.89579853453512,82488700,-0.03578676477076648,191.69147262573242,184.51884704589844,190.19209686561717,35.42535165321975,0.01207506457203745,182.03074645996094
2024-01-03,182.03074645996094,183.64111826756874,181.22061595613366,182.0011090098209,58414500,-0.007487542809373138,191.43559188842772,184.74800231933594,189.41482539841184,33.210060140417525,0.012013638467831047,179.71893310546875
2024-01-04,179.71893310546875,180.88471299934187,178.70134046081682,179.95603270422265,71983600,-0.012700125662565953,190.86702423095704,184.92855285644532,188.4914070847982,29.828357597558295,0.011035779724032321,178.9977264404297
2024-01-05,178.9977264404297,180.55869755734878,177.99989705667167,179.79798286255345,62379700,-0.00401296987789157,190.31673278808594,185.08599731445312,187.58724702342977,28.841674123342898,0.011020700895511633,183.32498168945312
2024-01-08,183.32498168945312,183.36450834315934,179.313885613353,179.89677561800764,59144500,0.024174917386247108,189.88647842407227,185.37616271972655,187.18131699162248,41.37268206405218,0.012271961495991806,182.9100341796875
2024-01-09,182.9100341796875,182.9199083051763,180.52905841182087,181.7047275700206,42841800,-0.0022634531635657984,189.3643440246582,185.7411053466797,186.7745281523906,40.63373661806331,0.012061200306110081,183.9473876953125
2024-01-10,183.9473876953125,184.1548498527509,181.70472508990332,182.12955368013527,46792900,0.005671386593290473,189.0190544128418,186.10054962158202,186.50527668028792,43.35744040930936,0.011947838620946855,183.35459899902344
2024-01-11,183.35459899902344,184.7970202008086,181.40832608034748,184.293153408918,49128400,-0.003222599155748518,188.56854629516602,186.40729095458985,186.20521213921512,42.16688531567828,0.01172986945241299,183.68063354492188
2024-01-12,183.68063354492188,184.49076406507768,182.95943045197853,183.81894667336306,40477800,0.001778163993040538,187.97379684448242,186.7110809326172,185.96477608261574,43.09244447199762,0.01090182660281594,181.41822814941406
2024-01-16,181.41822814941406,182.04062970854807,178.7507369031224,179.96593271976667,65603000,-0.01231706006150346,187.25851593017578,186.90647674560546,185.53177151754892,38.48925741815937,0.011050857277708758,180.4796600341797
2024-01-17,180.4796600341797,180.72664884969066,178.12833676151584,179.08665457169852,47317400,-0.005173505026525693,186.52298431396486,187.0120620727539,185.05061804294232,36.73606270613849,0.011052713176487402,186.35801696777344
2024-01-18,186.35801696777344,186.86186875433015,183.59173905481111,183.84860201119264,78005800,0.0325707447170529,186.16435775756835,187.2533688354492,185.17513222625956,51.60463396668335,0.013653020261991474,189.252685546875
2024-01-19,189.252685546875,189.6379874512041,186.54569809210085,187.04954979006996,68903000,0.015532836344798184,185.8985954284668,187.50165802001953,185.56347063774678,56.96794172396277,0.014115384495493006,191.5546112060547
2024-01-22,191.5546112060547,192.9772689432648,189.94423959032406,189.98376623580117,60133900,0.012163239071233845,185.85216064453124,187.7448760986328,186.13405545377609,60.698040037955565,0.014237861699102601,192.82907104492188
2024-01-23,192.82907104492188,193.39221269336167,191.4953406920358,192.67100968439368,42355600,0.006653245415722431,185.87685775756836,187.99247009277343,186.77167598626616,62.62946152545361,0.014317262528637038,192.1573028564453
2024-01-24,192.1573028564453,194.01466361551059,191.99922639290756,193.06621990928542,53631300,-0.0034837495447980205,185.92131652832032,188.2360998535156,187.28459283104513,60.92976907672822,0.01428085276683514,191.83126831054688
2024-01-25,191.83126831054688,193.90598035718745,190.78403816176663,192.86862433386716,54822100,-0.0016967065058256514,185.97664108276368,188.3896286010742,187.71760954337864,60.07758579811995,0.014269775495985076,190.1023406982422
2024-01-26,190.1023406982422,192.41415228379137,189.6281264159501,191.93006387634745,44594000,-0.009012751818466835,185.94058151245116,188.54019256591798,187.9447267962228,55.633923568746475,0.014423447826565365,189.42063903808594
2024-01-29,189.42063903808594,189.8849791703456,187.2965414692382,189.6972652775173,47145600,-0.0035859719435982207,185.8491943359375,188.62495849609374,188.08528986687645,53.93981876001889,0.014432860805843545,185.77511596679688
2024-01-30,185.77511596679688,189.48983770252025,185.21198926058483,188.64019550498801,55859400,-0.01924564867799894,185.6273986816406,188.62555145263673,187.86527330496412,45.89184918043738,0.015006539470121219,182.17893981933594
2024-01-31,182.17893981933594,184.846431021382,182.12955411744667,184.7871410441138,55467800,-0.019357684847865597,185.56614608764647,188.5206298828125,187.32371773490428,39.612996077459755,0.013366279339743225,184.60931396484375
2024-02-01,184.60931396484375,184.6982263171025,181.6059367135455,181.77388729281213,64885400,0.013340587819415273,185.69507446289063,188.46471130371094,187.0652030901366,45.08163475600784,0.013582407889215376,183.61146545410156
2024-02-02,183.61146545410156,185.0736348136651,177.09095561888776,177.69360884630905,102551700,-0.0054051905037262316,185.88970108032225,188.35405975341797,186.73627569622852,43.34599002549037,0.013295984675813402,185.41943359375
2024-02-05,185.41943359375,186.97053056814926,183.60159955655655,185.88377376602236,69668800,0.009846706114877035,186.21078643798828,188.29557220458983,186.61086216265915,47.30461705601426,0.013373389564955774,187.01992797851562
2024-02-06,187.01992797851562,187.02980210381148,184.5204024536245,184.60931480628852,43490800,0.008631751018462586,186.3955337524414,188.25585662841797,186.64982081178835,50.595614167130044,0.012425702616070913,187.1286163330078
2024-02-07,187.1286163330078,188.74886241631054,186.33824908078662,188.3437971267345,53439000,0.0005811592147799693,186.60646286010743,188.2447915649414,186.6954203852378,50.82023751992418,0.012401780782905271,186.05174255371094
2024-02-08,186.05174255371094,187.25703410679802,185.09342474162452,187.1088468471974,40962000,-0.005754725281463702,186.71168060302733,188.21574584960936,186.6341177346162,48.46887902307799,0.012448702272281838,186.8134307861328
2024-02-09,186.8134307861328,187.94113632063826,185.97259122428568,186.61557552858977,45155200,0.0040939591425863675,186.8846221923828,188.18988067626952,186.65119516809398,50.22318908271677,0.012436651675131626,185.13174438476562
2024-02-12,185.13174438476562,186.63535673641036,184.77562606711913,186.3880527684402,41781900,-0.00900195662747827,186.957177734375,188.15073364257813,186.50648556968176,46.462304864236415,0.012633561554941835,183.0445098876953
2024-02-13,183.0445098876953,184.2019058140478,181.53101071537256,183.76664838776776,56529500,-0.011274319831029889,187.03849182128906,188.0583822631836,186.17677359996875,42.234951144130896,0.012580056506377672,182.1641082763672
2024-02-14,182.1641082763672,183.5292310959524,180.472557481369,183.3215042025078,54630500,-0.004809767918569574,187.12271423339843,187.92293334960937,185.794614997721,40.5586738849651,0.012571650695175322,181.87725830078125
2024-02-15,181.87725830078125,182.50046922442786,179.39433152096026,181.57060374922136,65434500,-0.0015746788887235352,186.89867630004883,187.8175112915039,185.42153340753626,40.001603678707035,0.010060450826740196,180.343994140625
2024-02-16,180.343994140625,182.8566116178717,179.71089640751978,181.4420246724119,49752500,-0.008430213730298286,186.45324172973633,187.60258544921874,184.93795823925902,37.07068576472145,0.009370030517535504,179.6020050048828
2024-02-20,179.6020050048828,180.4626178573417,178.05883088561825,179.82952039574,53665600,-0.004114299116407594,185.85561141967773,187.39455444335937,184.42977221693747,35.707210021318375,0.008726419024011544,180.35386657714844
2024-02-21,180.35386657714844,180.91771184255438,178.71176441081158,179.97795967071906,41371400,0.004186264915278626,185.23185119628906,187.1630303955078,184.04159072743374,38.18813520502006,0.00859657879056707,182.38172912597656
2024-02-22,182.38172912597656,182.9653779737103,180.49233824441416,181.50132758611662,52292200,0.011243798579503528,184.74307250976562,186.94361053466798,183.8835086701521,44.41790007480661,0.00919056860481297,180.55169677734375
2024-02-23,180.55169677734375,183.04451006700117,180.2648157032703,183.0148347964746,45119700,-0.010034077192944912,184.17909393310546,186.73758087158203,183.56619325178943,40.455300602818916,0.00933693564416752,179.20639038085938
2024-02-26,179.20639038085938,180.78912706737802,178.70188051494486,180.27474556873526,40867400,-0.007451086976731136,183.63429641723633,186.47441345214844,183.15097393074848,37.78655843946949,0.009290276738731989,180.66050720214844
2024-02-27,180.66050720214844,181.93658908973126,177.62360710096542,179.1470080612827,54318900,0.0081142018328626,183.19628982543946,186.17611114501952,182.91378662326275,42.223134543904905,0.009608132495009742,179.4635467529297
2024-02-28,179.4635467529297,181.14521076395337,178.1874648834917,180.54178846123017,48953900,-0.006625468220785136,182.8807113647461,185.8509051513672,182.5851923498977,39.71264885377317,0.00882020176879421,178.80075073242188
2024-02-29,178.80075073242188,180.6011306821249,177.59390628342499,179.31514716008485,136682600,-0.003693206963196194,182.7118019104004,185.52311431884766,182.2247693387095,38.352804564781074,0.007805910087828418,177.72254943847656
2024-03-01,177.72254943847656,178.58316252471684,175.46713817545924,177.61373507516265,73563100,-0.006030183260018029,182.36746368408203,185.20695434570314,181.79598649106828,36.18229796082646,0.00711641025733862,173.21170043945312
2024-03-04,173.21170043945312,174.9922768844708,171.91581500377694,174.25036500096815,81510100,-0.02538141059351051,181.84747543334962,184.77982971191406,180.9784354385335,28.830962390045713,0.008832823251921829,168.285400390625
2024-03-05,168.285400390625,170.1846930657021,167.7907924514621,168.91849794898403,95132400,-0.028440919616455895,180.99077377319335,184.29587158203125,179.76957495778032,23.270374301125543,0.010002420317064003,167.2961883544922
2024-03-06,167.2961883544922,169.39333632878757,166.86093094295472,169.21526961759642,68587700,-0.005878180958280632,180.00458679199218,183.7950927734375,178.5816333765148,22.338682330022024,0.009490949115566232,167.177490234375
2024-03-07,167.177490234375,168.88882954707424,166.67299554984157,167.32586658446218,71765100,-0.0007095088135880001,179.00703048706055,183.31328002929686,177.4955245058348,22.223701744404977,0.009451632264000878,168.88882446289062
2024-03-08,168.88882446289062,171.82679686006907,167.11813466346086,167.1774852017091,76267000,0.010236630697807447,178.14888458251954,182.8765609741211,176.67583878745916,27.979416697969754,0.010090715059528355,170.88705444335938
2024-03-11,170.88705444335938,172.49948126334272,170.1946063009313,171.07500788792643,60139500,0.011831629397762944,177.35256576538086,182.47783142089844,176.124525992783,34.11083995698746,0.010585028630230774,171.3618621826172
2024-03-12,171.3618621826172,172.15323790323208,169.16580172767317,171.28272310113206,59825400,0.0027784886386181817,176.66407165527343,182.0801010131836,175.67093896324337,35.515644895927025,0.010642603630924,169.28451538085938
2024-03-13,169.28451538085938,171.32229764254458,168.91849524765144,170.90682879160028,52488700,-0.012122573688794436,175.97607192993163,181.66157073974608,175.06270814587347,32.273556981764884,0.010675585159959233,171.13433837890625
2024-03-14,171.13433837890625,172.43020869953008,170.1945863604126,171.04531257693264,72913500,0.010927301849700255,175.4245834350586,181.41617767333983,174.68857769187662,37.72515228400824,0.011169292460410585,170.75845336914062
2024-03-15,170.75845336914062,170.75845336914062,168.45357838204507,169.3240932528417,121752700,-0.002196432424528272,174.86864318847657,181.19073181152345,174.31428013733034,37.07213828256337,0.011165810244077125,171.8466033935547
2024-03-18,171.8466033935547,175.79358063684148,171.6487632139381,173.67665901704393,75604200,0.006372451863696282,174.44377365112305,181.03328521728517,174.0792633045898,40.294147992084994,0.011283148351151096,174.18113708496094
2024-03-19,174.18113708496094,174.70542030322298,171.16402557801365,172.45989598897214,55215200,0.013584985942723726,174.17273025512696,180.93695343017578,174.08896556938706,46.610102722789044,0.011818814920238037,176.74319458007812
2024-03-20,176.74319458007812,176.74319458007812,173.20180001631465,173.82501083363408,53423100,0.014709155870692658,173.99219665527343,180.8053176879883,174.34174928469096,52.543351779712566,0.012307721000291377,169.52191162109375
2024-03-21,169.52191162109375,175.57592275278003,168.9976284397713,175.1406653733646,106181300,-0.040857488041569745,173.3492057800293,180.53755523681642,173.8827171262531,39.290000649511214,0.014845766875121638,170.422119140625
2024-03-22,170.422119140625,171.18381963278856,168.22605856941686,169.90772263085663,71160100,0.0053102723472311375,172.84272689819335,180.26704986572267,173.5531363657171,41.278467117813975,0.014889101833980073,169.00755310058594
2024-03-25,169.00755310058594,170.085794876263,167.6226416976105,168.73057383883838,54288300,-0.008300366449919716,172.3327850341797,179.9801089477539,173.12022367379984,39.11067028568216,0.014904340102243454,167.8798370361328
2024-03-26,167.8798370361328,169.57138777241732,167.7512341389727,168.16670300567833,57388400,-0.006672577904148214,171.6937515258789,179.66409301757812,172.62113923211726,37.42334489832078,0.014698808241176755,171.4409942626953
2024-03-27,171.4409942626953,171.72787530814264,168.27550660374618,168.57227437363676,60273300,0.021212536832496687,171.2926239013672,179.46454833984376,172.5087444731247,45.42971832211577,0.01567844561467115,169.6307373046875
2024-03-28,169.6307373046875,170.37264922530974,168.67119667981044,169.89782982249778,65672700,-0.01055906707606935,170.83412322998046,179.2475698852539,172.23464855232115,42.45602237559025,0.01578842698779413,168.19639587402344
2024-04-01,168.19639587402344,169.40324060587884,167.6523240532299,169.3438900607447,46240500,-0.008455669376050245,170.35781555175782,178.8843374633789,171.85005305914993,40.21012973440216,0.015826165591920814,167.0192108154297
2024-04-02,167.0192108154297,167.51381877100314,166.41578850586058,167.25662806803024,49329500,-0.006998872077350837,170.04819107055664,178.43966796875,171.3899728454623,38.41408534135937,0.014944576640376551,167.82046508789062
2024-04-03,167.82046508789062,168.83935621904524,166.76201196368757,166.96973884210524,47691700,0.0047973779096968094,170.02494430541992,177.96498504638672,171.05001972569357,40.36654411069003,0.013603647871381061,166.9994354248047
2024-04-04,166.9994354248047,170.06599565718972,166.9994354248047,168.4535689105981,53704400,-0.004892309544345164,170.01010665893554,177.44839233398437,170.66424979227557,39.00208212291785,0.013583186489357803,167.75120544433594
2024-04-05,167.75120544433594,168.5524677712254,167.12799470376228,167.76109216771988,42104800,0.004501632102042352,170.0387924194336,176.96027038574218,170.38681699723372,40.96963396854256,0.013618798425300558,166.6334228515625
2024-04-08,166.6334228515625,167.37533481002382,166.4256959559663,167.20716991074772,37425500,-0.00666333568103239,169.9260223388672,176.4563134765625,170.02935088812217,38.95748949754907,0.013490918436036153,167.8402862548828
2024-04-09,167.8402862548828,168.24586846008486,166.53452891117558,166.8807454739117,42373800,0.00724262505485096,169.77368392944337,176.01107238769532,169.8208685420994,42.255077094484825,0.013306393559878517,165.97064208984375
2024-04-10,165.97064208984375,167.2665125006067,165.30786924976792,166.97964653177021,49709300,-0.011139424310798729,169.50412292480468,175.54207244873047,169.45418030855123,38.76164963342989,0.013471534287800168,173.15237426757812
2024-04-11,173.15237426757812,173.56785829994772,166.34657796942244,166.52462961680425,91070300,0.04327109955896136,169.69751586914063,175.2896176147461,169.80638925702996,54.36789055524656,0.016523441808083142,174.64608764648438
2024-04-12,174.64608764648438,176.43656618963917,172.33132583138607,172.38077455594663,101670900,0.0086265832924588,169.87310333251952,175.13896057128906,170.2673129131685,56.831997356418455,0.016460482517258835,170.8276824951172
2024-04-15,170.8276824951172,174.72519524382946,170.6397290741028,173.46888692512982,73531800,-0.021863674147091894,169.87656478881837,174.86332794189454,170.32068144478268,49.476863775823276,0.017239615772398718,167.5533905029297
2024-04-16,167.5533905029297,171.88614579113815,166.45536027289515,169.8978273072319,73711200,-0.01916722128616999,169.66190414428712,174.5421664428711,170.05712992651095,44.194960139238894,0.017695200221939496,166.18826293945312
2024-04-17,166.18826293945312,168.80967890645843,166.18826293945312,167.780901063059,50901200,-0.008147418320685662,169.26226043701172,174.15754302978516,169.688666403934,42.17348540179181,0.017409922615680692,165.2386474609375
2024-04-18,165.2386474609375,166.82139922758353,164.75394124175978,166.21797681465168,43122900,-0.005714094736411046,168.6870330810547,173.7219174194336,169.26485507602956,40.776273308616,0.0169589012802937,163.2206268310547
2024-04-19,163.2206268310547,164.60552308162337,162.31054999578998,164.41758473594675,68149400,-0.012212764149863164,168.37196884155273,173.24375762939454,168.68921429079387,37.9024957488877,0.014668161693279941,164.0515594482422
2024-04-22,164.0515594482422,165.45624419964858,162.99310629576294,163.73501821268977,48116400,0.005090855447134057,168.0534408569336,172.80375396728516,168.24753287721754,39.78432437192673,0.014662651690924075,165.10012817382812
2024-04-23,165.10012817382812,165.24851961582092,163.14148491226467,163.56685559955991,49537800,0.0063917022740449525,167.8580696105957,172.36948791503906,167.9477800483233,42.1661175593693,0.01468797375111305,167.19728088378906
2024-04-24,167.19728088378906,167.47426013692973,164.41758653276062,164.74401450706145,48251800,0.01270230818811302,167.8239418029785,172.01079864501952,167.8763039374153,46.70644346649046,0.014935687040865425,168.0579071044922
2024-04-25,168.0579071044922,168.7701438382538,166.33666581552853,167.7017887376114,50558300,0.005147369718897066,167.65478744506837,171.71106658935548,167.89359947713692,48.4934905702437,0.014140019958753289,167.4742431640625
2024-04-26,167.4742431640625,169.49223681731962,167.35552700029277,168.04799015720317,44838400,-0.003472993032495597,167.5469627380371,171.41726928710938,167.85366078065363,47.334259907969546,0.013973104222083834,171.62896728515625
2024-04-29,171.62896728515625,174.13168243053624,171.2332869429431,171.5003643815301,68169400,0.024808137911831896,167.71859130859374,171.21230346679687,168.21321378108246,55.49070856301055,0.014929256120904875,168.49314880371094
2024-04-30,168.49314880371094,173.10289859543835,168.1667057400835,171.46079655206535,65934800,-0.018270916215648136,167.79228820800782,170.9752865600586,168.23987425942803,49.28639960538012,0.015455207784432337,167.4742431640625
2024-05-01,167.4742431640625,170.84747276952126,167.28628974114312,167.75122238913238,50383100,-0.00604716361990143,167.7749771118164,170.73273132324218,168.16695701225035,47.43072985782516,0.015488614140286721,171.1640167236328
2024-05-02,171.1640167236328,171.5498103000238,169.04709541575278,170.64962025703286,94214900,0.02203188675380785,167.98320617675782,170.5489343261719,168.45239127047725,54.16136031496276,0.01619414395060565,181.4024200439453
2024-05-03,181.4024200439453,184.98337684032407,180.69018337477516,184.637145231003,163224100,0.05981633006920939,168.66576690673827,170.52934814453124,169.68572734414087,66.84597463728142,0.020821941422315898,179.7504425048828
2024-05-06,179.7504425048828,182.2135806366563,178.47434543693257,180.383540128798,78569700,-0.009106700663984002,169.3216178894043,170.51332305908204,170.6442716451639,63.7792044571962,0.020895587209302933,180.43296813964844
2024-05-07,180.43296813964844,182.9060078076493,179.36462828599997,181.47164781905605,77305800,0.003797073460595657,169.95125198364258,170.5378546142578,171.57652845416243,64.50378641123947,0.020881638951019504,180.76934814453125
2024-05-08,180.76934814453125,181.09579125547057,179.4932509750194,180.87816251484435,45057100,0.001864293473366141,170.69118728637696,170.54003143310547,172.4520350913404,64.87671063873509,0.020591536735385326,182.57958984375
2024-05-09,182.57958984375,182.66861565405213,180.14611203583203,180.5912561815798,48983000,0.010014096514699977,171.16254806518555,170.60235229492187,173.4165641153794,66.89254762080833,0.018533906045515487,181.32156372070312
2024-05-10,181.32156372070312,183.34229448527321,180.4102525825865,183.1540861312051,50759500,-0.006890288909748854,171.49632186889647,170.6527685546875,174.1694212206483,64.13761603594405,0.01860244488637503,184.52108764648438
2024-05-13,184.52108764648438,185.33335221774516,182.8767582325011,183.68902280376187,72044800,0.0176455787173202,172.18099212646484,170.78873931884766,175.15529421358505,67.772872573287,0.01801926286324171,185.6602020263672
2024-05-14,185.6602020263672,186.52199740854093,184.53096697721375,185.73944844741243,52393600,0.00617335608852021,173.08633270263672,171.03770935058594,176.1557616243262,68.97853270323566,0.017174597555153694,187.9285888671875
2024-05-15,187.9285888671875,188.849800179078,185.6007724639543,186.13568203158255,70400000,0.012217948790652189,174.17334899902343,171.43057312011717,177.27698326650346,71.2825397352664,0.016938634338553686,188.04745483398438
2024-05-16,188.04745483398438,189.29556710780693,187.86916171755817,188.67151097089564,52845200,0.0006325060360075074,175.31378936767578,171.84559844970704,178.3027424634064,71.4024002501964,0.01676023843460788,188.07717895507812
2024-05-17,188.07717895507812,189.00830557822601,187.39369174809892,187.72057759120682,41282900,0.00015806712789601107,176.55661697387694,172.26359222412108,179.23364117689894,71.43450786168256,0.01624924502126678,189.2361297607422
2024-05-20,189.2361297607422,190.10782534306233,187.22529890901677,187.54228461702792,44361300,0.006162102239638978,177.81584548950195,172.67053833007813,180.18625913726498,72.720548557702,0.016243569281959143,190.5337677001953
2024-05-21,190.5337677001953,190.91016932460286,189.11726241831752,189.28565540299905,42309400,0.006857242013424081,179.0875274658203,173.06347259521485,181.17173614325833,74.12518358608479,0.016242549708612598,189.09744262695312
2024-05-22,189.09744262695312,190.99932654838926,188.47340160760692,190.45451683728567,34648500,-0.007538427915319668,180.18253555297852,173.41818420410155,181.92656533218164,69.83863738082411,0.01651726989623551,185.1154022216797
2024-05-23,185.1154022216797,189.1964945447871,184.86776283091424,189.17667916140735,51005900,-0.02105813991958161,181.0354103088379,173.73480194091798,182.23026408356242,59.555993295339974,0.017616358133920273,188.18614196777344
2024-05-24,188.18614196777344,188.78048261582597,186.26445766907554,187.03710655742805,36327000,0.016588245544346902,182.07100524902344,174.0758380126953,182.79749054872536,63.96242132578959,0.0176801581427431,188.196044921875
2024-05-28,188.196044921875,191.1776178733189,187.31444925751387,189.70168159973719,52280100,5.26231846724734e-05,182.89935913085938,174.42458984375,183.31163858426342,63.97605240523371,0.01715225459956196,188.4932098388672
2024-05-29,188.4932098388672,190.43470949642946,187.72057607583483,187.81963788738682,53068000,0.001579017864671739,183.89936218261718,174.75752197265626,183.80512156089233,64.41107020427025,0.016303035784575162,189.48374938964844
2024-05-30,189.48374938964844,190.365345015264,188.82999288588945,188.95875509095092,49889100,0.005255041025764351,184.99983749389648,175.06357421875,184.3459432588691,65.88970254159547,0.016066854363546264,190.4346923828125
2024-05-31,190.4346923828125,190.7516780595243,188.1167913020161,189.6323431713606,75158300,0.005018599200338647,185.96337127685547,175.33740417480467,184.9258241278161,67.29456108992622,0.01563538157908252,192.19790649414062
2024-06-03,192.19790649414062,193.14884852262287,190.7021698304424,191.07857147290113,50080500,0.009258891272729386,186.50314559936524,175.79092407226562,185.6184034007994,69.77986099335476,0.009110581413618242,192.51487731933594
2024-06-04,192.51487731933594,193.47571940906454,191.2073340206378,192.80213237542046,47471400,0.0016491897907586761,187.1413673400879,176.23277923583984,186.27521044066,70.21799968395102,0.00866917641876824,194.02052307128906
2024-06-05,194.02052307128906,195.04079624688396,193.02996541617088,193.5549597642067,54156800,0.007820931934811481,187.82074508666992,176.7330386352539,187.0128592626247,72.27429701074482,0.008723642832352515,192.64366149902344
2024-06-06,192.64366149902344,194.64459232913165,192.33659102362645,193.84224299284628,41181800,-0.007096473870239595,188.41446075439453,177.2283151245117,187.54912614228172,67.67280785591728,0.009045595336591264,195.0308837890625
2024-06-07,195.0308837890625,195.08041469163098,192.30685040959915,192.81202934049514,53103900,0.012391906753969062,189.03702545166016,177.70011291503906,188.26167448959418,71.10749361759204,0.009154494807322309,191.29649353027344
2024-06-10,191.29649353027344,195.43703247512377,190.33565137548777,195.04080033594326,97010200,-0.019147686695754396,189.53577194213867,178.13342803955078,188.55070487442077,60.31217342347112,0.01022358286672772,205.1940155029297
2024-06-11,205.1940155029297,205.2039307530545,191.80168667352532,191.82148694435384,172373300,0.07264912030631088,190.56941833496094,178.8733804321289,190.13578207713593,75.32536970846537,0.018497137530768083,211.05812072753906
2024-06-12,211.05812072753906,218.1207863262847,204.94636687125956,205.41193016487838,198134300,0.02857834430617512,191.83931427001954,179.75415863037108,192.1283857581267,78.94468670965725,0.01920613597655071,212.21707153320312
2024-06-13,212.21707153320312,214.70336573665497,209.60200000148347,212.71235034689784,97862700,0.005491145290543953,193.05373840332032,180.64209075927735,194.04159392718162,79.5821197226723,0.01916145085762834,210.4835968017578
2024-06-14,210.4835968017578,213.13828400218216,209.3048308005582,211.83075578674166,70122700,-0.008168403790145162,194.175545501709,181.5117739868164,195.60749896285554,75.88173163425928,0.01939721916135606,214.62413024902344
2024-06-17,214.62413024902344,216.88260054537645,210.71143044440285,211.35528688913016,93728300,0.019671525525883915,195.50289306640624,182.44923248291016,197.41860670439536,78.45826576800101,0.01958700011200374,212.26661682128906
2024-06-18,212.26661682128906,216.56564900877095,210.98880395485267,215.5354604688841,79943300,-0.010984381975125523,196.6544174194336,183.3618963623047,198.83270290600427,73.63483909775147,0.019987579687632807,207.70010375976562
2024-06-20,207.70010375976562,212.21705896960654,206.87795427864972,211.90997342693947,86172500,-0.02151310050495625,197.51273422241212,184.15909271240236,199.67721727302916,65.26507820289291,0.020904979095512737,205.53082275390625
2024-06-21,205.53082275390625,209.8892705909824,205.15440599094305,208.40343403997312,241805100,-0.01044429428099114,198.33440322875975,184.95029632568358,200.2347035093032,61.678507800745315,0.021003101967969964,206.17466735839844
2024-06-24,206.17466735839844,210.69160779538842,204.63929998769706,205.75863496180304,80727000,0.0031325939139703607,199.3873664855957,185.6107421875,200.80041435207417,62.34000601201125,0.020139895129625825,207.09591674804688
2024-06-25,207.09591674804688,209.3841027399326,206.64025353103247,207.17514806736853,55549700,0.004468295748706108,200.33285522460938,186.25973876953125,201.39998600883348,63.31577376490376,0.019973170811308495,211.23638916015625
2024-06-26,211.23638916015625,212.8311873569971,208.65103345259956,209.5029135164035,66213200,0.019993018100625815,201.48487243652343,187.06791290283203,202.33678630895943,67.40360662909094,0.020210378782952725,212.07839965820312
2024-06-27,212.07839965820312,213.70291360533915,210.34492376459474,212.66282504623206,49772700,0.003986105336275525,202.66413192749025,187.9584130859375,203.2645590088874,68.18014733550413,0.02018994705504238,208.63125610351562
2024-06-28,208.63125610351562,214.02980761283354,208.3142855019514,213.73263728250333,82542700,-0.016254100182965803,203.6215072631836,188.80727294921874,203.7756730178996,61.699709588094755,0.020800970701707708,214.70338439941406
2024-07-01,214.70338439941406,215.45620282037203,209.91898882948186,210.08738182701015,60402900,0.02910459539622212,204.83494186401367,189.79656768798827,204.8164074351867,67.55056995202172,0.021486525055181577,218.19012451171875
2024-07-02,218.19012451171875,218.29908645117231,213.0689435868198,214.1090169642201,58046200,0.016239800420743578,206.1345527648926,190.89595764160157,206.09009477580878,70.35139070531136,0.021594758876109746,219.4580535888672
2024-07-03,219.4580535888672,219.4580535888672,216.9618440422543,217.92268618597842,37369800,0.005811120370300404,207.48171157836913,192.00408752441408,207.36323371038577,71.32079603308964,0.02156479108240193,224.20281982421875
2024-07-05,224.20281982421875,224.3117817727132,219.55710192478037,219.55710192478037,60412400,0.02162037873643219,208.99082641601564,193.1861413574219,208.9670038164651,74.65979131008886,0.021818891694514942,225.66883850097656
2024-07-08,225.66883850097656,225.69855401964364,221.14198303770854,224.94572057418634,59085900,0.006538805702386741,210.64208526611327,194.35557250976564,210.55765473879956,75.60485584706382,0.021550954296986016,226.5207061767578
2024-07-09,226.5207061767578,227.23390886254342,224.23252052432466,225.77778797195694,48076100,0.0037748573593050505,212.21657638549806,195.52482849121094,212.07794535193844,76.16121184356909,0.021547995893322666,230.7801055908203
2024-07-10,230.7801055908203,230.8791673967792,227.0853299721382,227.13486087511765,62627700,0.018803576440993508,214.19075698852538,196.7909457397461,213.8591034699272,78.76851038224412,0.02071155777582795,225.4212188720703
2024-07-11,225.4212188720703,230.19569903805672,223.63821202212716,229.2051413563895,64710600,-0.023220748188110596,215.2021171569824,197.86679077148438,214.96025731775035,68.60235986528554,0.015890490648955254,228.36314392089844
2024-07-12,228.36314392089844,230.44332094014862,226.5207061684713,226.7584454352943,53046500,0.013050790265213275,216.0673683166504,199.06419067382814,216.23672270852634,70.82827082015402,0.015024950642448564,232.1867218017578
2024-07-15,232.1867218017578,234.99000194235262,230.88909361652622,234.2470836578572,62631300,0.01674341058373141,217.06585083007812,200.35844024658203,217.75577024121503,73.4616186635008,0.015289890869086397,232.6027374267578
2024-07-16,232.6027374267578,234.03904289009895,230.13624361936286,232.7810305355119,43234300,0.0017917287507731583,218.17180786132812,201.58721466064452,219.16976711602865,73.73938229350402,0.015011181970265037,226.7188262939453
2024-07-17,226.7188262939453,229.27446669281912,224.49997184852458,227.28343626123907,57345900,-0.02529596683987967,218.77654266357422,202.49354278564454,219.8887251329731,63.60024742902657,0.016048068669519813,222.0631866455078
2024-07-18,222.0631866455078,228.2640866473074,220.1712331922365,228.10559381010606,66034600,-0.020534861284088435,219.26637115478516,203.33979766845704,220.09581670559544,56.93001950942085,0.016614042241161316,222.1919708251953
2024-07-19,222.1919708251953,224.65846466815103,221.17169771561296,222.6971648700337,49151500,0.0005799438512654742,219.99096450805663,204.17497772216797,220.2954504312716,57.06416301245924,0.01564747058019121,221.84527587890625
2024-07-22,221.84527587890625,225.6291978658938,220.98348053112068,224.86646431913928,48201800,-0.0015603396693475435,220.80668716430665,204.99649627685548,220.44305285485584,56.553511965687846,0.015354305765032633,222.88534545898438
2024-07-23,222.88534545898438,224.7971293607533,220.57734458918785,222.25138924131514,39960300,0.00468826562097191,221.64222106933593,205.80261138916015,220.6756521504871,57.77429162784613,0.015353947881982183,216.4764404296875
2024-07-24,216.4764404296875,222.67734036905603,215.07976577070053,221.88489130573666,61777600,-0.02875426832616168,222.11124725341796,206.50570892333985,220.27572722469665,48.69462752452586,0.01701030399470222,215.4364013671875
2024-07-25,215.4364013671875,218.76467587085634,212.59349046705276,216.86279177043605,51391200,-0.004804398392894926,222.32124786376954,207.12401519775392,219.81483904779103,47.392961703806506,0.016554670615756526,215.9019317626953
2024-07-26,215.9019317626953,217.4174836156479,213.97033243488113,216.63493468142264,41601300,0.0021608715730188077,222.51242446899414,207.72884979248047,219.44218121111527,48.06220653039048,0.01654303936868402,216.17929077148438
2024-07-29,216.17929077148438,217.22927938341869,213.7127969665886,214.91137828370984,36311800,0.0012846527426808585,222.88982620239258,208.2938638305664,219.13142974067424,48.48271337483543,0.01603601146185023,216.73402404785156
2024-07-30,216.73402404785156,218.24957609355639,214.07932159795172,217.1203409396055,41643800,0.0025660796387456664,222.99135818481446,208.86759521484376,218.90310538897683,49.36571375695433,0.014709677399203043,219.98304748535156
2024-07-31,219.98304748535156,221.70662325926872,218.54674189777583,219.34909118598728,50036300,0.014990832435163304,223.08100433349608,209.50571258544923,219.005957017203,54.30567442926079,0.014642166569644633,216.29815673828125
2024-08-01,216.29815673828125,222.36036437427163,214.97081319041698,222.2514024343897,62501000,-0.016750794159789417,222.9230094909668,210.046953125,218.7480712763533,48.52354539104664,0.015075122927517446,217.78399658203125
2024-08-02,217.78399658203125,223.46980270062375,215.65430376795194,217.08069402896655,105568600,0.00686940594481289,222.60206832885743,210.5919577026367,218.65625463879883,50.79840108155924,0.014269237986127148,207.29400634765625
2024-08-05,207.29400634765625,211.4840610296135,194.14930192882554,197.21012147966275,119548600,-0.0481669470622641,221.6833267211914,210.9558889770508,217.5741357539281,38.0228937142512,0.017544142298663044,205.2732391357422
2024-08-06,205.2732391357422,208.00718767754023,199.1714160471065,203.3614702980554,69660500,-0.009748314712606843,220.62095336914064,211.35904571533203,216.40262179029133,36.13745853349593,0.01748560332086733,207.8388214111328
2024-08-07,207.8388214111328,211.62274392073394,204.4412006806638,204.94637966039352,63516400,0.012498376730412764,219.47388916015626,211.75209930419922,215.58702175418102,40.19233503061074,0.01709067810753692,211.29586791992188
2024-08-08,211.29586791992188,212.1774636990054,206.85817350164743,211.0977593959716,47161100,0.01663330500681859,218.76762161254882,212.21409576416016,215.17834043663254,45.23796046199221,0.01718742934115748,214.19818115234375
2024-08-09,214.19818115234375,214.7330756065884,209.96849596255686,210.09727328743648,42201600,0.013735778465491899,218.0593734741211,212.7281951904297,215.08499193336695,49.11891260389803,0.017221929423894403,215.7254180908203
2024-08-12,215.7254180908203,217.68898821235913,213.81143620679725,214.27753840147545,38028100,0.007130018239465574,217.2363082885742,213.25302856445313,215.14598490074349,51.083454405166506,0.016768492704644325,219.43438720703125
2024-08-13,219.43438720703125,220.04923895369578,217.19312608520667,217.19312608520667,44155300,0.01719300928483758,216.5778907775879,213.8330224609375,215.55440416800897,55.570005614673065,0.01736884744906534,219.8806610107422
2024-08-14,219.8806610107422,221.17979111862692,217.8774142480331,218.7402072098891,41960600,0.0020337459838957184,216.23598251342773,214.38667755126954,215.96642862922167,56.091842677711455,0.016559077925420357,222.85577392578125
2024-08-15,222.85577392578125,223.48055242779947,220.9120269929499,222.73677426147512,46414000,0.013530580185465713,216.2756118774414,214.99349548339845,216.62255675270353,59.506381043908505,0.01623586615367988,224.17474365234375
2024-08-16,224.17474365234375,224.94827173921567,221.7946444270254,222.0624088054674,44340200,0.005918490256401343,216.37475051879883,215.59657989501954,217.34181264790737,60.95601058083391,0.016284427638432318,224.01608276367188
2024-08-19,224.01608276367188,224.11525924613042,221.18971946787656,223.84749484925766,40687800,-0.0007077554147577603,216.4832908630371,216.2240283203125,217.97745742083734,60.67462794229865,0.01627966592714014,224.63092041015625
2024-08-20,224.63092041015625,225.28544883578485,223.57971634413767,223.8970689622142,30299000,0.002744613863876033,216.5705696105957,216.81602905273436,218.61112056267726,61.41789004342483,0.016259860143947372,224.52183532714844
2024-08-21,224.52183532714844,226.08872985229075,223.1830436738614,224.64085012661386,34765500,-0.0004856191783777497,216.97283935546875,217.48053588867188,219.17404577834117,61.19689216002637,0.014738905552809515,222.66734313964844
2024-08-22,222.66734313964844,226.4457337259973,222.04256465043304,225.90029338876204,43695300,-0.008259740905813606,217.3343864440918,217.83000244140624,219.50674076513235,57.414560635441234,0.01484190739908069,224.9581756591797
2024-08-23,224.9581756591797,226.32673228874265,222.46900358067504,223.78797197411373,38677300,0.010288138741991082,217.787198638916,218.10800354003905,220.0259250407559,60.649963594564255,0.014964258860417657,225.29534912109375
2024-08-26,225.29534912109375,225.39452559231563,222.0326490158817,224.87883517993083,30602200,0.0014988273305740485,218.24300155639648,218.36956909179688,220.52777495316903,61.118192713068545,0.014963672411441324,226.13832092285156
2024-08-27,226.13832092285156,226.95152567852384,223.02437015551794,224.1251624880706,35934600,0.0037416298429877592,218.71321640014648,218.68266357421874,221.06211266456737,62.32519646938867,0.014967595215739744,224.61106872558594
2024-08-28,224.61106872558594,227.95310672511408,223.8077756875659,226.0291983356657,38052200,-0.006753619603404815,218.9446174621582,218.88240234375,221.40010847990249,58.76585517275328,0.014780793335914618,227.8837127685547
2024-08-29,227.8837127685547,230.98775191089825,226.9812734022471,228.1911537968638,51906300,0.014570270563856402,219.52389526367188,219.1947442626953,222.01759460263128,63.56728131929325,0.014439999422937801,227.10025024414062
2024-08-30,227.10025024414062,228.4886300006117,225.59285569982603,228.28038060324323,52990800,-0.00343799262744926,219.98970794677734,219.5827471923828,222.5016570446798,61.71458095975815,0.014467766863810943,220.92193603515625
2024-09-03,220.92193603515625,227.10024860517055,219.33520335446548,226.65398476754012,50190600,-0.027205228538244586,220.67110443115234,219.8905694580078,222.35120742472517,49.469864882743956,0.010961579492526352,219.0178680419922
2024-09-04,219.0178680419922,219.94014563997789,215.67581475954933,219.82114598403248,43840200,-0.008618736678376093,221.35833587646485,220.14743347167968,222.03374653113156,46.41351850046033,0.010893804145932306,220.53518676757812
2024-09-05,220.53518676757812,223.60946073514918,219.6823205428289,219.79140861107143,36615400,0.006927830770843801,221.9931541442871,220.41621887207032,221.89102655365028,49.1116273072356,0.01071607417500596,218.9881591796875
2024-09-06,218.9881591796875,223.37149053776395,217.94686659835045,222.0921834677133,48423000,-0.0070148787164791004,222.37776870727538,220.57125427246095,221.61456299422525,46.538717554841426,0.0104363961766697,219.07737731933594
2024-09-09,219.07737731933594,219.4343914347755,214.91222272734436,218.98812757352732,67180000,0.00040741079327144547,222.621728515625,220.7112338256836,221.3729262632834,46.71210139231588,0.010055500118008725,218.2840118408203
2024-09-10,218.2840118408203,219.6426417511051,214.9320468059923,217.10388142289187,51591000,-0.0036213939030280695,222.749658203125,220.9042889404297,221.07874393733454,45.3050163411859,0.010007663242234593,220.8128662109375
2024-09-11,220.8128662109375,221.2392917639212,216.08243282408242,219.6228241682371,44587100,0.01158515618615863,222.8185821533203,221.02647857666017,221.05342224910623,50.43056239612556,0.009589212142933854,220.92193603515625
2024-09-12,220.92193603515625,221.69546405563682,217.99641184157417,220.65417167969628,37455600,0.0004939468704443506,222.87064590454102,221.0811148071289,221.0408997525396,50.64538791155073,0.00958122010533607,220.6541748046875
2024-09-13,220.6541748046875,222.18139254741286,220.06907298412548,221.72521710949164,36766600,-0.001212017399784826,222.76056594848632,221.10503723144532,221.0040688051251,50.071678745867345,0.009061136422303079,214.5254669189453
2024-09-16,214.5254669189453,215.4179946756504,212.14536768072225,214.74362792854853,59357400,-0.027775173033399603,222.2781021118164,220.91149017333984,220.3870591016794,39.14212960174634,0.010782173339917586,214.99154663085938
2024-09-17,214.99154663085938,215.1006346980314,212.72055067344832,213.96018092212807,45519300,0.0021726078428261353,221.82687530517578,220.6979443359375,219.8732007711251,40.21095719192154,0.010821499804903597,218.8592071533203
2024-09-18,218.8592071533203,220.86245391858552,215.7353297749969,215.7452565018275,59894900,0.017989826033028677,221.53828964233398,220.54471435546876,219.7766299503818,48.32188282320539,0.011676298721482459,226.97132873535156
2024-09-19,226.97132873535156,227.91345980340301,222.7665127356472,223.12352684243388,66781300,0.037065480075272106,221.66076431274413,220.46853881835938,220.46183935847412,60.44300647957765,0.014484614183272841,226.306884765625
2024-09-20,226.306884765625,231.1563174701668,225.73169454082358,228.0622053540531,318679900,-0.002927435696079894,221.84274139404297,220.48625213623046,221.01851034963136,59.21783377525206,0.014360680729202444,224.59124755859375
2024-09-23,224.59124755859375,227.54652178723228,223.9367191660146,225.4540253555904,54146000,-0.007581020828456242,221.82439498901368,220.41081420898436,221.35877103619922,56.058162598284156,0.014302173508003425,225.4837646484375
2024-09-24,225.4837646484375,227.44734973367454,223.85737047004787,226.75314473243895,43556100,0.003973962029000688,221.83381576538085,220.27675506591797,221.7516275706981,57.333577164834004,0.01432637453228566,224.4920654296875
2024-09-25,224.4920654296875,225.40443143928672,222.16156973744518,223.06400902085235,42308700,-0.00439809589083362,221.75150299072266,220.11454162597656,222.01262165250662,55.409144505323454,0.014334260001530597,225.63253784179688
2024-09-26,225.63253784179688,226.60440369502516,223.54004142995942,225.41436171300208,36636700,0.005080234840044273,221.8025764465332,220.09281585693358,222.35737557529617,57.188818245139764,0.01429664383099807,225.90029907226562
2024-09-27,225.90029907226562,227.6159582791164,225.41437368594384,226.56475422029098,34026000,0.0011867137294554464,221.70340576171876,220.16955810546875,222.69479686072182,57.6165178183961,0.013902501704705854,231.06707763671875
2024-09-30,231.06707763671875,231.06707763671875,227.74486252768645,228.13162655878588,54541900,0.022871942116376998,221.90174713134766,220.3470602416992,223.49215693462628,64.90286838370822,0.014809640969932472,224.33340454101562
2024-10-01,224.33340454101562,227.74485413807125,221.88389405688537,227.615942887257,63285000,-0.02914163785067525,222.07232055664062,220.3968228149414,223.5722757542824,52.286839333118486,0.01500853058001773,224.898681640625
2024-10-02,224.898681640625,225.48378349827837,221.16987922367838,224.0160654907427,32880600,0.002519807965139842,222.36636123657226,220.4370895385742,223.69860012441026,53.11083575900516,0.014843524384460417,223.79786682128906
2024-10-03,223.79786682128906,224.92840891217833,221.4673712198949,223.27226484855484,34044200,-0.004894714416756707,222.5294952392578,220.58351806640624,223.70805409554157,51.25449929440342,0.01484847184869203,224.91851806640625
2024-10-04,224.91851806640625,226.10856009308668,222.27066963907552,226.00938361911108,37245100,0.005007425946611299,222.82601318359374,220.77316040039062,223.82333637848106,53.053445505530945,0.014756853743248604,219.85089111328125
2024-10-07,219.85089111328125,223.81770763530983,219.49387702101052,222.63757729885364,39505400,-0.022530945858485585,222.86468887329102,220.85213958740235,223.44500825798582,44.97112234020631,0.015702444412406483,223.89706420898438
2024-10-08,223.89706420898438,224.10531361949606,221.3979653574062,222.43925780658088,31855700,0.01840416964067826,223.1453414916992,221.00649505615235,223.48806120569995,51.34462206924451,0.01617859840462406,227.6357879638672
2024-10-09,227.6357879638672,227.84405251552317,222.96486939830248,223.36154504729694,33591100,0.016698404546265477,223.4864875793457,221.22453033447266,223.8830828017159,56.3727753178229,0.01638716846717519,227.13990783691406
2024-10-10,227.13990783691406,227.59609839600836,225.2854259515482,225.8903660776275,28183500,-0.0021783926481359073,223.7973861694336,221.36766754150392,224.19325661459192,55.552761226745034,0.01640797384572122,225.6623077392578
2024-10-11,225.6623077392578,227.5068782710055,225.45404318616428,227.39779019694814,31759200,-0.006505242129080879,224.04779281616212,221.55495056152344,224.33316624551247,53.075287022583936,0.016496752058209132,229.38119506835938
2024-10-14,229.38119506835938,229.80762063057296,226.70359663127624,226.80275797652766,39882100,0.016479878125675196,224.79057922363282,221.78689453125,224.8139308953074,58.13572242403254,0.015324746039110161,231.91004943847656
2024-10-15,231.91004943847656,235.51985237359267,230.4423162246621,231.67203496624026,64751400,0.011024680420570476,225.63650436401366,222.2792153930664,225.48975170894258,61.199904303500226,0.01541304256036494,229.85719299316406
2024-10-16,229.85719299316406,230.19436878170097,227.93328446814013,229.67869350471682,34082200,-0.00885195122110094,226.18640365600587,222.77089447021484,225.90569849791603,57.51942071150449,0.015290399574690123,230.22413635253906
2024-10-17,230.22413635253906,231.91004568892726,228.6076687095473,231.49351658619665,32993800,0.0015963971133412524,226.34904403686522,223.21860076904298,226.31697829359442,58.00557145484518,0.012957204683375433,233.0504913330078
2024-10-18,233.0504913330078,234.2206950473064,232.0686987091599,234.2206950473064,46431500,0.012276536358206913,226.68622436523438,223.65369323730468,226.95826524972904,61.64639072330066,0.013171750263143756,234.51820373535156
2024-10-21,234.51820373535156,234.88514457730523,232.5050454306036,232.5050454306036,36254500,0.006297830113760838,227.18257217407228,224.06009368896486,227.6782593912169,63.41996936676977,0.013030101523553885,233.9033203125
2024-10-22,233.9033203125,234.26033437956457,230.67037052289513,231.9496621027581,38846600,-0.002621900616062378,227.6035499572754,224.42365173339843,228.27112233610103,62.12386731412324,0.013067478162809787,228.8456573486328
2024-10-23,228.8456573486328,233.18932661738793,225.87054472777703,232.13812257917175,52287000,-0.021622878021184344,227.82122955322265,224.61187713623048,228.32583995634215,52.601348631938826,0.014037166839832207,228.65725708007812
2024-10-24,228.65725708007812,228.9051831435476,226.51517225997247,228.0721400698136,31109500,-0.0008232634638448699,227.97246551513672,224.7874090576172,228.35740349193605,52.27987584651195,0.014010108471807687,229.49026489257812
2024-10-25,229.49026489257812,231.28524701350278,227.665532857223,227.83412074973037,38802300,0.0036430412187105077,228.15196380615234,224.92009887695312,228.46529505390194,53.62928414003812,0.01402480803344404,231.4637451171875
2024-10-28,231.4637451171875,232.78271346714027,230.62080565968694,231.38442210065006,36087100,0.00859940714928853,228.1717971801758,225.06587890625,228.7508617265958,56.749611845816474,0.013184995930171755,231.73150634765625
2024-10-29,231.73150634765625,232.38603471678388,230.39271482775456,231.1662428522856,35417200,0.0011568171522204906,228.5417022705078,225.22018737792968,229.03473264288726,57.17072300440213,0.011236713443983448,228.1911163330078
2024-10-30,228.1911163330078,231.5331542618632,227.64567605904836,230.68028814227299,47070900,-0.015277983000451134,228.70632400512696,225.2913912963867,228.95438823242256,50.2095677757175,0.011854766680253625,224.035888671875
2024-10-31,224.035888671875,227.92336713292326,223.5003599556127,227.43742665071557,64370100,-0.018209419051480213,228.71822509765624,225.28167236328125,228.4859597028466,43.512962698673526,0.012544814803559505,221.06077575683594
2024-11-01,221.06077575683594,223.4805363045207,218.44267740554844,219.1368672842602,65276700,-0.01327962645929659,228.52533798217775,225.249541015625,227.77879932703607,39.45537687700081,0.012833580134374457,220.16822814941406
2024-11-04,220.16822814941406,220.94175615916865,217.88732075932978,219.15670083339904,44944500,-0.004037566612014709,228.54120483398438,225.1537420654297,227.05398302440543,38.30145359338201,0.011809792492751693,221.5962677001953
2024-11-05,221.5962677001953,222.0921197268828,219.30543375805163,219.9599620650078,28111300,0.00648612909675661,228.42616500854493,225.0797604370117,226.5342006125759,41.26142603782918,0.011120174255452213,220.87234497070312
2024-11-06,220.87234497070312,224.19455985797964,219.3550388628842,220.76325691115125,54561100,-0.0032668543428340246,228.0879928588867,224.97444091796876,225.99497626573086,40.208336018792956,0.010369859817056598,225.59286499023438
2024-11-07,225.59286499023438,225.9895557457087,222.7070172967094,222.7665171269793,42137700,0.02137216417998089,228.01064071655273,224.99407684326172,225.95667995377883,49.2958853500057,0.01155309111435911,225.32479858398438
2024-11-08,225.32479858398438,227.0125473442273,224.7787582103861,225.5332770864524,38328800,-0.001188275197717803,227.99376525878907,224.94289855957032,225.89650077570317,48.84190612632966,0.011463082491057961,222.6144561767578
2024-11-11,222.6144561767578,224.07386628495595,219.9041296110407,223.3789126974454,42005600,-0.01202860237425818,227.655428314209,224.85318267822265,225.58392509961314,44.39064368049329,0.011070119734567056,222.6144561767578
2024-11-12,222.6144561767578,223.964658210572,221.750729228627,222.93215790182094,40398300,0.0,227.19064865112304,224.88703308105468,225.30111853553169,44.39064368049329,0.010684669026410121,223.498046875
2024-11-13,223.498046875,225.01702229393592,221.15504963584843,222.39604361529624,48566200,0.003969152378588525,226.87269134521483,224.97663665771483,225.12939742500487,46.242989407718525,0.010635742457219542,226.5757293701172
2024-11-14,226.5757293701172,227.2210402122622,223.3789275067786,223.3987876531247,44923900,0.013770511814980235,226.69027099609374,225.09744750976563,225.26714332453938,52.21380909362664,0.01114910773020213,223.37893676757812
2024-11-15,223.37893676757812,225.28510187679902,222.65420045885568,224.76884409236825,47923700,-0.014109157284525442,226.20669326782226,225.18526306152344,225.0873141286383,46.44349952242319,0.01108883631732421,226.377197265625
2024-11-18,226.377197265625,228.08480645929455,223.5477244921184,223.6271499370396,44633700,0.013422306245313154,225.79964294433594,225.33125946044922,225.21016014168464,51.82134136081541,0.011478980939590943,226.63531494140625
2024-11-19,226.63531494140625,228.501774994788,225.02699136706502,225.34467799276683,36211800,0.0011402105817150954,225.43624267578124,225.49828552246095,225.34588917022955,52.26572618616504,0.011493933390320258,227.35009765625
2024-11-20,227.35009765625,228.2733899080337,224.2625040209905,226.4168677573381,35169600,0.0031538893884588415,225.3614646911621,225.62903015136717,225.53676616889817,53.54360881117999,0.010505229336851017,226.87356567382812
2024-11-21,226.87356567382812,228.50174921258224,224.08381355701644,227.2309725554499,42108300,-0.00209602717278079,225.27228012084962,225.7480627441406,225.6640804074629,52.53388440299873,0.010512575601367978,228.21383666992188
2024-11-22,228.21383666992188,229.05771868234922,226.4168797117104,226.4168797117104,38168300,0.005907567909522848,225.2084587097168,225.89925598144532,225.9069143372209,55.0986063355862,0.010569761231638905,231.19223022460938
2024-11-25,231.19223022460938,231.5694972757357,228.08479132337303,229.79240040372403,90152800,0.013050889455906711,225.19488296508788,226.2325912475586,226.41027775506743,60.23996077516452,0.010809528758104633,233.366455078125
2024-11-26,233.366455078125,233.87279036398945,231.6489234928732,231.6489234928732,45986200,0.009404402783792953,225.27663040161133,226.60008941650392,227.07277083345386,63.52347038930624,0.011011545232825385,233.2373809814453
2024-11-27,233.2373809814453,233.99191506726265,232.12545514826604,232.78070364946953,33498400,-0.0005530961878666973,225.5289436340332,226.88765289306642,227.65987656183398,63.189845759250694,0.01038173003617057,235.6201171875
2024-11-29,235.6201171875,236.09665470361549,232.28432427698263,233.11826871739834,28481400,0.010215927635734534,226.10815505981446,227.06062866210937,228.4179947166593,66.66987130953034,0.009500941182142918,237.8638153076172
2024-12-02,237.8638153076172,239.0551666028684,235.45133007089746,235.5605381566453,48137100,0.009522523572686792,226.94830703735352,227.29176727294922,229.3175966777029,69.5857230312886,0.008844773729210224,240.90176391601562
2024-12-03,240.90176391601562,241.01097200063165,237.17878168890522,238.08222901174219,38861000,0.012771798032708892,227.9849838256836,227.61797760009765,230.42085070039937,73.02656961229683,0.008868755033580663,241.25917053222656
2024-12-04,241.25917053222656,242.35125137710352,239.51185632927692,241.12017980186528,44383900,0.0014836197560410547,228.96812896728517,227.93348571777344,231.45307163676387,73.40773200075787,0.00888172889338405,241.2889404296875
2024-12-05,241.2889404296875,242.77813324010052,240.3855083044983,242.23210799536452,40033900,0.0001233938481810526,229.98895874023438,228.26942321777344,232.38982104561373,73.44139699304026,0.008761303858460506,241.0904083251953
2024-12-06,241.0904083251953,242.86752040520184,240.33588934668637,241.1599112680226,36870600,-0.0008227981943086382,230.76383590698242,228.5785806274414,233.2184484055739,72.77968138117437,0.00786732060979658,244.9722442626953
2024-12-09,244.9722442626953,245.4587194212017,240.00826768189094,240.08769312504634,44649200,0.01610116289762953,231.74620819091797,228.96001953125,234.33785753482354,77.12047022033605,0.00828063979846468,245.98487854003906
2024-12-10,245.98487854003906,246.4217108653419,243.57237825215392,245.11121388943334,36914800,0.004133669430149256,232.91472930908202,229.2583755493164,235.44709763055835,78.10151678463856,0.007347379078334918,244.71409606933594
2024-12-11,244.71409606933594,248.9930409884295,244.48574226451257,246.17350623578653,45205800,-0.005166099958035741,234.01971130371095,229.6659893798828,236.3296689104419,73.82351909976418,0.00761928142237503,246.17352294921875
2024-12-12,246.17352294921875,246.9479020514793,243.9099357862414,245.11122473397327,32777500,0.0059638038973828245,235.1534851074219,230.0914862060547,237.26717881889684,75.48433166878146,0.007621284809973626,246.34230041503906
2024-12-13,246.34230041503906,247.4939314395242,244.46591792091505,246.03453629863122,33155300,0.0006856036498088525,236.14181365966797,230.5423748779297,238.13147611376755,75.6765309157561,0.007374740627580925,249.23129272460938
2024-12-16,249.23129272460938,249.56885459541954,245.86571770543418,246.20327957624434,51694800,0.011727552696808141,237.43443145751954,231.02863037109375,239.18860150527627,78.74786536241552,0.006158217999284011,251.65374755859375
2024-12-17,251.65374755859375,252.00123197197036,247.98040799068028,248.27824960945253,51356400,0.009719705770097953,238.69825897216796,231.6646875,240.37575827225888,80.92308774550216,0.005960262723901918,246.26284790039062
2024-12-18,246.26284790039062,252.44795764195715,245.95508381781758,250.3432367039591,56774100,-0.021421893019685445,239.67963562011718,232.11200317382813,240.9364334749381,64.98298828671095,0.008420927642191935,247.99034118652344
2024-12-19,247.99034118652344,250.18442555229956,245.3097967996626,245.71684652457995,60882300,0.0070148351684438115,240.71164779663087,232.51909423828124,241.6082342093748,67.21181239094676,0.0084400314231208,252.65647888183594
2024-12-20,252.65647888183594,253.16279902630112,243.919877297432,246.2529371403228,147495300,0.018815804167965133,242.00079345703125,233.02942565917968,242.66044798770446,72.33413406660107,0.008878384418618835,253.43087768554688
2024-12-23,253.43087768554688,253.80812962394884,251.62398284537375,252.93448000183187,40858800,0.00306502650214302,243.2616455078125,233.58479705810547,243.68620319702276,73.0856280250159,0.008893142811367466,256.33978271484375
2024-12-24,256.33978271484375,256.34969006633503,253.4507293352449,253.64930053302467,23234700,0.011478100284631365,244.5190231323242,234.12396881103516,244.8913060082438,75.7502634795209,0.008827632824812562,257.15380859375
2024-12-26,257.15380859375,258.2260444048055,255.77383898408218,256.32980188696064,27237100,0.0031755737259548944,245.70839080810546,234.62884399414062,246.05916339733963,76.45282713051397,0.008781739884934196,253.74851989746094
2024-12-27,253.74851989746094,256.8361287043752,251.2367492695516,255.9723714358678,42355300,-0.01324222540164166,246.73394775390625,235.10667053222656,246.79148306401785,67.6262132229011,0.009615385016737909,250.3829803466797
2024-12-30,250.3829803466797,251.67361731138075,248.9434301413362,250.41276299480816,35557500,-0.013263287415986702,247.47209091186522,235.50984741210937,247.13353042427138,60.22560829064407,0.010262415969784834,248.6157989501953
